dataset	subject	session	task	run	n_volumes	tr_seconds	duration_sec	in_timeseries	match_level	in_qc
emotion-videos	01	001	emotion	1	190	2.65	503.5	False	unmatched	False
emotion-videos	01	001	emotion	2	190	2.65	503.5	False	unmatched	False
emotion-videos	01	001	emotion	3	190	2.65	503.5	False	unmatched	False
emotion-videos	01	001	emotion	4	190	2.65	503.5	False	unmatched	False
emotion-videos	01	001	emotion	5	190	2.65	503.5	False	unmatched	False
emotion-videos	01	001	emotion	6	190	2.65	503.5	False	unmatched	False
emotion-videos	01	002	emotion	1	190	2.65	503.5	False	unmatched	False
emotion-videos	01	003	emotion	1	190	2.65	503.5	False	unmatched	False
emotion-videos	01	003	emotion	2	190	2.65	503.5	False	unmatched	False
emotion-videos	01	003	emotion	3	190	2.65	503.5	False	unmatched	False
emotion-videos	01	003	emotion	4	190	2.65	503.5	False	unmatched	False
emotion-videos	01	003	emotion	5	190	2.65	503.5	False	unmatched	False
emotion-videos	01	003	emotion	6	190	2.65	503.5	False	unmatched	False
emotion-videos	01	004	emotion	1	190	2.65	503.5	False	unmatched	False
emotion-videos	01	004	emotion	2	190	2.65	503.5	False	unmatched	False
emotion-videos	01	004	emotion	3	190	2.65	503.5	False	unmatched	False
emotion-videos	01	004	emotion	4	190	2.65	503.5	False	unmatched	False
emotion-videos	01	004	emotion	5	190	2.65	503.5	False	unmatched	False
emotion-videos	01	004	emotion	6	190	2.65	503.5	False	unmatched	False
emotion-videos	01	005	emotion	1	190	2.65	503.5	False	unmatched	False
emotion-videos	01	005	emotion	2	190	2.65	503.5	False	unmatched	False
emotion-videos	01	005	emotion	3	190	2.65	503.5	False	unmatched	False
emotion-videos	01	005	emotion	4	190	2.65	503.5	False	unmatched	False
emotion-videos	01	005	emotion	5	190	2.65	503.5	False	unmatched	False
emotion-videos	01	005	emotion	6	190	2.65	503.5	False	unmatched	False
emotion-videos	01	006	emotion	1	190	2.65	503.5	False	unmatched	False
emotion-videos	01	006	emotion	2	190	2.65	503.5	False	unmatched	False
emotion-videos	01	006	emotion	3	190	2.65	503.5	False	unmatched	False
emotion-videos	01	006	emotion	4	190	2.65	503.5	False	unmatched	False
emotion-videos	01	006	emotion	5	190	2.65	503.5	False	unmatched	False
emotion-videos	01	006	emotion	6	190	2.65	503.5	False	unmatched	False
emotion-videos	01	007	emotion	1	190	2.65	503.5	False	unmatched	False
emotion-videos	01	007	emotion	2	190	2.65	503.5	False	unmatched	False
emotion-videos	01	007	emotion	3	190	2.65	503.5	False	unmatched	False
emotion-videos	01	007	emotion	4	190	2.65	503.5	False	unmatched	False
emotion-videos	01	007	emotion	5	190	2.65	503.5	False	unmatched	False
emotion-videos	02	001	emotion	1	190	2.65	503.5	False	unmatched	False
emotion-videos	02	001	emotion	2	190	2.65	503.5	False	unmatched	False
emotion-videos	02	001	emotion	3	190	2.65	503.5	False	unmatched	False
emotion-videos	02	001	emotion	4	190	2.65	503.5	False	unmatched	False
emotion-videos	02	001	emotion	5	190	2.65	503.5	False	unmatched	False
emotion-videos	02	001	emotion	6	190	2.65	503.5	False	unmatched	False
emotion-videos	02	002	emotion	1	190	2.65	503.5	False	unmatched	False
emotion-videos	02	002	emotion	2	190	2.65	503.5	False	unmatched	False
emotion-videos	02	002	emotion	3	190	2.65	503.5	False	unmatched	False
emotion-videos	02	002	emotion	4	190	2.65	503.5	False	unmatched	False
emotion-videos	02	002	emotion	5	190	2.65	503.5	False	unmatched	False
emotion-videos	02	002	emotion	6	190	2.65	503.5	False	unmatched	False
emotion-videos	02	003	emotion	1	190	2.65	503.5	False	unmatched	False
emotion-videos	02	004	emotion	1	190	2.65	503.5	False	unmatched	False
emotion-videos	02	004	emotion	2	190	2.65	503.5	False	unmatched	False
emotion-videos	02	004	emotion	3	190	2.65	503.5	False	unmatched	False
emotion-videos	02	004	emotion	4	190	2.65	503.5	False	unmatched	False
emotion-videos	02	004	emotion	5	190	2.65	503.5	False	unmatched	False
emotion-videos	02	004	emotion	6	190	2.65	503.5	False	unmatched	False
emotion-videos	02	005	emotion	1	190	2.65	503.5	False	unmatched	False
emotion-videos	02	005	emotion	2	190	2.65	503.5	False	unmatched	False
emotion-videos	02	005	emotion	3	190	2.65	503.5	False	unmatched	False
emotion-videos	02	005	emotion	4	190	2.65	503.5	False	unmatched	False
emotion-videos	02	005	emotion	5	190	2.65	503.5	False	unmatched	False
emotion-videos	02	005	emotion	6	190	2.65	503.5	False	unmatched	False
emotion-videos	02	006	emotion	1	190	2.65	503.5	False	unmatched	False
emotion-videos	02	006	emotion	2	190	2.65	503.5	False	unmatched	False
emotion-videos	02	006	emotion	3	190	2.65	503.5	False	unmatched	False
emotion-videos	02	006	emotion	4	190	2.65	503.5	False	unmatched	False
emotion-videos	02	006	emotion	5	190	2.65	503.5	False	unmatched	False
emotion-videos	02	006	emotion	6	190	2.65	503.5	False	unmatched	False
emotion-videos	02	007	emotion	1	190	2.65	503.5	False	unmatched	False
emotion-videos	02	007	emotion	2	190	2.65	503.5	False	unmatched	False
emotion-videos	02	007	emotion	3	190	2.65	503.5	False	unmatched	False
emotion-videos	02	007	emotion	4	190	2.65	503.5	False	unmatched	False
emotion-videos	02	007	emotion	5	190	2.65	503.5	False	unmatched	False
emotion-videos	03	001	emotion	1	190	2.65	503.5	False	unmatched	False
emotion-videos	03	001	emotion	2	190	2.65	503.5	False	unmatched	False
emotion-videos	03	001	emotion	3	190	2.65	503.5	False	unmatched	False
emotion-videos	03	002	emotion	1	190	2.65	503.5	False	unmatched	False
emotion-videos	03	002	emotion	2	190	2.65	503.5	False	unmatched	False
emotion-videos	03	002	emotion	3	190	2.65	503.5	False	unmatched	False
emotion-videos	03	002	emotion	4	190	2.65	503.5	False	unmatched	False
emotion-videos	03	002	emotion	5	190	2.65	503.5	False	unmatched	False
emotion-videos	03	002	emotion	6	190	2.65	503.5	False	unmatched	False
emotion-videos	03	003	emotion	1	190	2.65	503.5	False	unmatched	False
emotion-videos	03	003	emotion	2	190	2.65	503.5	False	unmatched	False
emotion-videos	03	003	emotion	3	190	2.65	503.5	False	unmatched	False
emotion-videos	03	003	emotion	4	190	2.65	503.5	False	unmatched	False
emotion-videos	03	003	emotion	5	190	2.65	503.5	False	unmatched	False
emotion-videos	03	003	emotion	6	190	2.65	503.5	False	unmatched	False
emotion-videos	03	004	emotion	1	190	2.65	503.5	False	unmatched	False
emotion-videos	03	004	emotion	2	190	2.65	503.5	False	unmatched	False
emotion-videos	03	004	emotion	3	190	2.65	503.5	False	unmatched	False
emotion-videos	03	004	emotion	4	190	2.65	503.5	False	unmatched	False
emotion-videos	03	004	emotion	5	190	2.65	503.5	False	unmatched	False
emotion-videos	03	004	emotion	6	190	2.65	503.5	False	unmatched	False
emotion-videos	03	005	emotion	1	190	2.65	503.5	False	unmatched	False
emotion-videos	03	005	emotion	2	190	2.65	503.5	False	unmatched	False
emotion-videos	03	005	emotion	3	190	2.65	503.5	False	unmatched	False
emotion-videos	03	005	emotion	4	190	2.65	503.5	False	unmatched	False
emotion-videos	03	005	emotion	5	190	2.65	503.5	False	unmatched	False
emotion-videos	03	005	emotion	6	190	2.65	503.5	False	unmatched	False
emotion-videos	03	006	emotion	1	190	2.65	503.5	False	unmatched	False
emotion-videos	03	006	emotion	2	190	2.65	503.5	False	unmatched	False
emotion-videos	03	006	emotion	3	190	2.65	503.5	False	unmatched	False
emotion-videos	03	006	emotion	4	190	2.65	503.5	False	unmatched	False
emotion-videos	03	006	emotion	5	190	2.65	503.5	False	unmatched	False
emotion-videos	03	006	emotion	6	190	2.65	503.5	False	unmatched	False
emotion-videos	03	007	emotion	1	190	2.65	503.5	False	unmatched	False
emotion-videos	03	007	emotion	2	190	2.65	503.5	False	unmatched	False
emotion-videos	03	007	emotion	3	190	2.65	503.5	False	unmatched	False
emotion-videos	03	007	emotion	4	190	2.65	503.5	False	unmatched	False
emotion-videos	03	007	emotion	5	190	2.65	503.5	False	unmatched	False
emotion-videos	03	007	emotion	6	190	2.65	503.5	False	unmatched	False
emotion-videos	05	001	emotion	1	190	2.65	503.5	False	unmatched	False
emotion-videos	05	001	emotion	2	190	2.65	503.5	False	unmatched	False
emotion-videos	05	001	emotion	3	190	2.65	503.5	False	unmatched	False
emotion-videos	05	001	emotion	4	190	2.65	503.5	False	unmatched	False
emotion-videos	05	001	emotion	5	190	2.65	503.5	False	unmatched	False
emotion-videos	05	001	emotion	6	190	2.65	503.5	False	unmatched	False
emotion-videos	05	002	emotion	1	190	2.65	503.5	False	unmatched	False
emotion-videos	05	002	emotion	2	190	2.65	503.5	False	unmatched	False
emotion-videos	05	002	emotion	3	190	2.65	503.5	False	unmatched	False
emotion-videos	05	002	emotion	4	190	2.65	503.5	False	unmatched	False
emotion-videos	05	003	emotion	1	190	2.65	503.5	False	unmatched	False
emotion-videos	05	003	emotion	2	190	2.65	503.5	False	unmatched	False
emotion-videos	05	003	emotion	3	190	2.65	503.5	False	unmatched	False
emotion-videos	05	003	emotion	4	190	2.65	503.5	False	unmatched	False
emotion-videos	05	003	emotion	5	190	2.65	503.5	False	unmatched	False
emotion-videos	05	003	emotion	6	190	2.65	503.5	False	unmatched	False
emotion-videos	05	004	emotion	1	190	2.65	503.5	False	unmatched	False
emotion-videos	05	004	emotion	2	190	2.65	503.5	False	unmatched	False
emotion-videos	05	004	emotion	3	190	2.65	503.5	False	unmatched	False
emotion-videos	05	004	emotion	4	190	2.65	503.5	False	unmatched	False
emotion-videos	05	004	emotion	5	190	2.65	503.5	False	unmatched	False
emotion-videos	05	004	emotion	6	190	2.65	503.5	False	unmatched	False
emotion-videos	05	005	emotion	1	190	2.65	503.5	False	unmatched	False
emotion-videos	05	005	emotion	2	190	2.65	503.5	False	unmatched	False
emotion-videos	05	005	emotion	3	190	2.65	503.5	False	unmatched	False
emotion-videos	05	005	emotion	4	190	2.65	503.5	False	unmatched	False
emotion-videos	05	005	emotion	5	190	2.65	503.5	False	unmatched	False
emotion-videos	05	005	emotion	6	190	2.65	503.5	False	unmatched	False
emotion-videos	05	005	emotion	7	190	2.65	503.5	False	unmatched	False
emotion-videos	05	005	emotion	8	190	2.65	503.5	False	unmatched	False
emotion-videos	05	006	emotion	1	190	2.65	503.5	False	unmatched	False
emotion-videos	05	006	emotion	2	190	2.65	503.5	False	unmatched	False
emotion-videos	05	006	emotion	3	190	2.65	503.5	False	unmatched	False
emotion-videos	05	006	emotion	4	190	2.65	503.5	False	unmatched	False
emotion-videos	05	006	emotion	5	190	2.65	503.5	False	unmatched	False
emotion-videos	05	006	emotion	6	190	2.65	503.5	False	unmatched	False
emotion-videos	05	006	emotion	7	190	2.65	503.5	False	unmatched	False
emotion-videos	05	006	emotion	8	190	2.65	503.5	False	unmatched	False
emotion-videos	06	001	emotion	1	190	2.65	503.5	False	unmatched	False
emotion-videos	06	001	emotion	2	190	2.65	503.5	False	unmatched	False
emotion-videos	06	001	emotion	3	190	2.65	503.5	False	unmatched	False
emotion-videos	06	001	emotion	4	190	2.65	503.5	False	unmatched	False
emotion-videos	06	001	emotion	5	190	2.65	503.5	False	unmatched	False
emotion-videos	06	001	emotion	6	190	2.65	503.5	False	unmatched	False
emotion-videos	06	002	emotion	1	190	2.65	503.5	False	unmatched	False
emotion-videos	06	002	emotion	2	190	2.65	503.5	False	unmatched	False
emotion-videos	06	002	emotion	3	190	2.65	503.5	False	unmatched	False
emotion-videos	06	002	emotion	4	190	2.65	503.5	False	unmatched	False
emotion-videos	06	002	emotion	5	190	2.65	503.5	False	unmatched	False
emotion-videos	06	002	emotion	6	190	2.65	503.5	False	unmatched	False
emotion-videos	06	003	emotion	1	190	2.65	503.5	False	unmatched	False
emotion-videos	06	003	emotion	2	190	2.65	503.5	False	unmatched	False
emotion-videos	06	003	emotion	3	190	2.65	503.5	False	unmatched	False
emotion-videos	06	003	emotion	4	190	2.65	503.5	False	unmatched	False
emotion-videos	06	003	emotion	5	190	2.65	503.5	False	unmatched	False
emotion-videos	06	003	emotion	6	190	2.65	503.5	False	unmatched	False
emotion-videos	06	004	emotion	1	190	2.65	503.5	False	unmatched	False
emotion-videos	06	004	emotion	2	190	2.65	503.5	False	unmatched	False
emotion-videos	06	004	emotion	3	190	2.65	503.5	False	unmatched	False
emotion-videos	06	004	emotion	4	190	2.65	503.5	False	unmatched	False
emotion-videos	06	004	emotion	5	190	2.65	503.5	False	unmatched	False
emotion-videos	06	004	emotion	6	190	2.65	503.5	False	unmatched	False
emotion-videos	06	005	emotion	1	190	2.65	503.5	False	unmatched	False
emotion-videos	06	005	emotion	2	190	2.65	503.5	False	unmatched	False
emotion-videos	06	005	emotion	3	190	2.65	503.5	False	unmatched	False
emotion-videos	06	005	emotion	4	190	2.65	503.5	False	unmatched	False
emotion-videos	06	005	emotion	5	190	2.65	503.5	False	unmatched	False
emotion-videos	06	005	emotion	6	190	2.65	503.5	False	unmatched	False
emotion-videos	06	006	emotion	1	190	2.65	503.5	False	unmatched	False
emotion-videos	06	006	emotion	2	190	2.65	503.5	False	unmatched	False
emotion-videos	06	006	emotion	3	190	2.65	503.5	False	unmatched	False
emotion-videos	06	006	emotion	4	190	2.65	503.5	False	unmatched	False
emotion-videos	06	006	emotion	5	190	2.65	503.5	False	unmatched	False
emotion-videos	06	006	emotion	6	190	2.65	503.5	False	unmatched	False
floc	01	001	fLoc	1	155	1.49	230.95	True	exact	True
floc	01	001	fLoc	2	155	1.49	230.95	True	exact	True
floc	01	002	fLoc	1	155	1.49	230.95	True	exact	True
floc	01	002	fLoc	2	155	1.49	230.95	True	exact	True
floc	01	003	fLoc	1	155	1.49	230.95	True	exact	True
floc	01	003	fLoc	2	155	1.49	230.95	True	exact	True
floc	01	004	fLoc	1	155	1.49	230.95	True	exact	True
floc	01	004	fLoc	2	155	1.49	230.95	True	exact	True
floc	01	005	fLoc	1	155	1.49	230.95	True	exact	True
floc	01	005	fLoc	2	155	1.49	230.95	True	exact	True
floc	01	006	fLoc	1	155	1.49	230.95	True	exact	True
floc	01	006	fLoc	2	155	1.49	230.95	True	exact	True
floc	02	001	fLoc	1	155	1.49	230.95	False	unmatched	False
floc	02	001	fLoc	2	155	1.49	230.95	False	unmatched	False
floc	02	003	fLoc	1	155	1.49	230.95	True	exact	True
floc	02	003	fLoc	2	155	1.49	230.95	True	exact	True
floc	02	004	fLoc	1	155	1.49	230.95	True	exact	True
floc	02	004	fLoc	2	155	1.49	230.95	True	exact	True
floc	02	005	fLoc	1	155	1.49	230.95	True	exact	True
floc	02	005	fLoc	2	155	1.49	230.95	True	exact	True
floc	02	006	fLoc	1	155	1.49	230.95	True	exact	True
floc	02	006	fLoc	2	155	1.49	230.95	True	exact	True
floc	02	007	fLoc	1	155	1.49	230.95	True	exact	True
floc	02	007	fLoc	2	155	1.49	230.95	True	exact	True
floc	03	001	fLoc	1	161	1.49	239.89	False	unmatched	False
floc	03	001	fLoc	2	161	1.49	239.89	False	unmatched	False
floc	03	002	fLoc	1	155	1.49	230.95	True	exact	True
floc	03	002	fLoc	2	155	1.49	230.95	True	exact	True
floc	03	003	fLoc	1	155	1.49	230.95	True	exact	True
floc	03	003	fLoc	2	155	1.49	230.95	True	exact	True
floc	03	004	fLoc	1	155	1.49	230.95	True	exact	True
floc	03	004	fLoc	2	155	1.49	230.95	True	exact	True
floc	03	005	fLoc	1	155	1.49	230.95	True	exact	True
floc	03	005	fLoc	2	155	1.49	230.95	True	exact	True
floc	03	006	fLoc	1	155	1.49	230.95	True	exact	True
floc	03	006	fLoc	2	155	1.49	230.95	True	exact	True
friends	01	001	s01e02a		482	1.49	718.18	True	exact	True
friends	01	001	s01e02b		482	1.49	718.18	True	exact	True
friends	01	001	s01e03a		472	1.49	703.28	True	exact	True
friends	01	001	s01e03b		472	1.49	703.28	True	exact	True
friends	01	002	s01e04a		503	1.49	749.47	True	exact	True
friends	01	002	s01e04b		503	1.49	749.47	True	exact	True
friends	01	002	s01e05a		468	1.49	697.32	True	exact	True
friends	01	002	s01e05b		468	1.49	697.32	True	exact	True
friends	01	003	s01e01a		592	1.49	882.08	True	exact	True
friends	01	003	s01e01b		592	1.49	882.08	True	exact	True
friends	01	003	s01e06a		488	1.49	727.12	True	exact	True
friends	01	003	s01e06b		488	1.49	727.12	True	exact	True
friends	01	004	s01e07a		493	1.49	734.57	True	exact	True
friends	01	004	s01e07b		493	1.49	734.57	True	exact	True
friends	01	004	s01e08a		476	1.49	709.24	True	exact	True
friends	01	004	s01e08b		476	1.49	709.24	True	exact	True
friends	01	004	s01e09a		468	1.49	697.32	True	exact	True
friends	01	004	s01e09b		468	1.49	697.32	True	exact	True
friends	01	005	s01e10a		496	1.49	739.04	True	exact	True
friends	01	005	s01e10b		496	1.49	739.04	True	exact	True
friends	01	005	s01e11a		477	1.49	710.73	True	exact	True
friends	01	005	s01e11b		477	1.49	710.73	True	exact	True
friends	01	006	s01e12a		472	1.49	703.28	True	exact	True
friends	01	006	s01e12b		471	1.49	701.79	True	exact	True
friends	01	006	s01e13a		468	1.49	697.32	True	exact	True
friends	01	006	s01e13b		468	1.49	697.32	True	exact	True
friends	01	006	s01e14a		491	1.49	731.59	True	exact	True
friends	01	006	s01e14b		491	1.49	731.59	True	exact	True
friends	01	007	s01e15a		477	1.49	710.73	True	exact	True
friends	01	007	s01e15b		477	1.49	710.73	True	exact	True
friends	01	007	s01e16a		483	1.49	719.67	True	exact	True
friends	01	007	s01e16b		483	1.49	719.67	True	exact	True
friends	01	007	s01e17a		483	1.49	719.67	True	exact	True
friends	01	007	s01e17b		483	1.49	719.67	True	exact	True
friends	01	008	s01e18a		497	1.49	740.53	True	exact	True
friends	01	008	s01e18b		497	1.49	740.53	True	exact	True
friends	01	008	s01e19a		460	1.49	685.4	True	exact	True
friends	01	008	s01e19b		460	1.49	685.4	True	exact	True
friends	01	009	s01e20a		460	1.49	685.4	True	exact	True
friends	01	009	s01e20b		460	1.49	685.4	True	exact	True
friends	01	009	s01e21a		477	1.49	710.73	True	exact	True
friends	01	009	s01e21b		477	1.49	710.73	True	exact	True
friends	01	009	s01e22a		474	1.49	706.26	True	exact	True
friends	01	009	s01e22b		474	1.49	706.26	True	exact	True
friends	01	010	s01e23a		462	1.49	688.38	True	exact	True
friends	01	010	s01e23b		462	1.49	688.38	True	exact	True
friends	01	010	s01e24a		515	1.49	767.35	True	exact	True
friends	01	010	s01e24b		515	1.49	767.35	True	exact	True
friends	01	010	s02e01a		477	1.49	710.73	True	exact	True
friends	01	010	s02e01b		477	1.49	710.73	True	exact	True
friends	01	011	s02e02a		450	1.49	670.5	True	exact	True
friends	01	011	s02e02b		450	1.49	670.5	True	exact	True
friends	01	011	s02e03a		464	1.49	691.36	True	exact	True
friends	01	011	s02e03b		464	1.49	691.36	True	exact	True
friends	01	011	s02e04a		454	1.49	676.46	True	exact	True
friends	01	011	s02e04b		454	1.49	676.46	True	exact	True
friends	01	011	s02e05a		455	1.49	677.95	True	exact	True
friends	01	011	s02e05b		455	1.49	677.95	True	exact	True
friends	01	012	s02e06a		500	1.49	745.0	True	exact	True
friends	01	012	s02e06b		500	1.49	745.0	True	exact	True
friends	01	012	s02e07a		496	1.49	739.04	True	exact	True
friends	01	012	s02e07b		496	1.49	739.04	True	exact	True
friends	01	013	s02e08a		458	1.49	682.42	True	exact	True
friends	01	013	s02e08b		458	1.49	682.42	True	exact	True
friends	01	013	s02e09a		452	1.49	673.48	True	exact	True
friends	01	013	s02e09b		452	1.49	673.48	True	exact	True
friends	01	013	s02e10a		479	1.49	713.71	True	exact	True
friends	01	013	s02e10b		479	1.49	713.71	True	exact	True
friends	01	014	s02e11a		488	1.49	727.12	True	exact	True
friends	01	014	s02e11b		488	1.49	727.12	True	exact	True
friends	01	014	s02e12a		488	1.49	727.12	True	exact	True
friends	01	014	s02e12b		488	1.49	727.12	True	exact	True
friends	01	014	s02e13a		488	1.49	727.12	True	exact	True
friends	01	014	s02e13b		488	1.49	727.12	True	exact	True
friends	01	015	s02e14a		474	1.49	706.26	True	exact	True
friends	01	015	s02e14b		474	1.49	706.26	True	exact	True
friends	01	015	s02e15a		466	1.49	694.34	True	exact	True
friends	01	015	s02e15b		466	1.49	694.34	True	exact	True
friends	01	016	s02e16a		478	1.49	712.22	True	exact	True
friends	01	016	s02e16b		478	1.49	712.22	True	exact	True
friends	01	016	s02e17a		489	1.49	728.61	True	exact	True
friends	01	016	s02e17b		489	1.49	728.61	True	exact	True
friends	01	017	s02e18a		460	1.49	685.4	True	exact	True
friends	01	017	s02e18b		460	1.49	685.4	True	exact	True
friends	01	017	s02e19a		478	1.49	712.22	True	exact	True
friends	01	017	s02e19b		478	1.49	712.22	True	exact	True
friends	01	017	s02e20a		449	1.49	669.01	True	exact	True
friends	01	017	s02e20b		449	1.49	669.01	True	exact	True
friends	01	017	s02e21a		470	1.49	700.3	True	exact	True
friends	01	017	s02e21b		470	1.49	700.3	True	exact	True
friends	01	017	s02e22a		453	1.49	674.97	True	exact	True
friends	01	017	s02e22b		453	1.49	674.97	True	exact	True
friends	01	018	s02e23a		456	1.49	679.4399999999999	True	exact	True
friends	01	018	s02e23b		456	1.49	679.4399999999999	True	exact	True
friends	01	018	s02e24a		469	1.49	698.81	True	exact	True
friends	01	018	s02e24b		469	1.49	698.81	True	exact	True
friends	01	019	s03e01a		491	1.49	731.59	True	exact	False
friends	01	019	s03e01b		491	1.49	731.59	True	exact	False
friends	01	019	s03e02a		475	1.49	707.75	True	exact	False
friends	01	019	s03e02b		475	1.49	707.75	True	exact	False
friends	01	019	s03e03a		454	1.49	676.46	True	exact	False
friends	01	019	s03e03b		454	1.49	676.46	True	exact	False
friends	01	020	s03e04a		473	1.49	704.77	True	exact	False
friends	01	020	s03e04b		473	1.49	704.77	True	exact	False
friends	01	020	s03e05a		484	1.49	721.16	True	exact	False
friends	01	020	s03e05b		484	1.49	721.16	True	exact	False
friends	01	020	s03e06a		470	1.49	700.3	True	exact	False
friends	01	020	s03e06b		470	1.49	700.3	True	exact	False
friends	01	021	s03e07a		467	1.49	695.83	True	exact	False
friends	01	021	s03e07b		467	1.49	695.83	True	exact	False
friends	01	021	s03e08a		460	1.49	685.4	True	exact	False
friends	01	021	s03e08b		460	1.49	685.4	True	exact	False
friends	01	021	s03e09a		493	1.49	734.57	True	exact	False
friends	01	021	s03e09b		493	1.49	734.57	True	exact	False
friends	01	022	s03e10a		451	1.49	671.99	True	exact	False
friends	01	022	s03e10b		451	1.49	671.99	True	exact	False
friends	01	022	s03e11a		457	1.49	680.93	True	exact	False
friends	01	022	s03e11b		456	1.49	679.4399999999999	True	exact	False
friends	01	022	s03e12a		464	1.49	691.36	True	exact	False
friends	01	022	s03e12b		464	1.49	691.36	True	exact	False
friends	01	023	s03e13a		474	1.49	706.26	True	exact	False
friends	01	023	s03e13b		473	1.49	704.77	True	exact	False
friends	01	023	s03e14a		458	1.49	682.42	True	exact	False
friends	01	023	s03e14b		458	1.49	682.42	True	exact	False
friends	01	024	s03e15a		458	1.49	682.42	True	exact	False
friends	01	024	s03e15b		458	1.49	682.42	True	exact	False
friends	01	024	s03e16a		468	1.49	697.32	True	exact	False
friends	01	024	s03e16b		468	1.49	697.32	True	exact	False
friends	01	024	s03e17a		454	1.49	676.46	True	exact	False
friends	01	024	s03e17b		453	1.49	674.97	True	exact	False
friends	01	025	s03e18a		469	1.49	698.81	True	exact	False
friends	01	025	s03e18b		469	1.49	698.81	True	exact	False
friends	01	025	s03e19a		468	1.49	697.32	True	exact	False
friends	01	025	s03e19b		468	1.49	697.32	True	exact	False
friends	01	025	s03e20a		464	1.49	691.36	True	exact	False
friends	01	025	s03e20b		464	1.49	691.36	True	exact	False
friends	01	026	s03e21a		460	1.49	685.4	True	exact	False
friends	01	026	s03e21b		460	1.49	685.4	True	exact	False
friends	01	026	s03e22a		463	1.49	689.87	True	exact	False
friends	01	026	s03e22b		463	1.49	689.87	True	exact	False
friends	01	027	s03e23a		470	1.49	700.3	True	exact	False
friends	01	027	s03e23b		470	1.49	700.3	True	exact	False
friends	01	027	s03e24a		454	1.49	676.46	True	exact	False
friends	01	027	s03e24b		454	1.49	676.46	True	exact	False
friends	01	027	s03e25a		479	1.49	713.71	True	exact	False
friends	01	027	s03e25b		479	1.49	713.71	True	exact	False
friends	01	027	s04e01a		468	1.49	697.32	True	exact	False
friends	01	027	s04e01b		468	1.49	697.32	True	exact	False
friends	01	027	s04e02a		478	1.49	712.22	True	exact	False
friends	01	027	s04e02b		478	1.49	712.22	True	exact	False
friends	01	028	s04e03a		445	1.49	663.05	True	exact	False
friends	01	028	s04e03b		445	1.49	663.05	True	exact	False
friends	01	028	s04e04a		453	1.49	674.97	True	exact	False
friends	01	028	s04e04b		453	1.49	674.97	True	exact	False
friends	01	028	s04e05a		471	1.49	701.79	True	exact	False
friends	01	028	s04e05b		471	1.49	701.79	True	exact	False
friends	01	028	s04e06a		465	1.49	692.85	True	exact	False
friends	01	028	s04e06b		465	1.49	692.85	True	exact	False
friends	01	028	s04e07a		497	1.49	740.53	True	exact	False
friends	01	028	s04e07b		497	1.49	740.53	True	exact	False
friends	01	029	s04e08a		503	1.49	749.47	True	exact	False
friends	01	029	s04e08b		503	1.49	749.47	True	exact	False
friends	01	029	s04e09a		441	1.49	657.09	True	exact	False
friends	01	029	s04e09b		441	1.49	657.09	True	exact	False
friends	01	029	s04e10a		449	1.49	669.01	True	exact	False
friends	01	029	s04e10b		449	1.49	669.01	True	exact	False
friends	01	029	s04e11a		483	1.49	719.67	True	exact	False
friends	01	029	s04e11b		483	1.49	719.67	True	exact	False
friends	01	030	s04e12a		466	1.49	694.34	True	exact	False
friends	01	030	s04e12b		466	1.49	694.34	True	exact	False
friends	01	030	s04e13a		448	1.49	667.52	True	exact	False
friends	01	030	s04e13b		448	1.49	667.52	True	exact	False
friends	01	030	s04e14a		447	1.49	666.03	True	exact	False
friends	01	030	s04e14b		447	1.49	666.03	True	exact	False
friends	01	031	s04e15a		444	1.49	661.56	True	exact	False
friends	01	031	s04e15b		444	1.49	661.56	True	exact	False
friends	01	031	s04e16a		487	1.49	725.63	True	exact	False
friends	01	031	s04e16b		487	1.49	725.63	True	exact	False
friends	01	031	s04e17a		478	1.49	712.22	True	exact	False
friends	01	031	s04e17b		478	1.49	712.22	True	exact	False
friends	01	032	s04e18a		450	1.49	670.5	True	exact	False
friends	01	032	s04e18b		450	1.49	670.5	True	exact	False
friends	01	032	s04e19a		437	1.49	651.13	True	exact	False
friends	01	032	s04e19b		437	1.49	651.13	True	exact	False
friends	01	033	s04e20a		447	1.49	666.03	True	exact	False
friends	01	033	s04e20b		447	1.49	666.03	True	exact	False
friends	01	034	s04e21a		448	1.49	667.52	True	exact	False
friends	01	034	s04e21b		448	1.49	667.52	True	exact	False
friends	01	034	s04e22a		459	1.49	683.91	True	exact	False
friends	01	034	s04e22b		459	1.49	683.91	True	exact	False
friends	01	035	s04e23a		505	1.49	752.45	True	exact	False
friends	01	035	s04e23b		504	1.49	750.96	True	exact	False
friends	01	035	s04e23c		504	1.49	750.96	True	exact	False
friends	01	035	s04e23d		504	1.49	750.96	True	exact	False
friends	01	036	s05e01a		439	1.49	654.11	True	exact	False
friends	01	036	s05e01b		474	1.49	706.26	True	exact	False
friends	01	036	s05e02a		495	1.49	737.55	True	exact	False
friends	01	036	s05e02b		531	1.49	791.1899999999999	True	exact	False
friends	01	037	s05e03a		444	1.49	661.56	True	exact	False
friends	01	037	s05e03b		474	1.49	706.26	True	exact	False
friends	01	037	s05e04a		488	1.49	727.12	True	exact	False
friends	01	037	s05e04b		524	1.49	780.76	True	exact	False
friends	01	041	s05e05a		486	1.49	724.14	True	exact	False
friends	01	041	s05e05b		521	1.49	776.29	True	exact	False
friends	01	041	s05e06a		459	1.49	683.91	True	exact	False
friends	01	041	s05e06b		493	1.49	734.57	True	exact	False
friends	01	042	s05e07a		459	1.49	683.91	True	exact	False
friends	01	042	s05e07b		493	1.49	734.57	True	exact	False
friends	01	043	s05e08a		446	1.49	664.54	True	exact	False
friends	01	043	s05e08b		480	1.49	715.2	True	exact	False
friends	01	044	s05e09a		456	1.49	679.4399999999999	True	exact	False
friends	01	044	s05e09b		490	1.49	730.1	True	exact	False
friends	01	044	s05e10a		450	1.49	670.5	True	exact	False
friends	01	044	s05e10b		484	1.49	721.16	True	exact	False
friends	01	045	s05e11a		476	1.49	709.24	True	exact	False
friends	01	045	s05e11b		511	1.49	761.39	True	exact	False
friends	01	045	s05e12a		445	1.49	663.05	True	exact	False
friends	01	045	s05e12b		480	1.49	715.2	True	exact	False
friends	01	046	s05e13a		460	1.49	685.4	True	exact	False
friends	01	046	s05e13b		494	1.49	736.06	True	exact	False
friends	01	046	s05e14a		486	1.49	724.14	True	exact	False
friends	01	046	s05e14b		520	1.49	774.8	True	exact	False
friends	01	047	s05e15a		443	1.49	660.07	True	exact	False
friends	01	047	s05e15b		477	1.49	710.73	True	exact	False
friends	01	047	s05e16a		485	1.49	722.65	True	exact	False
friends	01	047	s05e16b		519	1.49	773.31	True	exact	False
friends	01	048	s05e17a		452	1.49	673.48	True	exact	False
friends	01	048	s05e17b		486	1.49	724.14	True	exact	False
friends	01	048	s05e18a		501	1.49	746.49	True	exact	False
friends	01	048	s05e18b		535	1.49	797.15	True	exact	False
friends	01	049	s05e19a		446	1.49	664.54	True	exact	False
friends	01	049	s05e19b		480	1.49	715.2	True	exact	False
friends	01	049	s05e20a		456	1.49	679.4399999999999	True	exact	False
friends	01	049	s05e20b		490	1.49	730.1	True	exact	False
friends	01	050	s05e21a		444	1.49	661.56	True	exact	False
friends	01	050	s05e21b		478	1.49	712.22	True	exact	False
friends	01	050	s05e22a		450	1.49	670.5	True	exact	False
friends	01	050	s05e22b		484	1.49	721.16	True	exact	False
friends	01	051	s05e23a		454	1.49	676.46	True	exact	False
friends	01	051	s05e23b		458	1.49	682.42	True	exact	False
friends	01	052	s05e23c		458	1.49	682.42	True	exact	False
friends	01	052	s05e23d		488	1.49	727.12	True	exact	False
friends	01	052	s06e01a		465	1.49	692.85	True	exact	False
friends	01	052	s06e01b		499	1.49	743.51	True	exact	False
friends	01	053	s06e02a		453	1.49	674.97	True	exact	False
friends	01	053	s06e02b		487	1.49	725.63	True	exact	False
friends	01	053	s06e03a		439	1.49	654.11	True	exact	False
friends	01	053	s06e03b		473	1.49	704.77	True	exact	False
friends	01	053	s06e04a		439	1.49	654.11	True	exact	False
friends	01	054	s06e04b		474	1.49	706.26	True	exact	False
friends	01	054	s06e05a		452	1.49	673.48	True	exact	False
friends	01	054	s06e05b		486	1.49	724.14	True	exact	False
friends	01	055	s06e06a		443	1.49	660.07	True	exact	False
friends	01	055	s06e06b		478	1.49	712.22	True	exact	False
friends	01	055	s06e07a		445	1.49	663.05	True	exact	False
friends	01	055	s06e07b		479	1.49	713.71	True	exact	False
friends	01	056	s06e08a		438	1.49	652.62	True	exact	False
friends	01	056	s06e08b		472	1.49	703.28	True	exact	False
friends	01	056	s06e09a		504	1.49	750.96	True	exact	False
friends	01	056	s06e09b		537	1.49	800.13	True	exact	False
friends	01	056	s06e10a		466	1.49	694.34	True	exact	False
friends	01	057	s06e10b		500	1.49	745.0	True	exact	False
friends	01	057	s06e11a		450	1.49	670.5	True	exact	False
friends	01	057	s06e11b		484	1.49	721.16	True	exact	False
friends	01	057	s06e12a		435	1.49	648.15	True	exact	False
friends	01	057	s06e12b		470	1.49	700.3	True	exact	False
friends	01	058	s06e13a		470	1.49	700.3	True	exact	False
friends	01	058	s06e13b		504	1.49	750.96	True	exact	False
friends	01	058	s06e14a		461	1.49	686.89	True	exact	False
friends	01	058	s06e14b		495	1.49	737.55	True	exact	False
friends	01	059	s06e15a		456	1.49	679.4399999999999	True	exact	False
friends	01	060	s06e15b		460	1.49	685.4	True	exact	False
friends	01	060	s06e15c		460	1.49	685.4	True	exact	False
friends	01	061	s06e15d		490	1.49	730.1	True	exact	False
friends	01	061	s06e17a		428	1.49	637.72	True	exact	False
friends	01	061	s06e17b		462	1.49	688.38	True	exact	False
friends	01	062	s06e18a		435	1.49	648.15	True	exact	False
friends	01	062	s06e18b		470	1.49	700.3	True	exact	False
friends	01	062	s06e19a		434	1.49	646.66	True	exact	False
friends	01	062	s06e19b		468	1.49	697.32	True	exact	False
friends	01	063	s06e20a		431	1.49	642.1899999999999	True	exact	False
friends	01	063	s06e20b		465	1.49	692.85	True	exact	False
friends	01	063	s06e21a		460	1.49	685.4	True	exact	False
friends	01	064	s06e21b		494	1.49	736.06	True	exact	False
friends	01	064	s06e22a		452	1.49	673.48	True	exact	False
friends	01	064	s06e22b		486	1.49	724.14	True	exact	False
friends	01	065	s06e23a		486	1.49	724.14	True	exact	False
friends	01	065	s06e23b		520	1.49	774.8	True	exact	False
friends	01	065	s06e24a		457	1.49	680.93	True	exact	False
friends	01	066	s06e24b		461	1.49	686.89	True	exact	False
friends	01	066	s06e24c		461	1.49	686.89	True	exact	False
friends	01	066	s06e24d		490	1.49	730.1	True	exact	False
friends	01	067	s07e01a		460	1.49	685.4	False	unmatched	False
friends	01	067	s07e01b		494	1.49	736.06	False	unmatched	False
friends	01	068	s07e02a		492	1.49	733.08	False	unmatched	False
friends	01	069	s07e02b		526	1.49	783.74	False	unmatched	False
friends	01	070	s07e03a		417	1.49	621.33	False	unmatched	False
friends	01	071	s07e03b		452	1.49	673.48	False	unmatched	False
friends	01	071	s07e04a		447	1.49	666.03	False	unmatched	False
friends	01	072	s07e04b		482	1.49	718.18	False	unmatched	False
friends	01	073	s07e05a		454	1.49	676.46	False	unmatched	False
friends	01	074	s07e05b		488	1.49	727.12	False	unmatched	False
friends	01	075	s07e06a		478	1.49	712.22	False	unmatched	False
friends	01	075	s07e06b		513	1.49	764.37	False	unmatched	False
friends	01	076	s07e07a		473	1.49	704.77	False	unmatched	False
friends	01	076	s07e07b		507	1.49	755.43	False	unmatched	False
friends	01	077	s07e08a		474	1.49	706.26	False	unmatched	False
friends	01	078	s07e08b		509	1.49	758.41	False	unmatched	False
friends	01	079	s07e09a		450	1.49	670.5	False	unmatched	False
friends	01	079	s07e09b		484	1.49	721.16	False	unmatched	False
friends	01	080	s07e10a		459	1.49	683.91	False	unmatched	False
friends	01	080	s07e10b		493	1.49	734.57	False	unmatched	False
friends	01	080	s07e11a		464	1.49	691.36	False	unmatched	False
friends	01	080	s07e11b		498	1.49	742.02	False	unmatched	False
friends	01	080	s07e12a		452	1.49	673.48	False	unmatched	False
friends	01	081	s07e12b		486	1.49	724.14	False	unmatched	False
friends	01	081	s07e13a		539	1.49	803.11	False	unmatched	False
friends	01	082	s07e13b		574	1.49	855.26	False	unmatched	False
friends	01	082	s07e14a		466	1.49	694.34	False	unmatched	False
friends	01	083	s07e14b		500	1.49	745.0	False	unmatched	False
friends	01	083	s07e15a		566	1.49	843.34	False	unmatched	False
friends	01	084	s07e15b		600	1.49	894.0	False	unmatched	False
friends	01	084	s07e16a		398	1.49	593.02	False	unmatched	False
friends	01	085	s07e16b		402	1.49	598.98	False	unmatched	False
friends	01	085	s07e16c		432	1.49	643.68	False	unmatched	False
friends	01	086	s07e17a		433	1.49	645.17	False	unmatched	False
friends	01	087	s07e17b		467	1.49	695.83	False	unmatched	False
friends	01	087	s07e18a		477	1.49	710.73	False	unmatched	False
friends	01	088	s07e18b		511	1.49	761.39	False	unmatched	False
friends	01	088	s07e19a		437	1.49	651.13	False	unmatched	False
friends	01	088	s07e19b		471	1.49	701.79	False	unmatched	False
friends	01	089	s07e20a		454	1.49	676.46	False	unmatched	False
friends	01	089	s07e20b		488	1.49	727.12	False	unmatched	False
friends	01	090	s07e21a		429	1.49	639.21	False	unmatched	False
friends	01	090	s07e21b		464	1.49	691.36	False	unmatched	False
friends	01	090	s07e22a		471	1.49	701.79	False	unmatched	False
friends	01	090	s07e22b		505	1.49	752.45	False	unmatched	False
friends	01	091	s07e23a		480	1.49	715.2	False	unmatched	False
friends	01	091	s07e23b		484	1.49	721.16	False	unmatched	False
friends	01	091	s07e23c		484	1.49	721.16	False	unmatched	False
friends	01	091	s07e23d		515	1.49	767.35	False	unmatched	False
friends	02	001	s01e02a		482	1.49	718.18	True	exact	True
friends	02	001	s01e02b		482	1.49	718.18	True	exact	True
friends	02	001	s01e03a		472	1.49	703.28	True	exact	True
friends	02	001	s01e03b		472	1.49	703.28	True	exact	True
friends	02	001	s01e04a		503	1.49	749.47	True	exact	True
friends	02	001	s01e04b		503	1.49	749.47	True	exact	True
friends	02	002	s01e05a		468	1.49	697.32	True	exact	True
friends	02	002	s01e05b		468	1.49	697.32	True	exact	True
friends	02	002	s01e06a		488	1.49	727.12	True	exact	True
friends	02	002	s01e06b		488	1.49	727.12	True	exact	True
friends	02	003	s01e01a		592	1.49	882.08	True	exact	True
friends	02	003	s01e01b		592	1.49	882.08	True	exact	True
friends	02	003	s01e07a		493	1.49	734.57	True	exact	True
friends	02	003	s01e07b		493	1.49	734.57	True	exact	True
friends	02	003	s01e08a		476	1.49	709.24	True	exact	True
friends	02	003	s01e08b		476	1.49	709.24	True	exact	True
friends	02	004	s01e09a		468	1.49	697.32	True	exact	True
friends	02	004	s01e09b		468	1.49	697.32	True	exact	True
friends	02	004	s01e10a		496	1.49	739.04	True	exact	True
friends	02	004	s01e10b		496	1.49	739.04	True	exact	True
friends	02	004	s01e11a		477	1.49	710.73	True	exact	True
friends	02	004	s01e11b		477	1.49	710.73	True	exact	True
friends	02	005	s01e12a		472	1.49	703.28	True	exact	True
friends	02	005	s01e12b		471	1.49	701.79	True	exact	True
friends	02	005	s01e13a		468	1.49	697.32	True	exact	True
friends	02	005	s01e13b		468	1.49	697.32	True	exact	True
friends	02	006	s01e14a		491	1.49	731.59	True	exact	True
friends	02	006	s01e14b		491	1.49	731.59	True	exact	True
friends	02	006	s01e15a		477	1.49	710.73	True	exact	True
friends	02	006	s01e15b		477	1.49	710.73	True	exact	True
friends	02	006	s01e16a		483	1.49	719.67	True	exact	True
friends	02	006	s01e16b		483	1.49	719.67	True	exact	True
friends	02	007	s01e17a		483	1.49	719.67	True	exact	True
friends	02	007	s01e17b		483	1.49	719.67	True	exact	True
friends	02	007	s01e18a		497	1.49	740.53	True	exact	True
friends	02	007	s01e18b		497	1.49	740.53	True	exact	True
friends	02	008	s01e19a		460	1.49	685.4	True	exact	True
friends	02	008	s01e19b		460	1.49	685.4	True	exact	True
friends	02	008	s01e20a		460	1.49	685.4	True	exact	True
friends	02	008	s01e20b		460	1.49	685.4	True	exact	True
friends	02	008	s01e21a		477	1.49	710.73	True	exact	True
friends	02	008	s01e21b		477	1.49	710.73	True	exact	True
friends	02	009	s01e22a		474	1.49	706.26	True	exact	True
friends	02	009	s01e22b		474	1.49	706.26	True	exact	True
friends	02	009	s01e23a		462	1.49	688.38	True	exact	True
friends	02	009	s01e23b		462	1.49	688.38	True	exact	True
friends	02	009	s01e24a		515	1.49	767.35	True	exact	True
friends	02	009	s01e24b		515	1.49	767.35	True	exact	True
friends	02	010	s02e01a		477	1.49	710.73	True	exact	True
friends	02	010	s02e01b		477	1.49	710.73	True	exact	True
friends	02	010	s02e02a		450	1.49	670.5	True	exact	True
friends	02	010	s02e02b		450	1.49	670.5	True	exact	True
friends	02	010	s02e03a		464	1.49	691.36	True	exact	True
friends	02	010	s02e03b		464	1.49	691.36	True	exact	True
friends	02	011	s02e04a		454	1.49	676.46	True	exact	True
friends	02	011	s02e04b		454	1.49	676.46	True	exact	True
friends	02	011	s02e05a		455	1.49	677.95	True	exact	True
friends	02	011	s02e05b		455	1.49	677.95	True	exact	True
friends	02	011	s02e06a		500	1.49	745.0	True	exact	True
friends	02	011	s02e06b		500	1.49	745.0	True	exact	True
friends	02	012	s02e07a		496	1.49	739.04	True	exact	True
friends	02	012	s02e07b		496	1.49	739.04	True	exact	True
friends	02	012	s02e08a		458	1.49	682.42	True	exact	True
friends	02	012	s02e08b		458	1.49	682.42	True	exact	True
friends	02	012	s02e09a		452	1.49	673.48	True	exact	True
friends	02	012	s02e09b		452	1.49	673.48	True	exact	True
friends	02	013	s02e10a		479	1.49	713.71	True	exact	True
friends	02	013	s02e10b		479	1.49	713.71	True	exact	True
friends	02	013	s02e11a		488	1.49	727.12	True	exact	True
friends	02	013	s02e11b		488	1.49	727.12	True	exact	True
friends	02	013	s02e12a		488	1.49	727.12	True	exact	True
friends	02	013	s02e12b		488	1.49	727.12	True	exact	True
friends	02	013	s02e13a		488	1.49	727.12	True	exact	True
friends	02	013	s02e13b		488	1.49	727.12	True	exact	True
friends	02	014	s02e14a		474	1.49	706.26	True	exact	True
friends	02	014	s02e14b		474	1.49	706.26	True	exact	True
friends	02	014	s02e15a		466	1.49	694.34	True	exact	True
friends	02	014	s02e15b		466	1.49	694.34	True	exact	True
friends	02	015	s02e16a		478	1.49	712.22	True	exact	True
friends	02	015	s02e16b		478	1.49	712.22	True	exact	True
friends	02	015	s02e17a		489	1.49	728.61	True	exact	True
friends	02	015	s02e17b		489	1.49	728.61	True	exact	True
friends	02	015	s02e18a		460	1.49	685.4	True	exact	True
friends	02	015	s02e18b		460	1.49	685.4	True	exact	True
friends	02	016	s02e19a		478	1.49	712.22	True	exact	True
friends	02	016	s02e19b		478	1.49	712.22	True	exact	True
friends	02	016	s02e20a		449	1.49	669.01	True	exact	True
friends	02	016	s02e20b		449	1.49	669.01	True	exact	True
friends	02	017	s02e21a		470	1.49	700.3	True	exact	True
friends	02	017	s02e21b		470	1.49	700.3	True	exact	True
friends	02	017	s02e22a		453	1.49	674.97	True	exact	True
friends	02	017	s02e22b		453	1.49	674.97	True	exact	True
friends	02	017	s02e23a		456	1.49	679.4399999999999	True	exact	True
friends	02	017	s02e23b		456	1.49	679.4399999999999	True	exact	True
friends	02	017	s02e24a		469	1.49	698.81	True	exact	True
friends	02	017	s02e24b		469	1.49	698.81	True	exact	True
friends	02	018	s03e01a		491	1.49	731.59	True	exact	False
friends	02	018	s03e01b		491	1.49	731.59	True	exact	False
friends	02	018	s03e02a		475	1.49	707.75	True	exact	False
friends	02	018	s03e02b		475	1.49	707.75	True	exact	False
friends	02	018	s03e03a		454	1.49	676.46	True	exact	False
friends	02	018	s03e03b		454	1.49	676.46	True	exact	False
friends	02	018	s03e04a		473	1.49	704.77	True	exact	False
friends	02	018	s03e04b		473	1.49	704.77	True	exact	False
friends	02	019	s03e05a		484	1.49	721.16	True	exact	False
friends	02	019	s03e05b		484	1.49	721.16	True	exact	False
friends	02	019	s03e06a		470	1.49	700.3	True	exact	False
friends	02	019	s03e06b		470	1.49	700.3	True	exact	False
friends	02	019	s03e07a		467	1.49	695.83	True	exact	False
friends	02	019	s03e07b		467	1.49	695.83	True	exact	False
friends	02	020	s03e08a		460	1.49	685.4	True	exact	False
friends	02	020	s03e08b		460	1.49	685.4	True	exact	False
friends	02	020	s03e09a		493	1.49	734.57	True	exact	False
friends	02	020	s03e09b		493	1.49	734.57	True	exact	False
friends	02	020	s03e10a		451	1.49	671.99	True	exact	False
friends	02	020	s03e10b		451	1.49	671.99	True	exact	False
friends	02	021	s03e11a		457	1.49	680.93	True	exact	False
friends	02	021	s03e11b		456	1.49	679.4399999999999	True	exact	False
friends	02	022	s03e12a		464	1.49	691.36	True	exact	False
friends	02	022	s03e12b		464	1.49	691.36	True	exact	False
friends	02	022	s03e13a		474	1.49	706.26	True	exact	False
friends	02	022	s03e13b		473	1.49	704.77	True	exact	False
friends	02	022	s03e14a		458	1.49	682.42	True	exact	False
friends	02	022	s03e14b		458	1.49	682.42	True	exact	False
friends	02	023	s03e15a		458	1.49	682.42	True	exact	False
friends	02	023	s03e15b		458	1.49	682.42	True	exact	False
friends	02	023	s03e16a		468	1.49	697.32	True	exact	False
friends	02	023	s03e16b		468	1.49	697.32	True	exact	False
friends	02	023	s03e17a		454	1.49	676.46	True	exact	False
friends	02	023	s03e17b		453	1.49	674.97	True	exact	False
friends	02	024	s03e18a		469	1.49	698.81	True	exact	False
friends	02	024	s03e18b		469	1.49	698.81	True	exact	False
friends	02	024	s03e19a		468	1.49	697.32	True	exact	False
friends	02	024	s03e19b		468	1.49	697.32	True	exact	False
friends	02	024	s03e20a		464	1.49	691.36	True	exact	False
friends	02	024	s03e20b		464	1.49	691.36	True	exact	False
friends	02	025	s03e21a		460	1.49	685.4	True	exact	False
friends	02	025	s03e21b		460	1.49	685.4	True	exact	False
friends	02	025	s03e22a		463	1.49	689.87	True	exact	False
friends	02	025	s03e22b		463	1.49	689.87	True	exact	False
friends	02	025	s03e23a		470	1.49	700.3	True	exact	False
friends	02	025	s03e23b		470	1.49	700.3	True	exact	False
friends	02	026	s03e24a		454	1.49	676.46	True	exact	False
friends	02	026	s03e24b		454	1.49	676.46	True	exact	False
friends	02	026	s03e25a		479	1.49	713.71	True	exact	False
friends	02	026	s03e25b		479	1.49	713.71	True	exact	False
friends	02	026	s04e01a		468	1.49	697.32	True	exact	False
friends	02	026	s04e01b		468	1.49	697.32	True	exact	False
friends	02	027	s04e02a		478	1.49	712.22	True	exact	False
friends	02	027	s04e02b		478	1.49	712.22	True	exact	False
friends	02	027	s04e03a		445	1.49	663.05	True	exact	False
friends	02	027	s04e03b		445	1.49	663.05	True	exact	False
friends	02	027	s04e04a		453	1.49	674.97	True	exact	False
friends	02	027	s04e04b		453	1.49	674.97	True	exact	False
friends	02	028	s04e05a		471	1.49	701.79	True	exact	False
friends	02	028	s04e05b		471	1.49	701.79	True	exact	False
friends	02	028	s04e06a		465	1.49	692.85	True	exact	False
friends	02	028	s04e06b		465	1.49	692.85	True	exact	False
friends	02	029	s04e07a		497	1.49	740.53	True	exact	False
friends	02	029	s04e07b		497	1.49	740.53	True	exact	False
friends	02	029	s04e08a		503	1.49	749.47	True	exact	False
friends	02	029	s04e08b		503	1.49	749.47	True	exact	False
friends	02	029	s04e09a		441	1.49	657.09	True	exact	False
friends	02	029	s04e09b		441	1.49	657.09	True	exact	False
friends	02	030	s04e10a		449	1.49	669.01	True	exact	False
friends	02	030	s04e10b		449	1.49	669.01	True	exact	False
friends	02	030	s04e11a		483	1.49	719.67	True	exact	False
friends	02	030	s04e11b		483	1.49	719.67	True	exact	False
friends	02	030	s04e12a		466	1.49	694.34	True	exact	False
friends	02	030	s04e12b		466	1.49	694.34	True	exact	False
friends	02	031	s04e13a		448	1.49	667.52	True	exact	False
friends	02	031	s04e13b		448	1.49	667.52	True	exact	False
friends	02	031	s04e14a		447	1.49	666.03	True	exact	False
friends	02	031	s04e14b		447	1.49	666.03	True	exact	False
friends	02	031	s04e15a		444	1.49	661.56	True	exact	False
friends	02	031	s04e15b		444	1.49	661.56	True	exact	False
friends	02	032	s04e16a		487	1.49	725.63	True	exact	False
friends	02	032	s04e16b		487	1.49	725.63	True	exact	False
friends	02	032	s04e17a		478	1.49	712.22	True	exact	False
friends	02	032	s04e17b		478	1.49	712.22	True	exact	False
friends	02	032	s04e18a		450	1.49	670.5	True	exact	False
friends	02	032	s04e18b		450	1.49	670.5	True	exact	False
friends	02	033	s04e19a		437	1.49	651.13	True	exact	False
friends	02	033	s04e19b		437	1.49	651.13	True	exact	False
friends	02	033	s04e20a		447	1.49	666.03	True	exact	False
friends	02	033	s04e20b		447	1.49	666.03	True	exact	False
friends	02	033	s04e21a		448	1.49	667.52	True	exact	False
friends	02	033	s04e21b		448	1.49	667.52	True	exact	False
friends	02	033	s04e22a		459	1.49	683.91	True	exact	False
friends	02	033	s04e22b		459	1.49	683.91	True	exact	False
friends	02	033	s04e23a		505	1.49	752.45	True	exact	False
friends	02	033	s04e23b		504	1.49	750.96	True	exact	False
friends	02	033	s04e23c		504	1.49	750.96	True	exact	False
friends	02	033	s04e23d		504	1.49	750.96	True	exact	False
friends	02	034	s05e01a		439	1.49	654.11	True	exact	False
friends	02	034	s05e01b		474	1.49	706.26	True	exact	False
friends	02	034	s05e02a		495	1.49	737.55	True	exact	False
friends	02	034	s05e02b		531	1.49	791.1899999999999	True	exact	False
friends	02	034	s05e03a		444	1.49	661.56	True	exact	False
friends	02	034	s05e03b		474	1.49	706.26	True	exact	False
friends	02	035	s05e04a		488	1.49	727.12	True	exact	False
friends	02	035	s05e04b		524	1.49	780.76	True	exact	False
friends	02	035	s05e05a		486	1.49	724.14	True	exact	False
friends	02	035	s05e05b		521	1.49	776.29	True	exact	False
friends	02	035	s05e06a		459	1.49	683.91	True	exact	False
friends	02	035	s05e06b		493	1.49	734.57	True	exact	False
friends	02	036	s05e07a		459	1.49	683.91	True	exact	False
friends	02	036	s05e07b		493	1.49	734.57	True	exact	False
friends	02	036	s05e08a		446	1.49	664.54	True	exact	False
friends	02	036	s05e08b		480	1.49	715.2	True	exact	False
friends	02	036	s05e09a		456	1.49	679.4399999999999	True	exact	False
friends	02	036	s05e09b		490	1.49	730.1	True	exact	False
friends	02	037	s05e10a		450	1.49	670.5	True	exact	False
friends	02	037	s05e10b		484	1.49	721.16	True	exact	False
friends	02	037	s05e11a		476	1.49	709.24	True	exact	False
friends	02	037	s05e11b		511	1.49	761.39	True	exact	False
friends	02	038	s05e12a		445	1.49	663.05	True	exact	False
friends	02	038	s05e12b		480	1.49	715.2	True	exact	False
friends	02	038	s05e13a		460	1.49	685.4	True	exact	False
friends	02	038	s05e13b		494	1.49	736.06	True	exact	False
friends	02	039	s05e14a		486	1.49	724.14	True	exact	False
friends	02	039	s05e14b		520	1.49	774.8	True	exact	False
friends	02	040	s05e15a		443	1.49	660.07	True	exact	False
friends	02	040	s05e15b		477	1.49	710.73	True	exact	False
friends	02	040	s05e16a		485	1.49	722.65	True	exact	False
friends	02	040	s05e16b		519	1.49	773.31	True	exact	False
friends	02	040	s05e17a		452	1.49	673.48	True	exact	False
friends	02	040	s05e17b		486	1.49	724.14	True	exact	False
friends	02	041	s05e18a		501	1.49	746.49	True	exact	False
friends	02	041	s05e18b		535	1.49	797.15	True	exact	False
friends	02	041	s05e19a		446	1.49	664.54	True	exact	False
friends	02	041	s05e19b		480	1.49	715.2	True	exact	False
friends	02	041	s05e20a		456	1.49	679.4399999999999	True	exact	False
friends	02	041	s05e20b		490	1.49	730.1	True	exact	False
friends	02	042	s05e21a		444	1.49	661.56	True	exact	False
friends	02	042	s05e21b		478	1.49	712.22	True	exact	False
friends	02	042	s05e22a		450	1.49	670.5	True	exact	False
friends	02	042	s05e22b		484	1.49	721.16	True	exact	False
friends	02	043	s05e23a		454	1.49	676.46	True	exact	False
friends	02	043	s05e23b		458	1.49	682.42	True	exact	False
friends	02	043	s05e23c		458	1.49	682.42	True	exact	False
friends	02	043	s05e23d		488	1.49	727.12	True	exact	False
friends	02	046	s06e01a		465	1.49	692.85	True	exact	False
friends	02	046	s06e01b		499	1.49	743.51	True	exact	False
friends	02	046	s06e02a		453	1.49	674.97	True	exact	False
friends	02	046	s06e02b		487	1.49	725.63	True	exact	False
friends	02	047	s06e03a		439	1.49	654.11	True	exact	False
friends	02	047	s06e03b		473	1.49	704.77	True	exact	False
friends	02	047	s06e04a		439	1.49	654.11	True	exact	False
friends	02	047	s06e04b		474	1.49	706.26	True	exact	False
friends	02	048	s06e05a		452	1.49	673.48	True	exact	False
friends	02	048	s06e05b		486	1.49	724.14	True	exact	False
friends	02	048	s06e06a		443	1.49	660.07	True	exact	False
friends	02	048	s06e06b		478	1.49	712.22	True	exact	False
friends	02	049	s06e07a		445	1.49	663.05	True	exact	False
friends	02	049	s06e07b		479	1.49	713.71	True	exact	False
friends	02	049	s06e08a		438	1.49	652.62	True	exact	False
friends	02	049	s06e08b		472	1.49	703.28	True	exact	False
friends	02	050	s06e09a		504	1.49	750.96	True	exact	False
friends	02	050	s06e09b		537	1.49	800.13	True	exact	False
friends	02	050	s06e10a		466	1.49	694.34	True	exact	False
friends	02	050	s06e10b		500	1.49	745.0	True	exact	False
friends	02	051	s06e11a		450	1.49	670.5	True	exact	False
friends	02	051	s06e11b		484	1.49	721.16	True	exact	False
friends	02	051	s06e12a		435	1.49	648.15	True	exact	False
friends	02	051	s06e12b		470	1.49	700.3	True	exact	False
friends	02	052	s06e13a		470	1.49	700.3	True	exact	False
friends	02	052	s06e13b		504	1.49	750.96	True	exact	False
friends	02	053	s06e14a		461	1.49	686.89	True	exact	False
friends	02	053	s06e14b		495	1.49	737.55	True	exact	False
friends	02	054	s06e15a		456	1.49	679.4399999999999	True	exact	False
friends	02	054	s06e15b		460	1.49	685.4	True	exact	False
friends	02	054	s06e15c		460	1.49	685.4	True	exact	False
friends	02	054	s06e15d		490	1.49	730.1	True	exact	False
friends	02	055	s06e17a		428	1.49	637.72	True	exact	False
friends	02	055	s06e17b		462	1.49	688.38	True	exact	False
friends	02	055	s06e18a		435	1.49	648.15	True	exact	False
friends	02	055	s06e18b		470	1.49	700.3	True	exact	False
friends	02	056	s06e19a		434	1.49	646.66	True	exact	False
friends	02	056	s06e19b		468	1.49	697.32	True	exact	False
friends	02	056	s06e20a		431	1.49	642.1899999999999	True	exact	False
friends	02	056	s06e20b		465	1.49	692.85	True	exact	False
friends	02	057	s06e21a		460	1.49	685.4	True	exact	False
friends	02	057	s06e21b		494	1.49	736.06	True	exact	False
friends	02	057	s06e22a		452	1.49	673.48	True	exact	False
friends	02	057	s06e22b		486	1.49	724.14	True	exact	False
friends	02	058	s06e23a		486	1.49	724.14	True	exact	False
friends	02	058	s06e23b		520	1.49	774.8	True	exact	False
friends	02	058	s06e24a		457	1.49	680.93	True	exact	False
friends	02	058	s06e24b		461	1.49	686.89	True	exact	False
friends	02	058	s06e24c		461	1.49	686.89	True	exact	False
friends	02	058	s06e24d		490	1.49	730.1	True	exact	False
friends	02	059	s07e01a		460	1.49	685.4	False	unmatched	False
friends	02	059	s07e01b		494	1.49	736.06	False	unmatched	False
friends	02	059	s07e02a		492	1.49	733.08	False	unmatched	False
friends	02	059	s07e02b		526	1.49	783.74	False	unmatched	False
friends	02	059	s07e03a		417	1.49	621.33	False	unmatched	False
friends	02	060	s07e03b		417	1.49	621.33	False	unmatched	False
friends	02	060	s07e04a		447	1.49	666.03	False	unmatched	False
friends	02	060	s07e04b		482	1.49	718.18	False	unmatched	False
friends	02	060	s07e05a		454	1.49	676.46	False	unmatched	False
friends	02	060	s07e05b		488	1.49	727.12	False	unmatched	False
friends	02	061	s07e06a		478	1.49	712.22	False	unmatched	False
friends	02	061	s07e06b		513	1.49	764.37	False	unmatched	False
friends	02	062	s07e07a		473	1.49	704.77	False	unmatched	False
friends	02	062	s07e07b		507	1.49	755.43	False	unmatched	False
friends	02	062	s07e08a		474	1.49	706.26	False	unmatched	False
friends	02	064	s07e08b		509	1.49	758.41	False	unmatched	False
friends	02	065	s07e09a		450	1.49	670.5	False	unmatched	False
friends	02	065	s07e09b		484	1.49	721.16	False	unmatched	False
friends	02	066	s07e10a		459	1.49	683.91	False	unmatched	False
friends	02	066	s07e10b		493	1.49	734.57	False	unmatched	False
friends	02	067	s07e11a		464	1.49	691.36	False	unmatched	False
friends	02	067	s07e11b		498	1.49	742.02	False	unmatched	False
friends	02	068	s07e12a		452	1.49	673.48	False	unmatched	False
friends	02	068	s07e12b		486	1.49	724.14	False	unmatched	False
friends	02	069	s07e13a		539	1.49	803.11	False	unmatched	False
friends	02	069	s07e13b		574	1.49	855.26	False	unmatched	False
friends	02	070	s07e14a		466	1.49	694.34	False	unmatched	False
friends	02	070	s07e14b		500	1.49	745.0	False	unmatched	False
friends	02	071	s07e15a		566	1.49	843.34	False	unmatched	False
friends	02	071	s07e15b		600	1.49	894.0	False	unmatched	False
friends	02	072	s07e16a		398	1.49	593.02	False	unmatched	False
friends	02	072	s07e16b		402	1.49	598.98	False	unmatched	False
friends	02	072	s07e16c		432	1.49	643.68	False	unmatched	False
friends	02	073	s07e17a		433	1.49	645.17	False	unmatched	False
friends	02	073	s07e17b		467	1.49	695.83	False	unmatched	False
friends	02	073	s07e18a		477	1.49	710.73	False	unmatched	False
friends	02	074	s07e18b		511	1.49	761.39	False	unmatched	False
friends	02	074	s07e19a		437	1.49	651.13	False	unmatched	False
friends	02	076	s07e19b		471	1.49	701.79	False	unmatched	False
friends	02	076	s07e20a		454	1.49	676.46	False	unmatched	False
friends	02	077	s07e20b		488	1.49	727.12	False	unmatched	False
friends	02	077	s07e21a		429	1.49	639.21	False	unmatched	False
friends	02	077	s07e21b		464	1.49	691.36	False	unmatched	False
friends	02	078	s07e22a		471	1.49	701.79	False	unmatched	False
friends	02	078	s07e22b		505	1.49	752.45	False	unmatched	False
friends	02	078	s07e23a		480	1.49	715.2	False	unmatched	False
friends	02	079	s07e23b		484	1.49	721.16	False	unmatched	False
friends	02	079	s07e23c		484	1.49	721.16	False	unmatched	False
friends	02	079	s07e23d		515	1.49	767.35	False	unmatched	False
friends	03	001	s01e02a		482	1.49	718.18	True	exact	True
friends	03	001	s01e02b		482	1.49	718.18	True	exact	True
friends	03	001	s01e03a		472	1.49	703.28	True	exact	True
friends	03	001	s01e03b		472	1.49	703.28	True	exact	True
friends	03	002	s01e04a		503	1.49	749.47	True	exact	True
friends	03	002	s01e04b		503	1.49	749.47	True	exact	True
friends	03	002	s01e05a		468	1.49	697.32	True	exact	True
friends	03	002	s01e05b		468	1.49	697.32	True	exact	True
friends	03	003	s01e01a		592	1.49	882.08	True	exact	True
friends	03	003	s01e01b		592	1.49	882.08	True	exact	True
friends	03	003	s01e06a		488	1.49	727.12	True	exact	True
friends	03	003	s01e06b		488	1.49	727.12	True	exact	True
friends	03	004	s01e07a		493	1.49	734.57	True	exact	True
friends	03	004	s01e07b		493	1.49	734.57	True	exact	True
friends	03	004	s01e08a		476	1.49	709.24	True	exact	True
friends	03	004	s01e08b		476	1.49	709.24	True	exact	True
friends	03	005	s01e09a		468	1.49	697.32	True	exact	True
friends	03	005	s01e09b		468	1.49	697.32	True	exact	True
friends	03	005	s01e10a		496	1.49	739.04	True	exact	True
friends	03	005	s01e10b		496	1.49	739.04	True	exact	True
friends	03	006	s01e11a		477	1.49	710.73	True	exact	True
friends	03	006	s01e11b		477	1.49	710.73	True	exact	True
friends	03	006	s01e12a		472	1.49	703.28	True	exact	True
friends	03	006	s01e12b		471	1.49	701.79	True	exact	True
friends	03	007	s01e13a		468	1.49	697.32	True	exact	True
friends	03	007	s01e13b		468	1.49	697.32	True	exact	True
friends	03	007	s01e14a		491	1.49	731.59	True	exact	True
friends	03	007	s01e14b		491	1.49	731.59	True	exact	True
friends	03	008	s01e15a		477	1.49	710.73	True	exact	True
friends	03	008	s01e15b		477	1.49	710.73	True	exact	True
friends	03	008	s01e16a		483	1.49	719.67	True	exact	True
friends	03	008	s01e16b		483	1.49	719.67	True	exact	True
friends	03	009	s01e17a		483	1.49	719.67	True	exact	True
friends	03	009	s01e17b		483	1.49	719.67	True	exact	True
friends	03	009	s01e18a		497	1.49	740.53	True	exact	True
friends	03	009	s01e18b		497	1.49	740.53	True	exact	True
friends	03	010	s01e19a		460	1.49	685.4	True	exact	True
friends	03	010	s01e19b		460	1.49	685.4	True	exact	True
friends	03	010	s01e20a		460	1.49	685.4	True	exact	True
friends	03	010	s01e20b		460	1.49	685.4	True	exact	True
friends	03	011	s01e21a		477	1.49	710.73	True	exact	True
friends	03	011	s01e21b		477	1.49	710.73	True	exact	True
friends	03	011	s01e22a		474	1.49	706.26	True	exact	True
friends	03	011	s01e22b		474	1.49	706.26	True	exact	True
friends	03	012	s01e23a		462	1.49	688.38	True	exact	True
friends	03	012	s01e23b		462	1.49	688.38	True	exact	True
friends	03	012	s01e24a		515	1.49	767.35	True	exact	True
friends	03	012	s01e24b		515	1.49	767.35	True	exact	True
friends	03	013	s02e05a		455	1.49	677.95	True	exact	True
friends	03	013	s02e05b		455	1.49	677.95	True	exact	True
friends	03	013	s02e06a		500	1.49	745.0	True	exact	True
friends	03	013	s02e06b		500	1.49	745.0	True	exact	True
friends	03	014	s02e01a		477	1.49	710.73	True	exact	True
friends	03	014	s02e01b		477	1.49	710.73	True	exact	True
friends	03	014	s02e02a		450	1.49	670.5	True	exact	True
friends	03	014	s02e02b		450	1.49	670.5	True	exact	True
friends	03	015	s02e03a		464	1.49	691.36	True	exact	True
friends	03	015	s02e03b		464	1.49	691.36	True	exact	True
friends	03	015	s02e04a		454	1.49	676.46	True	exact	True
friends	03	015	s02e04b		454	1.49	676.46	True	exact	True
friends	03	016	s02e08a		458	1.49	682.42	True	exact	True
friends	03	016	s02e08b		458	1.49	682.42	True	exact	True
friends	03	016	s02e09a		452	1.49	673.48	True	exact	True
friends	03	016	s02e09b		452	1.49	673.48	True	exact	True
friends	03	017	s02e10a		479	1.49	713.71	True	exact	True
friends	03	017	s02e10b		479	1.49	713.71	True	exact	True
friends	03	017	s02e11a		488	1.49	727.12	True	exact	True
friends	03	017	s02e11b		488	1.49	727.12	True	exact	True
friends	03	018	s02e12a		488	1.49	727.12	True	exact	True
friends	03	018	s02e12b		488	1.49	727.12	True	exact	True
friends	03	019	s02e13a		488	1.49	727.12	True	exact	True
friends	03	019	s02e13b		488	1.49	727.12	True	exact	True
friends	03	020	s02e14a		474	1.49	706.26	True	exact	True
friends	03	020	s02e14b		474	1.49	706.26	True	exact	True
friends	03	020	s02e15a		466	1.49	694.34	True	exact	True
friends	03	020	s02e15b		466	1.49	694.34	True	exact	True
friends	03	021	s02e16a		478	1.49	712.22	True	exact	True
friends	03	021	s02e16b		478	1.49	712.22	True	exact	True
friends	03	021	s02e17a		489	1.49	728.61	True	exact	True
friends	03	021	s02e17b		489	1.49	728.61	True	exact	True
friends	03	022	s02e18a		460	1.49	685.4	True	exact	True
friends	03	022	s02e18b		460	1.49	685.4	True	exact	True
friends	03	023	s02e19a		478	1.49	712.22	True	exact	True
friends	03	023	s02e19b		478	1.49	712.22	True	exact	True
friends	03	023	s02e20a		449	1.49	669.01	True	exact	True
friends	03	023	s02e20b		449	1.49	669.01	True	exact	True
friends	03	024	s02e21a		470	1.49	700.3	True	exact	True
friends	03	024	s02e21b		470	1.49	700.3	True	exact	True
friends	03	024	s02e22a		453	1.49	674.97	True	exact	True
friends	03	024	s02e22b		453	1.49	674.97	True	exact	True
friends	03	025	s02e23a		456	1.49	679.4399999999999	True	exact	True
friends	03	025	s02e23b		456	1.49	679.4399999999999	True	exact	True
friends	03	025	s02e24a		469	1.49	698.81	True	exact	True
friends	03	025	s02e24b		469	1.49	698.81	True	exact	True
friends	03	026	s02e07a		496	1.49	739.04	True	exact	True
friends	03	026	s02e07b		496	1.49	739.04	True	exact	True
friends	03	027	s03e01a		491	1.49	731.59	True	exact	False
friends	03	027	s03e01b		491	1.49	731.59	True	exact	False
friends	03	028	s03e02a		475	1.49	707.75	True	exact	False
friends	03	028	s03e02b		475	1.49	707.75	True	exact	False
friends	03	028	s03e03a		454	1.49	676.46	True	exact	False
friends	03	028	s03e03b		454	1.49	676.46	True	exact	False
friends	03	029	s03e04a		473	1.49	704.77	True	exact	False
friends	03	029	s03e04b		473	1.49	704.77	True	exact	False
friends	03	029	s03e05a		484	1.49	721.16	True	exact	False
friends	03	029	s03e05b		484	1.49	721.16	True	exact	False
friends	03	030	s03e06a		470	1.49	700.3	True	exact	False
friends	03	030	s03e06b		470	1.49	700.3	True	exact	False
friends	03	030	s03e07a		467	1.49	695.83	True	exact	False
friends	03	030	s03e07b		467	1.49	695.83	True	exact	False
friends	03	031	s03e08a		460	1.49	685.4	True	exact	False
friends	03	031	s03e08b		460	1.49	685.4	True	exact	False
friends	03	031	s03e09a		493	1.49	734.57	True	exact	False
friends	03	031	s03e09b		493	1.49	734.57	True	exact	False
friends	03	032	s03e10a		451	1.49	671.99	True	exact	False
friends	03	032	s03e10b		451	1.49	671.99	True	exact	False
friends	03	032	s03e11a		457	1.49	680.93	True	exact	False
friends	03	032	s03e11b		456	1.49	679.4399999999999	True	exact	False
friends	03	033	s03e12a		464	1.49	691.36	True	exact	False
friends	03	033	s03e12b		464	1.49	691.36	True	exact	False
friends	03	033	s03e13a		474	1.49	706.26	True	exact	False
friends	03	033	s03e13b		473	1.49	704.77	True	exact	False
friends	03	034	s03e14a		458	1.49	682.42	True	exact	False
friends	03	034	s03e14b		458	1.49	682.42	True	exact	False
friends	03	034	s03e15a		458	1.49	682.42	True	exact	False
friends	03	034	s03e15b		458	1.49	682.42	True	exact	False
friends	03	035	s03e16a		468	1.49	697.32	True	exact	False
friends	03	035	s03e16b		468	1.49	697.32	True	exact	False
friends	03	035	s03e17a		454	1.49	676.46	True	exact	False
friends	03	035	s03e17b		453	1.49	674.97	True	exact	False
friends	03	035	s03e18a		469	1.49	698.81	True	exact	False
friends	03	035	s03e18b		469	1.49	698.81	True	exact	False
friends	03	036	s03e19a		468	1.49	697.32	True	exact	False
friends	03	036	s03e19b		468	1.49	697.32	True	exact	False
friends	03	036	s03e20a		464	1.49	691.36	True	exact	False
friends	03	036	s03e20b		464	1.49	691.36	True	exact	False
friends	03	037	s03e21a		460	1.49	685.4	True	exact	False
friends	03	037	s03e21b		460	1.49	685.4	True	exact	False
friends	03	037	s03e22a		463	1.49	689.87	True	exact	False
friends	03	037	s03e22b		463	1.49	689.87	True	exact	False
friends	03	038	s03e23a		470	1.49	700.3	True	exact	False
friends	03	038	s03e23b		470	1.49	700.3	True	exact	False
friends	03	038	s03e24a		454	1.49	676.46	True	exact	False
friends	03	038	s03e24b		454	1.49	676.46	True	exact	False
friends	03	039	s03e25a		479	1.49	713.71	True	exact	False
friends	03	039	s03e25b		479	1.49	713.71	True	exact	False
friends	03	039	s04e01a		468	1.49	697.32	True	exact	False
friends	03	039	s04e01b		468	1.49	697.32	True	exact	False
friends	03	040	s04e02a		478	1.49	712.22	True	exact	False
friends	03	040	s04e02b		478	1.49	712.22	True	exact	False
friends	03	040	s04e03a		445	1.49	663.05	True	exact	False
friends	03	040	s04e03b		445	1.49	663.05	True	exact	False
friends	03	041	s04e04a		453	1.49	674.97	True	exact	False
friends	03	041	s04e04b		453	1.49	674.97	True	exact	False
friends	03	041	s04e05a		471	1.49	701.79	True	exact	False
friends	03	041	s04e05b		471	1.49	701.79	True	exact	False
friends	03	042	s04e06a		465	1.49	692.85	True	exact	False
friends	03	042	s04e06b		465	1.49	692.85	True	exact	False
friends	03	042	s04e07a		497	1.49	740.53	True	exact	False
friends	03	042	s04e07b		497	1.49	740.53	True	exact	False
friends	03	043	s04e08a		503	1.49	749.47	True	exact	False
friends	03	043	s04e08b		503	1.49	749.47	True	exact	False
friends	03	043	s04e09a		441	1.49	657.09	True	exact	False
friends	03	043	s04e09b		441	1.49	657.09	True	exact	False
friends	03	044	s04e10a		449	1.49	669.01	True	exact	False
friends	03	044	s04e10b		449	1.49	669.01	True	exact	False
friends	03	044	s04e11a		483	1.49	719.67	True	exact	False
friends	03	044	s04e11b		483	1.49	719.67	True	exact	False
friends	03	045	s04e12a		466	1.49	694.34	True	exact	False
friends	03	045	s04e12b		466	1.49	694.34	True	exact	False
friends	03	045	s04e13a		448	1.49	667.52	True	exact	False
friends	03	045	s04e13b		448	1.49	667.52	True	exact	False
friends	03	046	s04e14a		447	1.49	666.03	True	exact	False
friends	03	046	s04e14b		447	1.49	666.03	True	exact	False
friends	03	046	s04e15a		444	1.49	661.56	True	exact	False
friends	03	046	s04e15b		444	1.49	661.56	True	exact	False
friends	03	047	s04e16a		487	1.49	725.63	True	exact	False
friends	03	047	s04e16b		487	1.49	725.63	True	exact	False
friends	03	047	s04e17a		478	1.49	712.22	True	exact	False
friends	03	047	s04e17b		478	1.49	712.22	True	exact	False
friends	03	048	s04e18a		450	1.49	670.5	True	exact	False
friends	03	048	s04e18b		450	1.49	670.5	True	exact	False
friends	03	048	s04e19a		437	1.49	651.13	True	exact	False
friends	03	048	s04e19b		437	1.49	651.13	True	exact	False
friends	03	049	s04e20a		447	1.49	666.03	True	exact	False
friends	03	049	s04e20b		447	1.49	666.03	True	exact	False
friends	03	049	s04e21a		448	1.49	667.52	True	exact	False
friends	03	049	s04e21b		448	1.49	667.52	True	exact	False
friends	03	050	s04e22a		459	1.49	683.91	True	exact	False
friends	03	050	s04e22b		459	1.49	683.91	True	exact	False
friends	03	052	s04e23a		505	1.49	752.45	True	exact	False
friends	03	052	s04e23b		504	1.49	750.96	True	exact	False
friends	03	052	s04e23c		504	1.49	750.96	True	exact	False
friends	03	052	s04e23d		504	1.49	750.96	True	exact	False
friends	03	053	s05e01a		439	1.49	654.11	True	exact	False
friends	03	053	s05e01b		474	1.49	706.26	True	exact	False
friends	03	053	s05e02a		495	1.49	737.55	True	exact	False
friends	03	053	s05e02b		531	1.49	791.1899999999999	True	exact	False
friends	03	054	s05e03a		444	1.49	661.56	True	exact	False
friends	03	054	s05e03b		474	1.49	706.26	True	exact	False
friends	03	054	s05e04a		488	1.49	727.12	True	exact	False
friends	03	054	s05e04b		524	1.49	780.76	True	exact	False
friends	03	055	s05e05a		486	1.49	724.14	True	exact	False
friends	03	055	s05e05b		521	1.49	776.29	True	exact	False
friends	03	055	s05e06a		459	1.49	683.91	True	exact	False
friends	03	055	s05e06b		493	1.49	734.57	True	exact	False
friends	03	056	s05e07a		459	1.49	683.91	True	exact	False
friends	03	056	s05e07b		493	1.49	734.57	True	exact	False
friends	03	056	s05e08a		446	1.49	664.54	True	exact	False
friends	03	056	s05e08b		480	1.49	715.2	True	exact	False
friends	03	057	s05e09a		456	1.49	679.4399999999999	True	exact	False
friends	03	057	s05e09b		490	1.49	730.1	True	exact	False
friends	03	057	s05e10a		450	1.49	670.5	True	exact	False
friends	03	057	s05e10b		484	1.49	721.16	True	exact	False
friends	03	058	s05e11a		476	1.49	709.24	True	exact	False
friends	03	058	s05e11b		511	1.49	761.39	True	exact	False
friends	03	059	s05e12a		445	1.49	663.05	True	exact	False
friends	03	059	s05e12b		480	1.49	715.2	True	exact	False
friends	03	060	s05e13a		460	1.49	685.4	True	exact	False
friends	03	060	s05e13b		494	1.49	736.06	True	exact	False
friends	03	060	s05e14a		486	1.49	724.14	True	exact	False
friends	03	060	s05e14b		520	1.49	774.8	True	exact	False
friends	03	061	s05e15a		443	1.49	660.07	True	exact	False
friends	03	061	s05e15b		477	1.49	710.73	True	exact	False
friends	03	061	s05e16a		485	1.49	722.65	True	exact	False
friends	03	061	s05e16b		519	1.49	773.31	True	exact	False
friends	03	062	s05e17a		452	1.49	673.48	True	exact	False
friends	03	062	s05e17b		486	1.49	724.14	True	exact	False
friends	03	062	s05e18a		501	1.49	746.49	True	exact	False
friends	03	062	s05e18b		535	1.49	797.15	True	exact	False
friends	03	063	s05e19a		446	1.49	664.54	True	exact	False
friends	03	063	s05e19b		480	1.49	715.2	True	exact	False
friends	03	065	s05e20b		490	1.49	730.1	True	exact	False
friends	03	066	s05e21a		444	1.49	661.56	True	exact	False
friends	03	066	s05e21b		478	1.49	712.22	True	exact	False
friends	03	066	s05e22a		450	1.49	670.5	True	exact	False
friends	03	066	s05e22b		484	1.49	721.16	True	exact	False
friends	03	067	s05e23a		454	1.49	676.46	True	exact	False
friends	03	067	s05e23b		458	1.49	682.42	True	exact	False
friends	03	067	s05e23c		458	1.49	682.42	True	exact	False
friends	03	067	s05e23d		488	1.49	727.12	True	exact	False
friends	03	070	s06e01a		465	1.49	692.85	True	exact	False
friends	03	070	s06e01b		499	1.49	743.51	True	exact	False
friends	03	070	s06e02a		453	1.49	674.97	True	exact	False
friends	03	070	s06e02b		487	1.49	725.63	True	exact	False
friends	03	071	s06e03a		463	1.49	689.87	True	exact	False
friends	03	071	s06e03b		473	1.49	704.77	True	exact	False
friends	03	071	s06e04a		439	1.49	654.11	True	exact	False
friends	03	071	s06e04b		474	1.49	706.26	True	exact	False
friends	03	072	s06e05a		452	1.49	673.48	True	exact	False
friends	03	072	s06e05b		486	1.49	724.14	True	exact	False
friends	03	072	s06e06a		443	1.49	660.07	True	exact	False
friends	03	072	s06e06b		478	1.49	712.22	True	exact	False
friends	03	074	s06e07a		445	1.49	663.05	True	exact	False
friends	03	074	s06e07b		479	1.49	713.71	True	exact	False
friends	03	074	s06e08a		438	1.49	652.62	True	exact	False
friends	03	074	s06e08b		472	1.49	703.28	True	exact	False
friends	03	075	s06e09a		504	1.49	750.96	True	exact	False
friends	03	075	s06e09b		537	1.49	800.13	True	exact	False
friends	03	075	s06e10a		466	1.49	694.34	True	exact	False
friends	03	075	s06e10b		500	1.49	745.0	True	exact	False
friends	03	076	s06e11a		450	1.49	670.5	True	exact	False
friends	03	076	s06e11b		484	1.49	721.16	True	exact	False
friends	03	076	s06e12a		435	1.49	648.15	True	exact	False
friends	03	076	s06e12b		470	1.49	700.3	True	exact	False
friends	03	077	s06e13a		470	1.49	700.3	True	exact	False
friends	03	077	s06e13b		504	1.49	750.96	True	exact	False
friends	03	077	s06e14a		461	1.49	686.89	True	exact	False
friends	03	077	s06e14b		495	1.49	737.55	True	exact	False
friends	03	078	s06e15a		456	1.49	679.4399999999999	True	exact	False
friends	03	078	s06e15b		460	1.49	685.4	True	exact	False
friends	03	078	s06e15c		460	1.49	685.4	True	exact	False
friends	03	078	s06e15d		490	1.49	730.1	True	exact	False
friends	03	078	s06e17a		428	1.49	637.72	True	exact	False
friends	03	079	s06e17b		462	1.49	688.38	True	exact	False
friends	03	079	s06e18a		435	1.49	648.15	True	exact	False
friends	03	079	s06e18b		470	1.49	700.3	True	exact	False
friends	03	079	s06e19a		434	1.49	646.66	True	exact	False
friends	03	080	s06e19b		468	1.49	697.32	True	exact	False
friends	03	080	s06e20a		431	1.49	642.1899999999999	True	exact	False
friends	03	080	s06e20b		465	1.49	692.85	True	exact	False
friends	03	080	s06e21a		460	1.49	685.4	True	exact	False
friends	03	080	s06e21b		494	1.49	736.06	True	exact	False
friends	03	081	s06e22a		452	1.49	673.48	True	exact	False
friends	03	081	s06e22b		486	1.49	724.14	True	exact	False
friends	03	081	s06e23a		486	1.49	724.14	True	exact	False
friends	03	082	s06e23b		520	1.49	774.8	True	exact	False
friends	03	082	s06e24a		457	1.49	680.93	True	exact	False
friends	03	083	s06e24b		461	1.49	686.89	True	exact	False
friends	03	083	s06e24c		461	1.49	686.89	True	exact	False
friends	03	083	s06e24d		490	1.49	730.1	True	exact	False
friends	03	084	s07e01a		460	1.49	685.4	False	unmatched	False
friends	03	084	s07e01b		494	1.49	736.06	False	unmatched	False
friends	03	084	s07e02a		492	1.49	733.08	False	unmatched	False
friends	03	084	s07e02b		526	1.49	783.74	False	unmatched	False
friends	03	084	s07e03a		417	1.49	621.33	False	unmatched	False
friends	03	085	s07e03b		452	1.49	673.48	False	unmatched	False
friends	03	085	s07e04a		447	1.49	666.03	False	unmatched	False
friends	03	085	s07e04b		482	1.49	718.18	False	unmatched	False
friends	03	085	s07e05a		454	1.49	676.46	False	unmatched	False
friends	03	086	s07e05b		488	1.49	727.12	False	unmatched	False
friends	03	086	s07e06a		478	1.49	712.22	False	unmatched	False
friends	03	086	s07e06b		513	1.49	764.37	False	unmatched	False
friends	03	086	s07e07a		473	1.49	704.77	False	unmatched	False
friends	03	086	s07e07b		507	1.49	755.43	False	unmatched	False
friends	03	087	s07e08a		474	1.49	706.26	False	unmatched	False
friends	03	087	s07e08b		509	1.49	758.41	False	unmatched	False
friends	03	087	s07e09a		450	1.49	670.5	False	unmatched	False
friends	03	087	s07e09b		484	1.49	721.16	False	unmatched	False
friends	03	088	s07e10a		459	1.49	683.91	False	unmatched	False
friends	03	089	s07e10b		493	1.49	734.57	False	unmatched	False
friends	03	089	s07e11a		464	1.49	691.36	False	unmatched	False
friends	03	090	s07e11b		498	1.49	742.02	False	unmatched	False
friends	03	091	s07e12a		452	1.49	673.48	False	unmatched	False
friends	03	093	s07e12b		486	1.49	724.14	False	unmatched	False
friends	03	094	s07e13a		539	1.49	803.11	False	unmatched	False
friends	03	095	s07e13b		574	1.49	855.26	False	unmatched	False
friends	03	095	s07e14a		466	1.49	694.34	False	unmatched	False
friends	03	096	s07e14b		500	1.49	745.0	False	unmatched	False
friends	03	097	s07e15a		566	1.49	843.34	False	unmatched	False
friends	03	098	s07e15b		600	1.49	894.0	False	unmatched	False
friends	03	098	s07e16a		398	1.49	593.02	False	unmatched	False
friends	03	099	s07e16b		402	1.49	598.98	False	unmatched	False
friends	03	099	s07e16c		432	1.49	643.68	False	unmatched	False
friends	03	099	s07e17a		433	1.49	645.17	False	unmatched	False
friends	03	099	s07e17b		467	1.49	695.83	False	unmatched	False
friends	03	100	s07e18a		477	1.49	710.73	False	unmatched	False
friends	03	100	s07e18b		511	1.49	761.39	False	unmatched	False
friends	03	101	s07e19a		437	1.49	651.13	False	unmatched	False
friends	03	101	s07e19b		471	1.49	701.79	False	unmatched	False
friends	03	102	s07e20a		454	1.49	676.46	False	unmatched	False
friends	03	102	s07e20b		488	1.49	727.12	False	unmatched	False
friends	03	102	s07e21a		429	1.49	639.21	False	unmatched	False
friends	03	102	s07e21b		464	1.49	691.36	False	unmatched	False
friends	03	102	s07e22a		471	1.49	701.79	False	unmatched	False
friends	03	103	s07e22b		505	1.49	752.45	False	unmatched	False
friends	03	103	s07e23a		480	1.49	715.2	False	unmatched	False
friends	03	104	s07e23b		484	1.49	721.16	False	unmatched	False
friends	03	104	s07e23c		484	1.49	721.16	False	unmatched	False
friends	03	104	s07e23d		515	1.49	767.35	False	unmatched	False
friends	04	001	s01e02a		482	1.49	718.18	True	exact	True
friends	04	001	s01e02b		482	1.49	718.18	True	exact	True
friends	04	003	s01e03a		472	1.49	703.28	True	exact	True
friends	04	003	s01e03b		472	1.49	703.28	True	exact	True
friends	04	003	s01e04a		503	1.49	749.47	True	exact	True
friends	04	003	s01e04b		503	1.49	749.47	True	exact	True
friends	04	004	s01e01a		592	1.49	882.08	True	exact	True
friends	04	004	s01e01b		592	1.49	882.08	True	exact	True
friends	04	004	s01e05a		468	1.49	697.32	True	exact	True
friends	04	004	s01e05b		468	1.49	697.32	True	exact	True
friends	04	004	s01e06a		488	1.49	727.12	True	exact	True
friends	04	004	s01e06b		488	1.49	727.12	True	exact	True
friends	04	005	s01e07a		493	1.49	734.57	True	exact	True
friends	04	005	s01e07b		493	1.49	734.57	True	exact	True
friends	04	005	s01e08a		476	1.49	709.24	True	exact	True
friends	04	005	s01e08b		476	1.49	709.24	True	exact	True
friends	04	006	s01e09a		468	1.49	697.32	True	exact	True
friends	04	006	s01e09b		468	1.49	697.32	True	exact	True
friends	04	006	s01e10a		496	1.49	739.04	True	exact	True
friends	04	006	s01e10b		496	1.49	739.04	True	exact	True
friends	04	007	s01e11a		477	1.49	710.73	True	exact	True
friends	04	007	s01e11b		477	1.49	710.73	True	exact	True
friends	04	007	s01e12a		472	1.49	703.28	True	exact	True
friends	04	007	s01e12b		471	1.49	701.79	True	exact	True
friends	04	008	s01e14a		491	1.49	731.59	True	exact	True
friends	04	008	s01e14b		491	1.49	731.59	True	exact	True
friends	04	008	s01e15a		477	1.49	710.73	True	exact	True
friends	04	008	s01e15b		477	1.49	710.73	True	exact	True
friends	04	009	s01e16a		483	1.49	719.67	True	exact	True
friends	04	009	s01e16b		483	1.49	719.67	True	exact	True
friends	04	009	s01e17a		483	1.49	719.67	True	exact	True
friends	04	009	s01e17b		483	1.49	719.67	True	exact	True
friends	04	009	s01e18a		497	1.49	740.53	True	exact	True
friends	04	009	s01e18b		497	1.49	740.53	True	exact	True
friends	04	010	s01e19a		460	1.49	685.4	True	exact	True
friends	04	010	s01e19b		460	1.49	685.4	True	exact	True
friends	04	010	s01e20a		460	1.49	685.4	True	exact	True
friends	04	010	s01e20b		460	1.49	685.4	True	exact	True
friends	04	010	s01e21a		477	1.49	710.73	True	exact	True
friends	04	010	s01e21b		477	1.49	710.73	True	exact	True
friends	04	011	s01e22a		474	1.49	706.26	True	exact	True
friends	04	011	s01e22b		474	1.49	706.26	True	exact	True
friends	04	011	s01e23a		462	1.49	688.38	True	exact	True
friends	04	011	s01e23b		462	1.49	688.38	True	exact	True
friends	04	011	s01e24a		515	1.49	767.35	True	exact	True
friends	04	011	s01e24b		515	1.49	767.35	True	exact	True
friends	04	012	s02e01a		477	1.49	710.73	True	exact	True
friends	04	012	s02e01b		477	1.49	710.73	True	exact	True
friends	04	013	s02e02a		450	1.49	670.5	True	exact	True
friends	04	013	s02e02b		450	1.49	670.5	True	exact	True
friends	04	013	s02e03a		464	1.49	691.36	True	exact	True
friends	04	013	s02e03b		464	1.49	691.36	True	exact	True
friends	04	014	s02e04a		454	1.49	676.46	True	exact	True
friends	04	014	s02e04b		454	1.49	676.46	True	exact	True
friends	04	014	s02e05a		455	1.49	677.95	True	exact	True
friends	04	014	s02e05b		455	1.49	677.95	True	exact	True
friends	04	014	s02e06a		500	1.49	745.0	True	exact	True
friends	04	014	s02e06b		500	1.49	745.0	True	exact	True
friends	04	014	s02e07a		496	1.49	739.04	True	exact	True
friends	04	014	s02e07b		496	1.49	739.04	True	exact	True
friends	04	015	s02e08a		458	1.49	682.42	True	exact	True
friends	04	015	s02e08b		458	1.49	682.42	True	exact	True
friends	04	015	s02e09a		452	1.49	673.48	True	exact	True
friends	04	015	s02e09b		452	1.49	673.48	True	exact	True
friends	04	015	s02e10a		479	1.49	713.71	True	exact	True
friends	04	015	s02e10b		479	1.49	713.71	True	exact	True
friends	04	016	s02e11a		488	1.49	727.12	True	exact	True
friends	04	016	s02e11b		488	1.49	727.12	True	exact	True
friends	04	016	s02e12a		488	1.49	727.12	True	exact	True
friends	04	016	s02e12b		488	1.49	727.12	True	exact	True
friends	04	017	s02e13a		488	1.49	727.12	True	exact	True
friends	04	017	s02e13b		488	1.49	727.12	True	exact	True
friends	04	017	s02e14a		474	1.49	706.26	True	exact	True
friends	04	017	s02e14b		474	1.49	706.26	True	exact	True
friends	04	017	s02e15a		466	1.49	694.34	True	exact	True
friends	04	017	s02e15b		466	1.49	694.34	True	exact	True
friends	04	018	s02e16a		478	1.49	712.22	True	exact	True
friends	04	018	s02e16b		478	1.49	712.22	True	exact	True
friends	04	018	s02e17a		489	1.49	728.61	True	exact	True
friends	04	018	s02e17b		489	1.49	728.61	True	exact	True
friends	04	018	s02e18a		460	1.49	685.4	True	exact	True
friends	04	018	s02e18b		460	1.49	685.4	True	exact	True
friends	04	019	s02e19a		478	1.49	712.22	True	exact	True
friends	04	019	s02e19b		478	1.49	712.22	True	exact	True
friends	04	019	s02e20a		449	1.49	669.01	True	exact	True
friends	04	019	s02e20b		449	1.49	669.01	True	exact	True
friends	04	019	s02e21a		470	1.49	700.3	True	exact	True
friends	04	019	s02e21b		470	1.49	700.3	True	exact	True
friends	04	020	s02e22a		453	1.49	674.97	True	exact	True
friends	04	020	s02e22b		453	1.49	674.97	True	exact	True
friends	04	020	s02e23a		456	1.49	679.4399999999999	True	exact	True
friends	04	020	s02e23b		456	1.49	679.4399999999999	True	exact	True
friends	04	021	s02e24a		469	1.49	698.81	True	exact	True
friends	04	021	s02e24b		469	1.49	698.81	True	exact	True
friends	04	022	s01e13a		468	1.49	697.32	True	exact	True
friends	04	022	s01e13b		468	1.49	697.32	True	exact	True
friends	04	023	s03e01a		491	1.49	731.59	True	exact	False
friends	04	023	s03e01b		491	1.49	731.59	True	exact	False
friends	04	023	s03e02a		475	1.49	707.75	True	exact	False
friends	04	023	s03e02b		475	1.49	707.75	True	exact	False
friends	04	024	s03e03a		454	1.49	676.46	True	exact	False
friends	04	024	s03e03b		454	1.49	676.46	True	exact	False
friends	04	024	s03e04a		473	1.49	704.77	True	exact	False
friends	04	024	s03e04b		473	1.49	704.77	True	exact	False
friends	04	024	s03e05a		484	1.49	721.16	True	exact	False
friends	04	024	s03e05b		484	1.49	721.16	True	exact	False
friends	04	025	s03e06a		470	1.49	700.3	True	exact	False
friends	04	025	s03e06b		470	1.49	700.3	True	exact	False
friends	04	025	s03e07a		467	1.49	695.83	True	exact	False
friends	04	025	s03e07b		467	1.49	695.83	True	exact	False
friends	04	026	s03e08a		460	1.49	685.4	True	exact	False
friends	04	026	s03e08b		460	1.49	685.4	True	exact	False
friends	04	026	s03e09a		493	1.49	734.57	True	exact	False
friends	04	026	s03e09b		493	1.49	734.57	True	exact	False
friends	04	027	s03e10a		451	1.49	671.99	True	exact	False
friends	04	027	s03e10b		451	1.49	671.99	True	exact	False
friends	04	027	s03e11a		457	1.49	680.93	True	exact	False
friends	04	027	s03e11b		456	1.49	679.4399999999999	True	exact	False
friends	04	028	s03e12a		464	1.49	691.36	True	exact	False
friends	04	028	s03e12b		464	1.49	691.36	True	exact	False
friends	04	028	s03e13a		474	1.49	706.26	True	exact	False
friends	04	028	s03e13b		473	1.49	704.77	True	exact	False
friends	04	028	s03e14a		458	1.49	682.42	True	exact	False
friends	04	028	s03e14b		458	1.49	682.42	True	exact	False
friends	04	029	s03e15a		458	1.49	682.42	True	exact	False
friends	04	029	s03e15b		458	1.49	682.42	True	exact	False
friends	04	029	s03e16a		468	1.49	697.32	True	exact	False
friends	04	029	s03e16b		468	1.49	697.32	True	exact	False
friends	04	030	s03e17a		454	1.49	676.46	True	exact	False
friends	04	030	s03e17b		453	1.49	674.97	True	exact	False
friends	04	030	s03e18a		469	1.49	698.81	True	exact	False
friends	04	030	s03e18b		469	1.49	698.81	True	exact	False
friends	04	030	s03e19a		468	1.49	697.32	True	exact	False
friends	04	030	s03e19b		468	1.49	697.32	True	exact	False
friends	04	031	s03e20a		464	1.49	691.36	True	exact	False
friends	04	031	s03e20b		464	1.49	691.36	True	exact	False
friends	04	031	s03e21a		460	1.49	685.4	True	exact	False
friends	04	031	s03e21b		460	1.49	685.4	True	exact	False
friends	04	032	s03e22a		463	1.49	689.87	True	exact	False
friends	04	032	s03e22b		463	1.49	689.87	True	exact	False
friends	04	032	s03e23a		470	1.49	700.3	True	exact	False
friends	04	032	s03e23b		470	1.49	700.3	True	exact	False
friends	04	032	s03e24a		454	1.49	676.46	True	exact	False
friends	04	032	s03e24b		454	1.49	676.46	True	exact	False
friends	04	032	s03e25a		479	1.49	713.71	True	exact	False
friends	04	032	s03e25b		479	1.49	713.71	True	exact	False
friends	04	032	s04e01a		468	1.49	697.32	True	exact	False
friends	04	032	s04e01b		468	1.49	697.32	True	exact	False
friends	04	033	s04e02a		478	1.49	712.22	True	exact	False
friends	04	033	s04e02b		478	1.49	712.22	True	exact	False
friends	04	033	s04e03a		445	1.49	663.05	True	exact	False
friends	04	033	s04e03b		445	1.49	663.05	True	exact	False
friends	04	033	s04e04a		453	1.49	674.97	True	exact	False
friends	04	033	s04e04b		453	1.49	674.97	True	exact	False
friends	04	034	s04e05a		471	1.49	701.79	True	exact	False
friends	04	034	s04e05b		471	1.49	701.79	True	exact	False
friends	04	034	s04e06a		465	1.49	692.85	True	exact	False
friends	04	034	s04e06b		465	1.49	692.85	True	exact	False
friends	04	034	s04e07a		497	1.49	740.53	True	exact	False
friends	04	034	s04e07b		497	1.49	740.53	True	exact	False
friends	04	035	s04e08a		503	1.49	749.47	True	exact	False
friends	04	035	s04e08b		503	1.49	749.47	True	exact	False
friends	04	035	s04e09a		441	1.49	657.09	True	exact	False
friends	04	035	s04e09b		441	1.49	657.09	True	exact	False
friends	04	036	s04e10a		449	1.49	669.01	True	exact	False
friends	04	036	s04e10b		449	1.49	669.01	True	exact	False
friends	04	036	s04e11a		483	1.49	719.67	True	exact	False
friends	04	036	s04e11b		483	1.49	719.67	True	exact	False
friends	04	036	s04e12a		466	1.49	694.34	True	exact	False
friends	04	036	s04e12b		466	1.49	694.34	True	exact	False
friends	04	037	s04e13a		448	1.49	667.52	True	exact	False
friends	04	037	s04e13b		448	1.49	667.52	True	exact	False
friends	04	037	s04e14a		447	1.49	666.03	True	exact	False
friends	04	037	s04e14b		447	1.49	666.03	True	exact	False
friends	04	038	s04e15a		444	1.49	661.56	True	exact	False
friends	04	038	s04e15b		444	1.49	661.56	True	exact	False
friends	04	038	s04e16a		487	1.49	725.63	True	exact	False
friends	04	038	s04e16b		487	1.49	725.63	True	exact	False
friends	04	038	s04e17a		478	1.49	712.22	True	exact	False
friends	04	038	s04e17b		478	1.49	712.22	True	exact	False
friends	04	039	s04e18a		450	1.49	670.5	True	exact	False
friends	04	039	s04e18b		450	1.49	670.5	True	exact	False
friends	04	039	s04e19a		437	1.49	651.13	True	exact	False
friends	04	039	s04e19b		437	1.49	651.13	True	exact	False
friends	04	040	s04e20a		447	1.49	666.03	True	exact	False
friends	04	040	s04e20b		447	1.49	666.03	True	exact	False
friends	04	040	s04e21a		448	1.49	667.52	True	exact	False
friends	04	040	s04e21b		448	1.49	667.52	True	exact	False
friends	04	041	s04e22a		459	1.49	683.91	True	exact	False
friends	04	041	s04e22b		459	1.49	683.91	True	exact	False
friends	04	042	s04e23a		505	1.49	752.45	True	exact	False
friends	04	042	s04e23b		504	1.49	750.96	True	exact	False
friends	04	042	s04e23c		504	1.49	750.96	True	exact	False
friends	04	042	s04e23d		504	1.49	750.96	True	exact	False
friends	04	043	s05e01a		439	1.49	654.11	True	exact	False
friends	04	043	s05e01b		474	1.49	706.26	True	exact	False
friends	04	043	s05e02a		495	1.49	737.55	True	exact	False
friends	04	043	s05e02b		531	1.49	791.1899999999999	True	exact	False
friends	05	001	s01e02a		482	1.49	718.18	True	exact	True
friends	05	001	s01e02b		482	1.49	718.18	True	exact	True
friends	05	002	s01e01a		592	1.49	882.08	True	exact	True
friends	05	002	s01e01b		592	1.49	882.08	True	exact	True
friends	05	002	s01e05a		468	1.49	697.32	True	exact	True
friends	05	002	s01e05b		468	1.49	697.32	True	exact	True
friends	05	002	s01e06a		488	1.49	727.12	True	exact	True
friends	05	002	s01e06b		488	1.49	727.12	True	exact	True
friends	05	002	s01e07a		493	1.49	734.57	True	exact	True
friends	05	002	s01e07b		493	1.49	734.57	True	exact	True
friends	05	003	s01e08a		476	1.49	709.24	True	exact	True
friends	05	003	s01e08b		476	1.49	709.24	True	exact	True
friends	05	003	s01e09a		468	1.49	697.32	True	exact	True
friends	05	003	s01e09b		468	1.49	697.32	True	exact	True
friends	05	003	s01e10a		496	1.49	739.04	True	exact	True
friends	05	003	s01e10b		496	1.49	739.04	True	exact	True
friends	05	003	s01e11a		477	1.49	710.73	True	exact	True
friends	05	003	s01e11b		477	1.49	710.73	True	exact	True
friends	05	003	s01e12a		472	1.49	703.28	True	exact	True
friends	05	003	s01e12b		471	1.49	701.79	True	exact	True
friends	05	004	s01e13a		468	1.49	697.32	True	exact	True
friends	05	004	s01e13b		468	1.49	697.32	True	exact	True
friends	05	004	s01e14a		491	1.49	731.59	True	exact	True
friends	05	004	s01e14b		491	1.49	731.59	True	exact	True
friends	05	004	s01e15a		477	1.49	710.73	True	exact	True
friends	05	004	s01e15b		477	1.49	710.73	True	exact	True
friends	05	004	s01e16a		483	1.49	719.67	True	exact	True
friends	05	004	s01e16b		483	1.49	719.67	True	exact	True
friends	05	004	s01e17a		483	1.49	719.67	True	exact	True
friends	05	004	s01e17b		483	1.49	719.67	True	exact	True
friends	05	005	s01e18a		497	1.49	740.53	True	exact	True
friends	05	005	s01e18b		497	1.49	740.53	True	exact	True
friends	05	005	s01e19a		460	1.49	685.4	True	exact	True
friends	05	005	s01e19b		460	1.49	685.4	True	exact	True
friends	05	005	s01e20a		460	1.49	685.4	True	exact	True
friends	05	005	s01e20b		460	1.49	685.4	True	exact	True
friends	05	005	s01e21a		477	1.49	710.73	True	exact	True
friends	05	005	s01e21b		477	1.49	710.73	True	exact	True
friends	05	006	s01e22a		474	1.49	706.26	True	exact	True
friends	05	006	s01e22b		474	1.49	706.26	True	exact	True
friends	05	006	s01e23a		462	1.49	688.38	True	exact	True
friends	05	006	s01e23b		462	1.49	688.38	True	exact	True
friends	05	006	s01e24a		515	1.49	767.35	True	exact	True
friends	05	006	s01e24b		515	1.49	767.35	True	exact	True
friends	05	006	s02e01a		477	1.49	710.73	True	exact	True
friends	05	006	s02e01b		477	1.49	710.73	True	exact	True
friends	05	007	s02e02a		450	1.49	670.5	True	exact	True
friends	05	007	s02e02b		450	1.49	670.5	True	exact	True
friends	05	007	s02e03a		464	1.49	691.36	True	exact	True
friends	05	007	s02e03b		464	1.49	691.36	True	exact	True
friends	05	007	s02e04a		454	1.49	676.46	True	exact	True
friends	05	007	s02e04b		454	1.49	676.46	True	exact	True
friends	05	007	s02e05a		455	1.49	677.95	True	exact	True
friends	05	007	s02e05b		455	1.49	677.95	True	exact	True
friends	05	007	s02e06a		500	1.49	745.0	True	exact	True
friends	05	007	s02e06b		500	1.49	745.0	True	exact	True
friends	05	008	s02e07a		496	1.49	739.04	True	exact	True
friends	05	008	s02e07b		496	1.49	739.04	True	exact	True
friends	05	008	s02e08a		458	1.49	682.42	True	exact	True
friends	05	008	s02e08b		458	1.49	682.42	True	exact	True
friends	05	008	s02e09a		452	1.49	673.48	True	exact	True
friends	05	008	s02e09b		452	1.49	673.48	True	exact	True
friends	05	008	s02e10a		479	1.49	713.71	True	exact	True
friends	05	008	s02e10b		479	1.49	713.71	True	exact	True
friends	05	008	s02e11a		488	1.49	727.12	True	exact	True
friends	05	008	s02e11b		488	1.49	727.12	True	exact	True
friends	05	008	s02e12a		488	1.49	727.12	True	exact	True
friends	05	008	s02e12b		488	1.49	727.12	True	exact	True
friends	05	009	s02e13a		488	1.49	727.12	True	exact	True
friends	05	009	s02e13b		488	1.49	727.12	True	exact	True
friends	05	009	s02e14a		474	1.49	706.26	True	exact	True
friends	05	009	s02e14b		474	1.49	706.26	True	exact	True
friends	05	009	s02e15a		466	1.49	694.34	True	exact	True
friends	05	009	s02e15b		466	1.49	694.34	True	exact	True
friends	05	009	s02e16a		478	1.49	712.22	True	exact	True
friends	05	009	s02e16b		478	1.49	712.22	True	exact	True
friends	05	009	s02e17a		489	1.49	728.61	True	exact	True
friends	05	009	s02e17b		489	1.49	728.61	True	exact	True
friends	05	009	s02e18a		460	1.49	685.4	True	exact	True
friends	05	009	s02e18b		460	1.49	685.4	True	exact	True
friends	05	010	s02e19a		478	1.49	712.22	True	exact	True
friends	05	010	s02e19b		478	1.49	712.22	True	exact	True
friends	05	010	s02e20a		449	1.49	669.01	True	exact	True
friends	05	010	s02e20b		449	1.49	669.01	True	exact	True
friends	05	011	s02e21a		470	1.49	700.3	True	exact	True
friends	05	011	s02e21b		470	1.49	700.3	True	exact	True
friends	05	011	s02e22a		453	1.49	674.97	True	exact	True
friends	05	011	s02e22b		453	1.49	674.97	True	exact	True
friends	05	011	s02e23a		456	1.49	679.4399999999999	True	exact	True
friends	05	011	s02e23b		456	1.49	679.4399999999999	True	exact	True
friends	05	011	s02e24a		469	1.49	698.81	True	exact	True
friends	05	011	s02e24b		469	1.49	698.81	True	exact	True
friends	05	012	s01e03a		472	1.49	703.28	True	exact	True
friends	05	012	s01e03b		472	1.49	703.28	True	exact	True
friends	05	012	s01e04a		503	1.49	749.47	True	exact	True
friends	05	012	s01e04b		503	1.49	749.47	True	exact	True
friends	05	013	s03e01a		491	1.49	731.59	True	exact	False
friends	05	013	s03e01b		491	1.49	731.59	True	exact	False
friends	05	013	s03e02a		475	1.49	707.75	True	exact	False
friends	05	013	s03e02b		475	1.49	707.75	True	exact	False
friends	05	013	s03e03a		454	1.49	676.46	True	exact	False
friends	05	013	s03e03b		454	1.49	676.46	True	exact	False
friends	05	013	s03e04a		473	1.49	704.77	True	exact	False
friends	05	013	s03e04b		473	1.49	704.77	True	exact	False
friends	05	013	s03e05a		484	1.49	721.16	True	exact	False
friends	05	013	s03e05b		484	1.49	721.16	True	exact	False
friends	05	014	s03e06a		470	1.49	700.3	True	exact	False
friends	05	014	s03e06b		470	1.49	700.3	True	exact	False
friends	05	014	s03e07a		467	1.49	695.83	True	exact	False
friends	05	014	s03e07b		467	1.49	695.83	True	exact	False
friends	05	014	s03e08a		460	1.49	685.4	True	exact	False
friends	05	014	s03e08b		460	1.49	685.4	True	exact	False
friends	05	014	s03e09a		493	1.49	734.57	True	exact	False
friends	05	014	s03e09b		493	1.49	734.57	True	exact	False
friends	05	014	s03e10a		451	1.49	671.99	True	exact	False
friends	05	014	s03e10b		451	1.49	671.99	True	exact	False
friends	05	014	s03e11a		457	1.49	680.93	True	exact	False
friends	05	014	s03e11b		456	1.49	679.4399999999999	True	exact	False
friends	05	015	s03e12a		464	1.49	691.36	True	exact	False
friends	05	015	s03e12b		464	1.49	691.36	True	exact	False
friends	05	015	s03e13a		474	1.49	706.26	True	exact	False
friends	05	015	s03e13b		473	1.49	704.77	True	exact	False
friends	05	016	s03e14a		458	1.49	682.42	True	exact	False
friends	05	016	s03e14b		458	1.49	682.42	True	exact	False
friends	05	016	s03e15a		458	1.49	682.42	True	exact	False
friends	05	016	s03e15b		458	1.49	682.42	True	exact	False
friends	05	017	s03e16a		468	1.49	697.32	True	exact	False
friends	05	017	s03e16b		468	1.49	697.32	True	exact	False
friends	05	017	s03e17a		454	1.49	676.46	True	exact	False
friends	05	017	s03e17b		453	1.49	674.97	True	exact	False
friends	05	017	s03e18a		469	1.49	698.81	True	exact	False
friends	05	017	s03e18b		469	1.49	698.81	True	exact	False
friends	05	017	s03e19a		468	1.49	697.32	True	exact	False
friends	05	017	s03e19b		468	1.49	697.32	True	exact	False
friends	05	017	s03e20a		464	1.49	691.36	True	exact	False
friends	05	017	s03e20b		464	1.49	691.36	True	exact	False
friends	05	017	s03e21a		460	1.49	685.4	True	exact	False
friends	05	017	s03e21b		460	1.49	685.4	True	exact	False
friends	05	018	s03e22a		463	1.49	689.87	True	exact	False
friends	05	018	s03e22b		463	1.49	689.87	True	exact	False
friends	05	018	s03e23a		470	1.49	700.3	True	exact	False
friends	05	018	s03e23b		470	1.49	700.3	True	exact	False
friends	05	019	s03e24a		454	1.49	676.46	True	exact	False
friends	05	019	s03e24b		454	1.49	676.46	True	exact	False
friends	05	019	s03e25a		479	1.49	713.71	True	exact	False
friends	05	019	s03e25b		479	1.49	713.71	True	exact	False
friends	05	020	s04e02a		478	1.49	712.22	True	exact	False
friends	05	020	s04e02b		478	1.49	712.22	True	exact	False
friends	05	021	s04e03a		445	1.49	663.05	True	exact	False
friends	05	021	s04e03b		445	1.49	663.05	True	exact	False
friends	05	022	s04e04a		453	1.49	674.97	True	exact	False
friends	05	022	s04e04b		453	1.49	674.97	True	exact	False
friends	05	022	s04e05a		471	1.49	701.79	True	exact	False
friends	05	022	s04e05b		471	1.49	701.79	True	exact	False
friends	05	022	s04e06a		465	1.49	692.85	True	exact	False
friends	05	022	s04e06b		465	1.49	692.85	True	exact	False
friends	05	022	s04e07a		497	1.49	740.53	True	exact	False
friends	05	022	s04e07b		497	1.49	740.53	True	exact	False
friends	05	022	s04e08a		503	1.49	749.47	True	exact	False
friends	05	022	s04e08b		503	1.49	749.47	True	exact	False
friends	05	023	s04e09a		441	1.49	657.09	True	exact	False
friends	05	023	s04e09b		441	1.49	657.09	True	exact	False
friends	05	023	s04e10a		449	1.49	669.01	True	exact	False
friends	05	023	s04e10b		449	1.49	669.01	True	exact	False
friends	05	024	s04e11a		483	1.49	719.67	True	exact	False
friends	05	024	s04e11b		483	1.49	719.67	True	exact	False
friends	05	024	s04e12a		466	1.49	694.34	True	exact	False
friends	05	024	s04e12b		466	1.49	694.34	True	exact	False
friends	05	024	s04e13a		448	1.49	667.52	True	exact	False
friends	05	025	s04e14a		447	1.49	666.03	True	exact	False
friends	05	025	s04e14b		447	1.49	666.03	True	exact	False
friends	05	025	s04e15a		444	1.49	661.56	True	exact	False
friends	05	025	s04e15b		444	1.49	661.56	True	exact	False
friends	05	025	s04e16a		487	1.49	725.63	True	exact	False
friends	05	025	s04e16b		487	1.49	725.63	True	exact	False
friends	05	025	s04e17a		478	1.49	712.22	True	exact	False
friends	05	025	s04e17b		478	1.49	712.22	True	exact	False
friends	05	025	s04e18a		450	1.49	670.5	True	exact	False
friends	05	025	s04e18b		450	1.49	670.5	True	exact	False
friends	05	026	s04e19a		437	1.49	651.13	True	exact	False
friends	05	026	s04e19b		437	1.49	651.13	True	exact	False
friends	05	026	s04e20a		447	1.49	666.03	True	exact	False
friends	05	026	s04e20b		447	1.49	666.03	True	exact	False
friends	05	026	s04e21a		448	1.49	667.52	True	exact	False
friends	05	026	s04e21b		448	1.49	667.52	True	exact	False
friends	05	026	s04e22a		459	1.49	683.91	True	exact	False
friends	05	026	s04e22b		459	1.49	683.91	True	exact	False
friends	05	026	s04e23a		505	1.49	752.45	True	exact	False
friends	05	026	s04e23b		504	1.49	750.96	True	exact	False
friends	05	026	s04e23c		504	1.49	750.96	True	exact	False
friends	05	026	s04e23d		504	1.49	750.96	True	exact	False
friends	05	027	s05e01a		439	1.49	654.11	True	exact	False
friends	05	027	s05e01b		474	1.49	706.26	True	exact	False
friends	05	027	s05e02a		495	1.49	737.55	True	exact	False
friends	05	027	s05e02b		531	1.49	791.1899999999999	True	exact	False
friends	05	027	s05e03a		444	1.49	661.56	True	exact	False
friends	05	027	s05e03b		474	1.49	706.26	True	exact	False
friends	05	027	s05e04a		488	1.49	727.12	True	exact	False
friends	05	027	s05e04b		524	1.49	780.76	True	exact	False
friends	05	027	s05e05a		486	1.49	724.14	True	exact	False
friends	05	027	s05e05b		521	1.49	776.29	True	exact	False
friends	05	027	s05e06a		459	1.49	683.91	True	exact	False
friends	05	027	s05e06b		493	1.49	734.57	True	exact	False
friends	05	030	s05e07a		459	1.49	683.91	True	exact	False
friends	05	030	s05e07b		493	1.49	734.57	True	exact	False
friends	05	030	s05e08a		446	1.49	664.54	True	exact	False
friends	05	030	s05e08b		480	1.49	715.2	True	exact	False
friends	05	031	s05e09a		456	1.49	679.4399999999999	True	exact	False
friends	05	031	s05e09b		490	1.49	730.1	True	exact	False
friends	05	031	s05e10a		450	1.49	670.5	True	exact	False
friends	05	031	s05e10b		484	1.49	721.16	True	exact	False
friends	05	031	s05e11a		476	1.49	709.24	True	exact	False
friends	05	031	s05e11b		511	1.49	761.39	True	exact	False
friends	05	032	s05e12a		445	1.49	663.05	True	exact	False
friends	05	032	s05e12b		480	1.49	715.2	True	exact	False
friends	05	032	s05e13a		460	1.49	685.4	True	exact	False
friends	05	032	s05e13b		494	1.49	736.06	True	exact	False
friends	05	032	s05e14a		486	1.49	724.14	True	exact	False
friends	05	032	s05e14b		520	1.49	774.8	True	exact	False
friends	05	033	s05e15a		443	1.49	660.07	True	exact	False
friends	05	033	s05e15b		477	1.49	710.73	True	exact	False
friends	05	033	s05e16a		485	1.49	722.65	True	exact	False
friends	05	033	s05e16b		519	1.49	773.31	True	exact	False
friends	05	034	s05e17a		452	1.49	673.48	True	exact	False
friends	05	034	s05e17b		486	1.49	724.14	True	exact	False
friends	05	034	s05e18a		501	1.49	746.49	True	exact	False
friends	05	034	s05e18b		535	1.49	797.15	True	exact	False
friends	05	034	s05e19a		446	1.49	664.54	True	exact	False
friends	05	034	s05e19b		480	1.49	715.2	True	exact	False
friends	05	035	s05e20a		456	1.49	679.4399999999999	True	exact	False
friends	05	035	s05e20b		490	1.49	730.1	True	exact	False
friends	05	035	s05e21a		444	1.49	661.56	True	exact	False
friends	05	035	s05e21b		478	1.49	712.22	True	exact	False
friends	05	035	s05e22a		450	1.49	670.5	True	exact	False
friends	05	035	s05e22b		484	1.49	721.16	True	exact	False
friends	05	036	s05e23a		454	1.49	676.46	True	exact	False
friends	05	036	s05e23b		458	1.49	682.42	True	exact	False
friends	05	036	s05e23c		458	1.49	682.42	True	exact	False
friends	05	036	s05e23d		488	1.49	727.12	True	exact	False
friends	05	037	s06e01a		465	1.49	692.85	True	exact	False
friends	05	037	s06e01b		499	1.49	743.51	True	exact	False
friends	05	038	s06e02a		453	1.49	674.97	True	exact	False
friends	05	038	s06e02b		487	1.49	725.63	True	exact	False
friends	05	038	s06e03a		439	1.49	654.11	True	exact	False
friends	05	038	s06e03b		473	1.49	704.77	True	exact	False
friends	05	039	s06e04a		439	1.49	654.11	True	exact	False
friends	05	039	s06e04b		474	1.49	706.26	True	exact	False
friends	05	039	s06e05a		452	1.49	673.48	True	exact	False
friends	05	039	s06e05b		486	1.49	724.14	True	exact	False
friends	05	039	s06e06a		443	1.49	660.07	True	exact	False
friends	05	039	s06e06b		478	1.49	712.22	True	exact	False
friends	05	040	s06e07a		445	1.49	663.05	True	exact	False
friends	05	040	s06e07b		479	1.49	713.71	True	exact	False
friends	05	040	s06e08a		438	1.49	652.62	True	exact	False
friends	05	040	s06e08b		472	1.49	703.28	True	exact	False
friends	05	040	s06e09a		504	1.49	750.96	True	exact	False
friends	05	040	s06e09b		537	1.49	800.13	True	exact	False
friends	05	041	s06e10a		466	1.49	694.34	True	exact	False
friends	05	041	s06e10b		500	1.49	745.0	True	exact	False
friends	05	041	s06e11a		450	1.49	670.5	True	exact	False
friends	05	041	s06e11b		484	1.49	721.16	True	exact	False
friends	05	042	s06e12a		435	1.49	648.15	True	exact	False
friends	05	042	s06e12b		470	1.49	700.3	True	exact	False
friends	05	042	s06e13a		470	1.49	700.3	True	exact	False
friends	05	042	s06e13b		504	1.49	750.96	True	exact	False
friends	05	042	s06e14a		461	1.49	686.89	True	exact	False
friends	05	042	s06e14b		495	1.49	737.55	True	exact	False
friends	05	043	s06e15a		456	1.49	679.4399999999999	True	exact	False
friends	05	043	s06e15b		460	1.49	685.4	True	exact	False
friends	05	043	s06e15c		460	1.49	685.4	True	exact	False
friends	05	043	s06e15d		490	1.49	730.1	True	exact	False
friends	05	043	s06e17a		428	1.49	637.72	True	exact	False
friends	05	043	s06e17b		462	1.49	688.38	True	exact	False
friends	05	044	s06e18a		435	1.49	648.15	True	exact	False
friends	05	044	s06e18b		470	1.49	700.3	True	exact	False
friends	05	044	s06e19a		434	1.49	646.66	True	exact	False
friends	05	044	s06e19b		468	1.49	697.32	True	exact	False
friends	05	044	s06e20a		431	1.49	642.1899999999999	True	exact	False
friends	05	044	s06e20b		465	1.49	692.85	True	exact	False
friends	05	045	s06e21a		460	1.49	685.4	True	exact	False
friends	05	045	s06e21b		494	1.49	736.06	True	exact	False
friends	05	045	s06e22a		452	1.49	673.48	True	exact	False
friends	05	045	s06e22b		486	1.49	724.14	True	exact	False
friends	05	045	s06e23a		486	1.49	724.14	True	exact	False
friends	05	045	s06e23b		520	1.49	774.8	True	exact	False
friends	05	046	s06e24a		457	1.49	680.93	True	exact	False
friends	05	046	s06e24b		461	1.49	686.89	True	exact	False
friends	05	046	s06e24c		461	1.49	686.89	True	exact	False
friends	05	046	s06e24d		490	1.49	730.1	True	exact	False
friends	05	047	s07e01a		460	1.49	685.4	False	unmatched	False
friends	05	047	s07e01b		494	1.49	736.06	False	unmatched	False
friends	05	047	s07e02a		492	1.49	733.08	False	unmatched	False
friends	05	047	s07e02b		526	1.49	783.74	False	unmatched	False
friends	05	047	s07e03a		417	1.49	621.33	False	unmatched	False
friends	05	048	s07e01a		460	1.49	685.4	False	unmatched	False
friends	05	048	s07e01b		494	1.49	736.06	False	unmatched	False
friends	05	049	s07e03b		452	1.49	673.48	False	unmatched	False
friends	05	049	s07e04a		447	1.49	666.03	False	unmatched	False
friends	05	050	s07e06b		513	1.49	764.37	False	unmatched	False
friends	05	050	s07e07a		473	1.49	704.77	False	unmatched	False
friends	05	050	s07e07b		507	1.49	755.43	False	unmatched	False
friends	05	050	s07e08a		474	1.49	706.26	False	unmatched	False
friends	05	050	s07e08b		509	1.49	758.41	False	unmatched	False
friends	05	050	s07e09a		450	1.49	670.5	False	unmatched	False
friends	05	051	s07e09b		484	1.49	721.16	False	unmatched	False
friends	05	051	s07e10a		459	1.49	683.91	False	unmatched	False
friends	05	051	s07e10b		493	1.49	734.57	False	unmatched	False
friends	05	051	s07e11a		464	1.49	691.36	False	unmatched	False
friends	05	051	s07e11b		498	1.49	742.02	False	unmatched	False
friends	05	052	s07e12a		452	1.49	673.48	False	unmatched	False
friends	05	052	s07e12b		486	1.49	724.14	False	unmatched	False
friends	05	053	s07e13a		539	1.49	803.11	False	unmatched	False
friends	05	053	s07e13b		574	1.49	855.26	False	unmatched	False
friends	05	053	s07e14a		466	1.49	694.34	False	unmatched	False
friends	05	053	s07e14b		500	1.49	745.0	False	unmatched	False
friends	05	054	s07e15a		566	1.49	843.34	False	unmatched	False
friends	05	054	s07e15b		600	1.49	894.0	False	unmatched	False
friends	05	054	s07e16a		398	1.49	593.02	False	unmatched	False
friends	05	055	s07e16b		402	1.49	598.98	False	unmatched	False
friends	05	055	s07e16c		432	1.49	643.68	False	unmatched	False
friends	05	055	s07e17a		433	1.49	645.17	False	unmatched	False
friends	05	056	s07e17b		467	1.49	695.83	False	unmatched	False
friends	05	056	s07e18a		477	1.49	710.73	False	unmatched	False
friends	05	056	s07e18b		511	1.49	761.39	False	unmatched	False
friends	05	056	s07e19a		437	1.49	651.13	False	unmatched	False
friends	05	056	s07e19b		471	1.49	701.79	False	unmatched	False
friends	05	057	s07e20a		454	1.49	676.46	False	unmatched	False
friends	05	057	s07e20b		488	1.49	727.12	False	unmatched	False
friends	05	057	s07e21a		429	1.49	639.21	False	unmatched	False
friends	05	057	s07e21b		464	1.49	691.36	False	unmatched	False
friends	05	057	s07e22a		471	1.49	701.79	False	unmatched	False
friends	05	057	s07e22b		505	1.49	752.45	False	unmatched	False
friends	05	057	s07e23a		480	1.49	715.2	False	unmatched	False
friends	05	057	s07e23b		484	1.49	721.16	False	unmatched	False
friends	05	057	s07e23c		484	1.49	721.16	False	unmatched	False
friends	05	057	s07e23d		515	1.49	767.35	False	unmatched	False
friends	06	001	s01e02a		482	1.49	718.18	True	exact	True
friends	06	001	s01e02b		482	1.49	718.18	True	exact	True
friends	06	001	s01e03a		472	1.49	703.28	True	exact	True
friends	06	001	s01e03b		472	1.49	703.28	True	exact	True
friends	06	001	s01e04a		503	1.49	749.47	True	exact	True
friends	06	001	s01e04b		503	1.49	749.47	True	exact	True
friends	06	001	s01e05a		468	1.49	697.32	True	exact	True
friends	06	001	s01e05b		468	1.49	697.32	True	exact	True
friends	06	001	s01e06a		488	1.49	727.12	True	exact	True
friends	06	001	s01e06b		488	1.49	727.12	True	exact	True
friends	06	002	s01e01a		592	1.49	882.08	True	exact	True
friends	06	002	s01e01b		592	1.49	882.08	True	exact	True
friends	06	002	s01e07a		493	1.49	734.57	True	exact	True
friends	06	002	s01e07b		493	1.49	734.57	True	exact	True
friends	06	002	s01e08a		476	1.49	709.24	True	exact	True
friends	06	002	s01e08b		476	1.49	709.24	True	exact	True
friends	06	002	s01e09a		468	1.49	697.32	True	exact	True
friends	06	002	s01e09b		468	1.49	697.32	True	exact	True
friends	06	003	s01e10a		496	1.49	739.04	True	exact	True
friends	06	003	s01e10b		496	1.49	739.04	True	exact	True
friends	06	003	s01e11a		477	1.49	710.73	True	exact	True
friends	06	003	s01e11b		477	1.49	710.73	True	exact	True
friends	06	003	s01e12a		471	1.49	701.79	True	exact	True
friends	06	003	s01e12b		471	1.49	701.79	True	exact	True
friends	06	003	s01e13a		468	1.49	697.32	True	exact	True
friends	06	003	s01e13b		468	1.49	697.32	True	exact	True
friends	06	003	s01e14a		491	1.49	731.59	True	exact	True
friends	06	003	s01e14b		491	1.49	731.59	True	exact	True
friends	06	004	s01e15a		477	1.49	710.73	True	exact	True
friends	06	004	s01e15b		477	1.49	710.73	True	exact	True
friends	06	004	s01e16a		483	1.49	719.67	True	exact	True
friends	06	004	s01e16b		483	1.49	719.67	True	exact	True
friends	06	004	s01e17a		483	1.49	719.67	True	exact	True
friends	06	004	s01e17b		483	1.49	719.67	True	exact	True
friends	06	004	s01e18a		497	1.49	740.53	True	exact	True
friends	06	004	s01e18b		497	1.49	740.53	True	exact	True
friends	06	005	s01e19a		460	1.49	685.4	True	exact	True
friends	06	005	s01e19b		460	1.49	685.4	True	exact	True
friends	06	005	s01e20a		460	1.49	685.4	True	exact	True
friends	06	005	s01e20b		460	1.49	685.4	True	exact	True
friends	06	005	s01e21a		477	1.49	710.73	True	exact	True
friends	06	005	s01e21b		477	1.49	710.73	True	exact	True
friends	06	005	s01e22a		474	1.49	706.26	True	exact	True
friends	06	005	s01e22b		474	1.49	706.26	True	exact	True
friends	06	005	s01e23a		462	1.49	688.38	True	exact	True
friends	06	005	s01e23b		462	1.49	688.38	True	exact	True
friends	06	005	s01e24a		515	1.49	767.35	True	exact	True
friends	06	006	s01e24b		515	1.49	767.35	True	exact	True
friends	06	006	s02e01a		477	1.49	710.73	True	exact	True
friends	06	006	s02e01b		477	1.49	710.73	True	exact	True
friends	06	006	s02e02a		450	1.49	670.5	True	exact	True
friends	06	006	s02e02b		450	1.49	670.5	True	exact	True
friends	06	006	s02e03a		464	1.49	691.36	True	exact	True
friends	06	006	s02e03b		464	1.49	691.36	True	exact	True
friends	06	006	s02e04a		454	1.49	676.46	True	exact	True
friends	06	006	s02e04b		454	1.49	676.46	True	exact	True
friends	06	007	s02e05a		455	1.49	677.95	True	exact	True
friends	06	007	s02e05b		455	1.49	677.95	True	exact	True
friends	06	007	s02e06a		500	1.49	745.0	True	exact	True
friends	06	007	s02e06b		500	1.49	745.0	True	exact	True
friends	06	007	s02e07a		496	1.49	739.04	True	exact	True
friends	06	007	s02e07b		496	1.49	739.04	True	exact	True
friends	06	007	s02e08a		458	1.49	682.42	True	exact	True
friends	06	007	s02e08b		458	1.49	682.42	True	exact	True
friends	06	007	s02e09a		452	1.49	673.48	True	exact	True
friends	06	007	s02e09b		452	1.49	673.48	True	exact	True
friends	06	007	s02e10a		479	1.49	713.71	True	exact	True
friends	06	007	s02e10b		479	1.49	713.71	True	exact	True
friends	06	008	s02e11a		488	1.49	727.12	True	exact	True
friends	06	008	s02e11b		488	1.49	727.12	True	exact	True
friends	06	008	s02e12a		488	1.49	727.12	True	exact	True
friends	06	008	s02e12b		488	1.49	727.12	True	exact	True
friends	06	009	s02e13a		488	1.49	727.12	True	exact	True
friends	06	009	s02e13b		488	1.49	727.12	True	exact	True
friends	06	009	s02e14a		474	1.49	706.26	True	exact	True
friends	06	009	s02e14b		474	1.49	706.26	True	exact	True
friends	06	009	s02e15a		466	1.49	694.34	True	exact	True
friends	06	009	s02e15b		466	1.49	694.34	True	exact	True
friends	06	010	s02e16a		478	1.49	712.22	True	exact	True
friends	06	010	s02e16b		478	1.49	712.22	True	exact	True
friends	06	010	s02e17a		489	1.49	728.61	True	exact	True
friends	06	010	s02e17b		489	1.49	728.61	True	exact	True
friends	06	010	s02e18a		460	1.49	685.4	True	exact	True
friends	06	010	s02e18b		460	1.49	685.4	True	exact	True
friends	06	010	s02e19a		478	1.49	712.22	True	exact	True
friends	06	010	s02e19b		478	1.49	712.22	True	exact	True
friends	06	011	s02e20a		449	1.49	669.01	True	exact	True
friends	06	011	s02e20b		449	1.49	669.01	True	exact	True
friends	06	011	s02e21a		470	1.49	700.3	True	exact	True
friends	06	011	s02e21b		470	1.49	700.3	True	exact	True
friends	06	012	s02e22a		453	1.49	674.97	True	exact	True
friends	06	012	s02e22b		453	1.49	674.97	True	exact	True
friends	06	012	s02e23a		456	1.49	679.4399999999999	True	exact	True
friends	06	012	s02e23b		456	1.49	679.4399999999999	True	exact	True
friends	06	012	s02e24a		469	1.49	698.81	True	exact	True
friends	06	012	s02e24b		469	1.49	698.81	True	exact	True
friends	06	013	s03e01a		491	1.49	731.59	True	exact	False
friends	06	013	s03e01b		491	1.49	731.59	True	exact	False
friends	06	013	s03e02a		475	1.49	707.75	True	exact	False
friends	06	013	s03e02b		475	1.49	707.75	True	exact	False
friends	06	013	s03e03a		454	1.49	676.46	True	exact	False
friends	06	013	s03e03b		454	1.49	676.46	True	exact	False
friends	06	013	s03e04a		473	1.49	704.77	True	exact	False
friends	06	013	s03e04b		473	1.49	704.77	True	exact	False
friends	06	014	s03e05a		484	1.49	721.16	True	exact	False
friends	06	014	s03e05b		484	1.49	721.16	True	exact	False
friends	06	014	s03e06a		470	1.49	700.3	True	exact	False
friends	06	014	s03e06b		470	1.49	700.3	True	exact	False
friends	06	014	s03e07a		467	1.49	695.83	True	exact	False
friends	06	014	s03e07b		467	1.49	695.83	True	exact	False
friends	06	015	s03e08a		460	1.49	685.4	True	exact	False
friends	06	015	s03e08b		460	1.49	685.4	True	exact	False
friends	06	015	s03e09a		493	1.49	734.57	True	exact	False
friends	06	015	s03e09b		493	1.49	734.57	True	exact	False
friends	06	015	s03e10a		451	1.49	671.99	True	exact	False
friends	06	015	s03e10b		451	1.49	671.99	True	exact	False
friends	06	016	s03e11a		457	1.49	680.93	True	exact	False
friends	06	016	s03e11b		456	1.49	679.4399999999999	True	exact	False
friends	06	016	s03e12a		464	1.49	691.36	True	exact	False
friends	06	016	s03e12b		464	1.49	691.36	True	exact	False
friends	06	016	s03e13a		474	1.49	706.26	True	exact	False
friends	06	016	s03e13b		473	1.49	704.77	True	exact	False
friends	06	018	s03e14a		458	1.49	682.42	True	exact	False
friends	06	018	s03e14b		458	1.49	682.42	True	exact	False
friends	06	018	s03e15a		458	1.49	682.42	True	exact	False
friends	06	018	s03e15b		458	1.49	682.42	True	exact	False
friends	06	019	s03e16a		468	1.49	697.32	True	exact	False
friends	06	019	s03e16b		468	1.49	697.32	True	exact	False
friends	06	019	s03e17a		454	1.49	676.46	True	exact	False
friends	06	019	s03e17b		453	1.49	674.97	True	exact	False
friends	06	019	s03e18a		469	1.49	698.81	True	exact	False
friends	06	019	s03e18b		469	1.49	698.81	True	exact	False
friends	06	020	s03e19a		468	1.49	697.32	True	exact	False
friends	06	020	s03e19b		468	1.49	697.32	True	exact	False
friends	06	020	s03e20a		464	1.49	691.36	True	exact	False
friends	06	020	s03e20b		464	1.49	691.36	True	exact	False
friends	06	020	s03e21a		460	1.49	685.4	True	exact	False
friends	06	020	s03e21b		460	1.49	685.4	True	exact	False
friends	06	020	s03e22a		463	1.49	689.87	True	exact	False
friends	06	020	s03e22b		463	1.49	689.87	True	exact	False
friends	06	020	s03e23a		470	1.49	700.3	True	exact	False
friends	06	020	s03e23b		470	1.49	700.3	True	exact	False
friends	06	020	s03e24a		454	1.49	676.46	True	exact	False
friends	06	020	s03e24b		454	1.49	676.46	True	exact	False
friends	06	021	s03e25a		479	1.49	713.71	True	exact	False
friends	06	021	s03e25b		479	1.49	713.71	True	exact	False
friends	06	021	s04e01a		468	1.49	697.32	True	exact	False
friends	06	021	s04e01b		468	1.49	697.32	True	exact	False
friends	06	021	s04e02a		478	1.49	712.22	True	exact	False
friends	06	021	s04e02b		478	1.49	712.22	True	exact	False
friends	06	021	s04e03a		445	1.49	663.05	True	exact	False
friends	06	021	s04e03b		445	1.49	663.05	True	exact	False
friends	06	021	s04e04a		453	1.49	674.97	True	exact	False
friends	06	021	s04e04b		453	1.49	674.97	True	exact	False
friends	06	022	s04e05a		471	1.49	701.79	True	exact	False
friends	06	022	s04e05b		471	1.49	701.79	True	exact	False
friends	06	023	s04e06a		465	1.49	692.85	True	exact	False
friends	06	023	s04e06b		465	1.49	692.85	True	exact	False
friends	06	023	s04e07a		497	1.49	740.53	True	exact	False
friends	06	023	s04e07b		497	1.49	740.53	True	exact	False
friends	06	023	s04e08a		503	1.49	749.47	True	exact	False
friends	06	023	s04e08b		503	1.49	749.47	True	exact	False
friends	06	023	s04e09a		441	1.49	657.09	True	exact	False
friends	06	023	s04e09b		441	1.49	657.09	True	exact	False
friends	06	023	s04e10a		449	1.49	669.01	True	exact	False
friends	06	023	s04e10b		449	1.49	669.01	True	exact	False
friends	06	023	s04e11a		483	1.49	719.67	True	exact	False
friends	06	023	s04e11b		483	1.49	719.67	True	exact	False
friends	06	024	s04e12a		466	1.49	694.34	True	exact	False
friends	06	024	s04e12b		466	1.49	694.34	True	exact	False
friends	06	024	s04e13a		448	1.49	667.52	True	exact	False
friends	06	024	s04e13b		448	1.49	667.52	True	exact	False
friends	06	024	s04e14a		447	1.49	666.03	True	exact	False
friends	06	024	s04e14b		447	1.49	666.03	True	exact	False
friends	06	024	s04e15a		444	1.49	661.56	True	exact	False
friends	06	024	s04e15b		444	1.49	661.56	True	exact	False
friends	06	024	s04e16a		487	1.49	725.63	True	exact	False
friends	06	024	s04e16b		487	1.49	725.63	True	exact	False
friends	06	025	s04e17a		478	1.49	712.22	True	exact	False
friends	06	025	s04e17b		478	1.49	712.22	True	exact	False
friends	06	025	s04e18a		450	1.49	670.5	True	exact	False
friends	06	025	s04e18b		450	1.49	670.5	True	exact	False
friends	06	025	s04e19a		437	1.49	651.13	True	exact	False
friends	06	025	s04e19b		437	1.49	651.13	True	exact	False
friends	06	026	s04e20a		447	1.49	666.03	True	exact	False
friends	06	026	s04e20b		447	1.49	666.03	True	exact	False
friends	06	026	s04e21a		448	1.49	667.52	True	exact	False
friends	06	026	s04e21b		448	1.49	667.52	True	exact	False
friends	06	026	s04e22a		459	1.49	683.91	True	exact	False
friends	06	026	s04e22b		459	1.49	683.91	True	exact	False
friends	06	027	s04e23a		505	1.49	752.45	True	exact	False
friends	06	027	s04e23b		504	1.49	750.96	True	exact	False
friends	06	027	s04e23c		504	1.49	750.96	True	exact	False
friends	06	027	s04e23d		504	1.49	750.96	True	exact	False
friends	06	028	s05e01a		439	1.49	654.11	True	exact	False
friends	06	028	s05e01b		474	1.49	706.26	True	exact	False
friends	06	028	s05e02a		495	1.49	737.55	True	exact	False
friends	06	028	s05e02b		531	1.49	791.1899999999999	True	exact	False
friends	06	028	s05e03a		444	1.49	661.56	True	exact	False
friends	06	028	s05e03b		474	1.49	706.26	True	exact	False
friends	06	029	s05e04a		488	1.49	727.12	True	exact	False
friends	06	029	s05e04b		524	1.49	780.76	True	exact	False
friends	06	029	s05e05a		486	1.49	724.14	True	exact	False
friends	06	029	s05e05b		521	1.49	776.29	True	exact	False
friends	06	030	s05e06a		459	1.49	683.91	True	exact	False
friends	06	030	s05e06b		493	1.49	734.57	True	exact	False
friends	06	030	s05e07a		459	1.49	683.91	True	exact	False
friends	06	030	s05e07b		493	1.49	734.57	True	exact	False
friends	06	030	s05e08a		446	1.49	664.54	True	exact	False
friends	06	030	s05e08b		480	1.49	715.2	True	exact	False
friends	06	031	s05e09a		456	1.49	679.4399999999999	True	exact	False
friends	06	031	s05e09b		490	1.49	730.1	True	exact	False
friends	06	031	s05e10a		450	1.49	670.5	True	exact	False
friends	06	031	s05e10b		484	1.49	721.16	True	exact	False
friends	06	032	s05e11a		476	1.49	709.24	True	exact	False
friends	06	032	s05e11b		511	1.49	761.39	True	exact	False
friends	06	033	s05e12a		445	1.49	663.05	True	exact	False
friends	06	033	s05e12b		480	1.49	715.2	True	exact	False
friends	06	033	s05e13a		460	1.49	685.4	True	exact	False
friends	06	033	s05e13b		494	1.49	736.06	True	exact	False
friends	06	033	s05e14a		486	1.49	724.14	True	exact	False
friends	06	033	s05e14b		520	1.49	774.8	True	exact	False
friends	06	034	s05e15a		443	1.49	660.07	True	exact	False
friends	06	034	s05e15b		477	1.49	710.73	True	exact	False
friends	06	035	s05e16a		485	1.49	722.65	True	exact	False
friends	06	035	s05e16b		519	1.49	773.31	True	exact	False
friends	06	035	s05e17a		452	1.49	673.48	True	exact	False
friends	06	035	s05e17b		486	1.49	724.14	True	exact	False
friends	06	036	s05e18a		501	1.49	746.49	True	exact	False
friends	06	036	s05e18b		535	1.49	797.15	True	exact	False
friends	06	037	s05e19a		446	1.49	664.54	True	exact	False
friends	06	037	s05e19b		480	1.49	715.2	True	exact	False
friends	06	037	s05e20a		456	1.49	679.4399999999999	True	exact	False
friends	06	037	s05e20b		490	1.49	730.1	True	exact	False
friends	06	038	s05e21a		444	1.49	661.56	True	exact	False
friends	06	038	s05e21b		478	1.49	712.22	True	exact	False
friends	06	038	s05e22a		450	1.49	670.5	True	exact	False
friends	06	038	s05e22b		484	1.49	721.16	True	exact	False
friends	06	039	s05e23a		454	1.49	676.46	True	exact	False
friends	06	039	s05e23b		458	1.49	682.42	True	exact	False
friends	06	039	s05e23c		458	1.49	682.42	True	exact	False
friends	06	039	s05e23d		488	1.49	727.12	True	exact	False
friends	06	042	s06e01a		465	1.49	692.85	True	exact	False
friends	06	042	s06e01b		499	1.49	743.51	True	exact	False
friends	06	042	s06e02a		453	1.49	674.97	True	exact	False
friends	06	042	s06e02b		487	1.49	725.63	True	exact	False
friends	06	043	s06e03a		439	1.49	654.11	True	exact	False
friends	06	043	s06e03b		473	1.49	704.77	True	exact	False
friends	06	043	s06e04a		439	1.49	654.11	True	exact	False
friends	06	043	s06e04b		474	1.49	706.26	True	exact	False
friends	06	044	s06e05a		452	1.49	673.48	True	exact	False
friends	06	044	s06e05b		486	1.49	724.14	True	exact	False
friends	06	044	s06e06a		443	1.49	660.07	True	exact	False
friends	06	044	s06e06b		478	1.49	712.22	True	exact	False
friends	06	045	s06e07a		445	1.49	663.05	True	exact	False
friends	06	045	s06e07b		479	1.49	713.71	True	exact	False
friends	06	045	s06e08a		438	1.49	652.62	True	exact	False
friends	06	045	s06e08b		472	1.49	703.28	True	exact	False
friends	06	046	s06e09a		504	1.49	750.96	True	exact	False
friends	06	046	s06e09b		537	1.49	800.13	True	exact	False
friends	06	046	s06e10a		466	1.49	694.34	True	exact	False
friends	06	046	s06e10b		500	1.49	745.0	True	exact	False
friends	06	047	s06e11a		450	1.49	670.5	True	exact	False
friends	06	047	s06e11b		484	1.49	721.16	True	exact	False
friends	06	047	s06e12a		435	1.49	648.15	True	exact	False
friends	06	047	s06e12b		470	1.49	700.3	True	exact	False
friends	06	048	s06e13a		470	1.49	700.3	True	exact	False
friends	06	048	s06e13b		504	1.49	750.96	True	exact	False
friends	06	048	s06e14a		461	1.49	686.89	True	exact	False
friends	06	048	s06e14b		495	1.49	737.55	True	exact	False
friends	06	049	s06e15a		456	1.49	679.4399999999999	True	exact	False
friends	06	049	s06e15b		460	1.49	685.4	True	exact	False
friends	06	049	s06e15c		460	1.49	685.4	True	exact	False
friends	06	049	s06e15d		490	1.49	730.1	True	exact	False
friends	06	049	s06e17a		428	1.49	637.72	True	exact	False
friends	06	049	s06e17b		462	1.49	688.38	True	exact	False
friends	06	050	s06e18a		435	1.49	648.15	True	exact	False
friends	06	050	s06e18b		470	1.49	700.3	True	exact	False
friends	06	051	s06e19a		434	1.49	646.66	True	exact	False
friends	06	051	s06e19b		468	1.49	697.32	True	exact	False
friends	06	051	s06e20a		431	1.49	642.1899999999999	True	exact	False
friends	06	051	s06e20b		465	1.49	692.85	True	exact	False
friends	06	051	s06e21a		460	1.49	685.4	True	exact	False
friends	06	052	s06e21b		494	1.49	736.06	True	exact	False
friends	06	052	s06e22a		452	1.49	673.48	True	exact	False
friends	06	052	s06e22b		486	1.49	724.14	True	exact	False
friends	06	053	s06e23a		486	1.49	724.14	True	exact	False
friends	06	053	s06e23b		520	1.49	774.8	True	exact	False
friends	06	054	s06e24a		457	1.49	680.93	True	exact	False
friends	06	054	s06e24b		461	1.49	686.89	True	exact	False
friends	06	054	s06e24c		461	1.49	686.89	True	exact	False
friends	06	055	s06e24d		490	1.49	730.1	True	exact	False
friends	06	056	s07e01a		460	1.49	685.4	False	unmatched	False
friends	06	056	s07e01b		464	1.49	691.36	False	unmatched	False
friends	06	056	s07e02a		492	1.49	733.08	False	unmatched	False
friends	06	056	s07e02b		496	1.49	739.04	False	unmatched	False
friends	06	057	s07e03a		417	1.49	621.33	False	unmatched	False
friends	06	057	s07e03b		421	1.49	627.29	False	unmatched	False
friends	06	057	s07e04a		447	1.49	666.03	False	unmatched	False
friends	06	057	s07e04b		452	1.49	673.48	False	unmatched	False
friends	06	058	s07e05a		454	1.49	676.46	False	unmatched	False
friends	06	058	s07e05b		488	1.49	727.12	False	unmatched	False
friends	06	058	s07e06a		478	1.49	712.22	False	unmatched	False
friends	06	058	s07e06b		513	1.49	764.37	False	unmatched	False
friends	06	059	s07e01a		7	1.49	10.43	False	unmatched	False
friends	06	059	s07e07a		473	1.49	704.77	False	unmatched	False
friends	06	059	s07e07b		507	1.49	755.43	False	unmatched	False
friends	06	059	s07e08a		474	1.49	706.26	False	unmatched	False
friends	06	059	s07e08b		509	1.49	758.41	False	unmatched	False
friends	06	060	s07e09a		450	1.49	670.5	False	unmatched	False
friends	06	060	s07e09b		484	1.49	721.16	False	unmatched	False
friends	06	060	s07e10a		459	1.49	683.91	False	unmatched	False
friends	06	060	s07e10b		493	1.49	734.57	False	unmatched	False
friends	06	060	s07e11a		464	1.49	691.36	False	unmatched	False
friends	06	060	s07e11b		498	1.49	742.02	False	unmatched	False
friends	06	060	s07e12a		452	1.49	673.48	False	unmatched	False
friends	06	061	s07e12b		486	1.49	724.14	False	unmatched	False
friends	06	061	s07e13a		539	1.49	803.11	False	unmatched	False
friends	06	061	s07e13b		574	1.49	855.26	False	unmatched	False
friends	06	062	s07e14a		466	1.49	694.34	False	unmatched	False
friends	06	063	s07e14b		500	1.49	745.0	False	unmatched	False
friends	06	063	s07e15a		566	1.49	843.34	False	unmatched	False
friends	06	063	s07e15b		600	1.49	894.0	False	unmatched	False
friends	06	063	s07e16a		398	1.49	593.02	False	unmatched	False
friends	06	063	s07e16b		402	1.49	598.98	False	unmatched	False
friends	06	063	s07e16c		432	1.49	643.68	False	unmatched	False
friends	06	064	s07e17a		433	1.49	645.17	False	unmatched	False
friends	06	065	s07e17b		467	1.49	695.83	False	unmatched	False
friends	06	065	s07e18a		477	1.49	710.73	False	unmatched	False
friends	06	065	s07e18b		511	1.49	761.39	False	unmatched	False
friends	06	065	s07e19a		437	1.49	651.13	False	unmatched	False
friends	06	065	s07e19b		471	1.49	701.79	False	unmatched	False
friends	06	066	s07e20a		454	1.49	676.46	False	unmatched	False
friends	06	066	s07e20b		488	1.49	727.12	False	unmatched	False
friends	06	067	s07e21a		429	1.49	639.21	False	unmatched	False
friends	06	067	s07e21b		464	1.49	691.36	False	unmatched	False
friends	06	068	s07e22a		471	1.49	701.79	False	unmatched	False
friends	06	068	s07e22b		505	1.49	752.45	False	unmatched	False
friends	06	069	s07e23a		480	1.49	715.2	False	unmatched	False
friends	06	070	s07e23b		484	1.49	721.16	False	unmatched	False
friends	06	070	s07e23c		484	1.49	721.16	False	unmatched	False
friends	06	070	s07e23d		515	1.49	767.35	False	unmatched	False
gamepad	01	001	gamepad	1	207	1.49	308.43	True	exact	True
gamepad	01	001	gamepad	2	207	1.49	308.43	True	exact	True
gamepad	01	004	gamepad	1	207	1.49	308.43	True	exact	True
gamepad	01	004	gamepad	2	207	1.49	308.43	True	exact	True
gamepad	01	006	gamepad	1	207	1.49	308.43	True	exact	True
gamepad	01	006	gamepad	2	207	1.49	308.43	True	exact	True
gamepad	01	007	gamepad	1	207	1.49	308.43	True	exact	True
gamepad	01	007	gamepad	2	207	1.49	308.43	True	exact	True
gamepad	01	009	gamepad	1	207	1.49	308.43	True	exact	True
gamepad	01	009	gamepad	2	207	1.49	308.43	True	exact	True
gamepad	02	002	gamepad	1	207	1.49	308.43	True	exact	True
gamepad	02	002	gamepad	2	207	1.49	308.43	True	exact	True
gamepad	02	003	gamepad	1	207	1.49	308.43	True	exact	True
gamepad	02	003	gamepad	2	207	1.49	308.43	True	exact	True
gamepad	02	005	gamepad	1	207	1.49	308.43	True	exact	True
gamepad	02	005	gamepad	2	207	1.49	308.43	True	exact	True
gamepad	02	008	gamepad	1	207	1.49	308.43	True	exact	True
gamepad	02	008	gamepad	2	207	1.49	308.43	True	exact	True
gamepad	03	003	gamepad	1	207	1.49	308.43	True	exact	True
gamepad	03	003	gamepad	2	207	1.49	308.43	True	exact	True
gamepad	03	005	gamepad	1	207	1.49	308.43	True	exact	True
gamepad	03	005	gamepad	2	207	1.49	308.43	True	exact	True
gamepad	03	008	gamepad	1	207	1.49	308.43	True	exact	True
gamepad	03	008	gamepad	2	207	1.49	308.43	True	exact	True
gamepad	03	010	gamepad	1	207	1.49	308.43	True	exact	True
gamepad	03	010	gamepad	2	207	1.49	308.43	True	exact	True
gamepad	06	002	gamepad	1	207	1.49	308.43	True	exact	True
gamepad	06	002	gamepad	2	207	1.49	308.43	True	exact	True
gamepad	06	003	gamepad	1	207	1.49	308.43	True	exact	True
gamepad	06	003	gamepad	2	207	1.49	308.43	True	exact	True
gamepad	06	006	gamepad	1	207	1.49	308.43	True	exact	True
gamepad	06	006	gamepad	2	207	1.49	308.43	True	exact	True
gamepad	06	007	gamepad	1	207	1.49	308.43	True	exact	True
gamepad	06	007	gamepad	2	207	1.49	308.43	True	exact	True
harrypotter	01		harrypotter	1	455	1.49	677.95	True	no_session	True
harrypotter	01		harrypotter	2	471	1.49	701.79	True	no_session	True
harrypotter	01		harrypotter	3	373	1.49	555.77	True	no_session	True
harrypotter	01		harrypotter	4	509	1.49	758.41	True	no_session	True
harrypotter	01		harrypotter	5	566	1.49	843.34	True	no_session	True
harrypotter	01		harrypotter	6	453	1.49	674.97	True	no_session	True
harrypotter	01		harrypotter	7	536	1.49	798.64	True	no_session	True
harrypotter	02		harrypotter	1	455	1.49	677.95	True	no_session	True
harrypotter	02		harrypotter	2	471	1.49	701.79	True	no_session	True
harrypotter	02		harrypotter	3	373	1.49	555.77	True	no_session	True
harrypotter	02		harrypotter	4	509	1.49	758.41	True	no_session	True
harrypotter	02		harrypotter	5	566	1.49	843.34	True	no_session	True
harrypotter	02		harrypotter	6	453	1.49	674.97	True	no_session	True
harrypotter	02		harrypotter	7	536	1.49	798.64	True	no_session	True
harrypotter	03		harrypotter	1	455	1.49	677.95	True	no_session	True
harrypotter	03		harrypotter	2	471	1.49	701.79	True	no_session	True
harrypotter	03		harrypotter	3	373	1.49	555.77	True	no_session	True
harrypotter	03		harrypotter	4	509	1.49	758.41	True	no_session	True
harrypotter	03		harrypotter	5	566	1.49	843.34	True	no_session	True
harrypotter	03		harrypotter	6	453	1.49	674.97	True	no_session	True
harrypotter	03		harrypotter	7	536	1.49	798.64	True	no_session	True
harrypotter	05		harrypotter	1	455	1.49	677.95	True	no_session	True
harrypotter	05		harrypotter	2	471	1.49	701.79	True	no_session	True
harrypotter	05		harrypotter	3	373	1.49	555.77	True	no_session	True
harrypotter	05		harrypotter	4	509	1.49	758.41	True	no_session	True
harrypotter	05		harrypotter	5	566	1.49	843.34	True	no_session	True
harrypotter	05		harrypotter	6	453	1.49	674.97	True	no_session	True
harrypotter	05		harrypotter	7	536	1.49	798.64	True	no_session	True
harrypotter	06		harrypotter	1	455	1.49	677.95	True	no_session	True
harrypotter	06		harrypotter	2	471	1.49	701.79	True	no_session	True
harrypotter	06		harrypotter	3	373	1.49	555.77	True	no_session	True
harrypotter	06		harrypotter	4	509	1.49	758.41	True	no_session	True
harrypotter	06		harrypotter	5	566	1.49	843.34	True	no_session	True
harrypotter	06		harrypotter	6	453	1.49	674.97	True	no_session	True
harrypotter	06		harrypotter	7	536	1.49	798.64	True	no_session	True
hcptrt	01	001	gambling	1	129	1.49	192.21	True	exact	True
hcptrt	01	001	motor	1	144	1.49	214.56	True	exact	True
hcptrt	01	001	restingstate	1	600	1.49	894.0	True	exact	True
hcptrt	01	001	social	1	139	1.49	207.10999999999999	True	exact	True
hcptrt	01	001	wm	1	202	1.49	300.98	True	exact	True
hcptrt	01	002	emotion	1	92	1.49	137.08	True	exact	True
hcptrt	01	002	emotion	2	92	1.49	137.08	True	exact	True
hcptrt	01	002	gambling	1	129	1.49	192.21	True	exact	True
hcptrt	01	002	gambling	2	129	1.49	192.21	True	exact	True
hcptrt	01	002	language	1	159	1.49	236.91	True	exact	True
hcptrt	01	002	language	2	159	1.49	236.91	True	exact	True
hcptrt	01	002	motor	1	144	1.49	214.56	True	exact	True
hcptrt	01	002	motor	2	144	1.49	214.56	True	exact	True
hcptrt	01	002	relational	1	119	1.49	177.31	True	exact	True
hcptrt	01	002	relational	2	119	1.49	177.31	True	exact	True
hcptrt	01	002	social	1	139	1.49	207.10999999999999	True	exact	True
hcptrt	01	002	social	2	139	1.49	207.10999999999999	True	exact	True
hcptrt	01	002	wm	1	202	1.49	300.98	True	exact	True
hcptrt	01	002	wm	2	202	1.49	300.98	True	exact	True
hcptrt	01	003	emotion	1	92	1.49	137.08	True	exact	True
hcptrt	01	003	gambling	1	129	1.49	192.21	True	exact	True
hcptrt	01	003	language	1	159	1.49	236.91	True	exact	True
hcptrt	01	003	motor	1	144	1.49	214.56	True	exact	True
hcptrt	01	003	relational	1	119	1.49	177.31	True	exact	True
hcptrt	01	003	restingstate	1	600	1.49	894.0	True	exact	True
hcptrt	01	003	social	1	139	1.49	207.10999999999999	True	exact	True
hcptrt	01	003	wm	1	202	1.49	300.98	True	exact	True
hcptrt	01	004	emotion	1	92	1.49	137.08	True	exact	True
hcptrt	01	004	gambling	1	129	1.49	192.21	True	exact	True
hcptrt	01	004	language	1	159	1.49	236.91	True	exact	True
hcptrt	01	004	motor	1	160	1.49	238.4	True	exact	True
hcptrt	01	004	relational	1	119	1.49	177.31	True	exact	True
hcptrt	01	004	restingstate	1	600	1.49	894.0	True	exact	True
hcptrt	01	004	social	1	139	1.49	207.10999999999999	True	exact	True
hcptrt	01	004	wm	1	202	1.49	300.98	True	exact	True
hcptrt	01	005	emotion	1	92	1.49	137.08	True	exact	True
hcptrt	01	005	emotion	2	92	1.49	137.08	True	exact	True
hcptrt	01	005	gambling	1	129	1.49	192.21	True	exact	True
hcptrt	01	005	gambling	2	129	1.49	192.21	True	exact	True
hcptrt	01	005	language	1	159	1.49	236.91	True	exact	True
hcptrt	01	005	language	2	159	1.49	236.91	True	exact	True
hcptrt	01	005	motor	1	144	1.49	214.56	True	exact	True
hcptrt	01	005	motor	2	144	1.49	214.56	True	exact	True
hcptrt	01	005	relational	1	119	1.49	177.31	True	exact	True
hcptrt	01	005	relational	2	119	1.49	177.31	True	exact	True
hcptrt	01	005	social	1	139	1.49	207.10999999999999	True	exact	True
hcptrt	01	005	social	2	139	1.49	207.10999999999999	True	exact	True
hcptrt	01	005	wm	1	202	1.49	300.98	True	exact	True
hcptrt	01	005	wm	2	202	1.49	300.98	True	exact	True
hcptrt	01	006	emotion	1	92	1.49	137.08	True	exact	True
hcptrt	01	006	emotion	2	92	1.49	137.08	True	exact	True
hcptrt	01	006	gambling	1	129	1.49	192.21	True	exact	True
hcptrt	01	006	gambling	2	129	1.49	192.21	True	exact	True
hcptrt	01	006	language	1	159	1.49	236.91	True	exact	True
hcptrt	01	006	language	2	159	1.49	236.91	True	exact	True
hcptrt	01	006	motor	1	144	1.49	214.56	True	exact	True
hcptrt	01	006	motor	2	144	1.49	214.56	True	exact	True
hcptrt	01	006	relational	1	119	1.49	177.31	True	exact	True
hcptrt	01	006	relational	2	119	1.49	177.31	True	exact	True
hcptrt	01	006	social	1	139	1.49	207.10999999999999	True	exact	True
hcptrt	01	006	social	2	139	1.49	207.10999999999999	True	exact	True
hcptrt	01	006	wm	1	202	1.49	300.98	True	exact	True
hcptrt	01	006	wm	2	202	1.49	300.98	True	exact	True
hcptrt	01	007	emotion	1	92	1.49	137.08	True	exact	True
hcptrt	01	007	gambling	1	129	1.49	192.21	True	exact	True
hcptrt	01	007	language	1	159	1.49	236.91	True	exact	True
hcptrt	01	007	motor	1	144	1.49	214.56	True	exact	True
hcptrt	01	007	relational	1	119	1.49	177.31	True	exact	True
hcptrt	01	007	restingstate	1	600	1.49	894.0	True	exact	True
hcptrt	01	007	social	1	139	1.49	207.10999999999999	True	exact	True
hcptrt	01	007	wm	1	202	1.49	300.98	True	exact	True
hcptrt	01	008	emotion	1	92	1.49	137.08	True	exact	True
hcptrt	01	008	emotion	2	92	1.49	137.08	True	exact	True
hcptrt	01	008	gambling	1	129	1.49	192.21	True	exact	True
hcptrt	01	008	gambling	2	129	1.49	192.21	True	exact	True
hcptrt	01	008	language	1	159	1.49	236.91	True	exact	True
hcptrt	01	008	language	2	159	1.49	236.91	True	exact	True
hcptrt	01	008	motor	1	144	1.49	214.56	True	exact	True
hcptrt	01	008	motor	2	144	1.49	214.56	True	exact	True
hcptrt	01	008	relational	1	119	1.49	177.31	True	exact	True
hcptrt	01	008	relational	2	119	1.49	177.31	True	exact	True
hcptrt	01	008	social	1	139	1.49	207.10999999999999	True	exact	True
hcptrt	01	008	social	2	139	1.49	207.10999999999999	True	exact	True
hcptrt	01	008	wm	1	202	1.49	300.98	True	exact	True
hcptrt	01	008	wm	2	202	1.49	300.98	True	exact	True
hcptrt	01	009	emotion	1	92	1.49	137.08	True	exact	True
hcptrt	01	009	gambling	1	129	1.49	192.21	True	exact	True
hcptrt	01	009	language	1	159	1.49	236.91	True	exact	True
hcptrt	01	009	motor	1	144	1.49	214.56	True	exact	True
hcptrt	01	009	relational	1	119	1.49	177.31	True	exact	True
hcptrt	01	009	restingstate	1	600	1.49	894.0	True	exact	True
hcptrt	01	009	social	1	139	1.49	207.10999999999999	True	exact	True
hcptrt	01	009	wm	1	202	1.49	300.98	True	exact	True
hcptrt	01	010	emotion	1	92	1.49	137.08	True	exact	True
hcptrt	01	010	emotion	2	92	1.49	137.08	True	exact	True
hcptrt	01	010	gambling	1	129	1.49	192.21	True	exact	True
hcptrt	01	010	gambling	2	129	1.49	192.21	True	exact	True
hcptrt	01	010	language	1	159	1.49	236.91	True	exact	True
hcptrt	01	010	language	2	159	1.49	236.91	True	exact	True
hcptrt	01	010	motor	1	144	1.49	214.56	True	exact	True
hcptrt	01	010	motor	2	144	1.49	214.56	True	exact	True
hcptrt	01	010	relational	1	119	1.49	177.31	True	exact	True
hcptrt	01	010	relational	2	119	1.49	177.31	True	exact	True
hcptrt	01	010	social	1	139	1.49	207.10999999999999	True	exact	True
hcptrt	01	010	social	2	139	1.49	207.10999999999999	True	exact	True
hcptrt	01	010	wm	1	202	1.49	300.98	True	exact	True
hcptrt	01	010	wm	2	202	1.49	300.98	True	exact	True
hcptrt	02	001	emotion	1	92	1.49	137.08	True	exact	True
hcptrt	02	001	gambling	1	129	1.49	192.21	True	exact	True
hcptrt	02	001	language	1	159	1.49	236.91	True	exact	True
hcptrt	02	001	motor	1	144	1.49	214.56	True	exact	True
hcptrt	02	001	relational	1	119	1.49	177.31	True	exact	True
hcptrt	02	001	restingstate	1	600	1.49	894.0	True	exact	True
hcptrt	02	001	social	1	139	1.49	207.10999999999999	True	exact	True
hcptrt	02	001	wm	1	202	1.49	300.98	True	exact	True
hcptrt	02	002	emotion	1	92	1.49	137.08	True	exact	True
hcptrt	02	002	emotion	2	92	1.49	137.08	True	exact	True
hcptrt	02	002	gambling	1	129	1.49	192.21	True	exact	True
hcptrt	02	002	gambling	2	129	1.49	192.21	True	exact	True
hcptrt	02	002	language	1	159	1.49	236.91	True	exact	True
hcptrt	02	002	language	2	159	1.49	236.91	True	exact	True
hcptrt	02	002	motor	1	144	1.49	214.56	True	exact	True
hcptrt	02	002	motor	2	144	1.49	214.56	True	exact	True
hcptrt	02	002	relational	1	119	1.49	177.31	True	exact	True
hcptrt	02	002	relational	2	119	1.49	177.31	True	exact	True
hcptrt	02	002	social	1	139	1.49	207.10999999999999	True	exact	True
hcptrt	02	002	social	2	139	1.49	207.10999999999999	True	exact	True
hcptrt	02	002	wm	1	202	1.49	300.98	True	exact	True
hcptrt	02	002	wm	2	202	1.49	300.98	True	exact	True
hcptrt	02	003	emotion	1	92	1.49	137.08	True	exact	True
hcptrt	02	003	gambling	1	129	1.49	192.21	True	exact	True
hcptrt	02	003	language	1	159	1.49	236.91	True	exact	True
hcptrt	02	003	motor	1	144	1.49	214.56	True	exact	True
hcptrt	02	003	relational	1	119	1.49	177.31	True	exact	True
hcptrt	02	003	restingstate	1	600	1.49	894.0	True	exact	True
hcptrt	02	003	social	1	139	1.49	207.10999999999999	True	exact	True
hcptrt	02	003	wm	1	202	1.49	300.98	True	exact	True
hcptrt	02	004	emotion	1	92	1.49	137.08	True	exact	True
hcptrt	02	004	emotion	2	92	1.49	137.08	True	exact	True
hcptrt	02	004	gambling	1	129	1.49	192.21	True	exact	True
hcptrt	02	004	gambling	2	129	1.49	192.21	True	exact	True
hcptrt	02	004	language	1	159	1.49	236.91	True	exact	True
hcptrt	02	004	language	2	159	1.49	236.91	True	exact	True
hcptrt	02	004	motor	1	144	1.49	214.56	True	exact	True
hcptrt	02	004	motor	2	144	1.49	214.56	True	exact	True
hcptrt	02	004	relational	1	119	1.49	177.31	True	exact	True
hcptrt	02	004	relational	2	119	1.49	177.31	True	exact	True
hcptrt	02	004	social	1	139	1.49	207.10999999999999	True	exact	True
hcptrt	02	004	social	2	139	1.49	207.10999999999999	True	exact	True
hcptrt	02	004	wm	1	202	1.49	300.98	True	exact	True
hcptrt	02	004	wm	2	202	1.49	300.98	True	exact	True
hcptrt	02	005	emotion	1	92	1.49	137.08	True	exact	True
hcptrt	02	005	gambling	1	129	1.49	192.21	True	exact	True
hcptrt	02	005	language	1	159	1.49	236.91	True	exact	True
hcptrt	02	005	motor	1	144	1.49	214.56	True	exact	True
hcptrt	02	005	relational	1	119	1.49	177.31	True	exact	True
hcptrt	02	005	restingstate	1	600	1.49	894.0	True	exact	True
hcptrt	02	005	social	1	139	1.49	207.10999999999999	True	exact	True
hcptrt	02	005	wm	1	202	1.49	300.98	True	exact	True
hcptrt	02	006	emotion	1	92	1.49	137.08	True	exact	True
hcptrt	02	006	emotion	2	92	1.49	137.08	True	exact	True
hcptrt	02	006	gambling	1	129	1.49	192.21	True	exact	True
hcptrt	02	006	gambling	2	129	1.49	192.21	True	exact	True
hcptrt	02	006	language	1	159	1.49	236.91	True	exact	True
hcptrt	02	006	language	2	159	1.49	236.91	True	exact	True
hcptrt	02	006	motor	1	144	1.49	214.56	True	exact	True
hcptrt	02	006	motor	2	144	1.49	214.56	True	exact	True
hcptrt	02	006	relational	1	119	1.49	177.31	True	exact	True
hcptrt	02	006	relational	2	119	1.49	177.31	True	exact	True
hcptrt	02	006	social	1	139	1.49	207.10999999999999	True	exact	True
hcptrt	02	006	social	2	139	1.49	207.10999999999999	True	exact	True
hcptrt	02	006	wm	1	202	1.49	300.98	True	exact	True
hcptrt	02	006	wm	2	202	1.49	300.98	True	exact	True
hcptrt	02	007	emotion	1	92	1.49	137.08	True	exact	True
hcptrt	02	007	gambling	1	129	1.49	192.21	True	exact	True
hcptrt	02	007	language	1	159	1.49	236.91	True	exact	True
hcptrt	02	007	motor	1	144	1.49	214.56	True	exact	True
hcptrt	02	007	relational	1	119	1.49	177.31	True	exact	True
hcptrt	02	007	restingstate	1	600	1.49	894.0	True	exact	True
hcptrt	02	007	social	1	139	1.49	207.10999999999999	True	exact	True
hcptrt	02	007	wm	1	202	1.49	300.98	True	exact	True
hcptrt	02	008	emotion	1	92	1.49	137.08	True	exact	True
hcptrt	02	008	emotion	2	92	1.49	137.08	True	exact	True
hcptrt	02	008	gambling	1	129	1.49	192.21	True	exact	True
hcptrt	02	008	gambling	2	129	1.49	192.21	True	exact	True
hcptrt	02	008	language	1	159	1.49	236.91	True	exact	True
hcptrt	02	008	language	2	159	1.49	236.91	True	exact	True
hcptrt	02	008	motor	1	144	1.49	214.56	True	exact	True
hcptrt	02	008	motor	2	144	1.49	214.56	True	exact	True
hcptrt	02	008	relational	1	119	1.49	177.31	True	exact	True
hcptrt	02	008	relational	2	119	1.49	177.31	True	exact	True
hcptrt	02	008	social	1	139	1.49	207.10999999999999	True	exact	True
hcptrt	02	008	social	2	139	1.49	207.10999999999999	True	exact	True
hcptrt	02	008	wm	1	202	1.49	300.98	True	exact	True
hcptrt	02	008	wm	2	202	1.49	300.98	True	exact	True
hcptrt	02	009	emotion	1	92	1.49	137.08	True	exact	True
hcptrt	02	009	gambling	1	129	1.49	192.21	True	exact	True
hcptrt	02	009	language	1	159	1.49	236.91	True	exact	True
hcptrt	02	009	motor	1	144	1.49	214.56	True	exact	True
hcptrt	02	009	relational	1	119	1.49	177.31	True	exact	True
hcptrt	02	009	restingstate	1	600	1.49	894.0	True	exact	True
hcptrt	02	009	social	1	139	1.49	207.10999999999999	True	exact	True
hcptrt	02	009	wm	1	202	1.49	300.98	True	exact	True
hcptrt	02	010	emotion	1	92	1.49	137.08	True	exact	True
hcptrt	02	010	emotion	2	92	1.49	137.08	True	exact	True
hcptrt	02	010	gambling	1	129	1.49	192.21	True	exact	True
hcptrt	02	010	gambling	2	129	1.49	192.21	True	exact	True
hcptrt	02	010	language	1	159	1.49	236.91	True	exact	True
hcptrt	02	010	language	2	159	1.49	236.91	True	exact	True
hcptrt	02	010	motor	1	144	1.49	214.56	True	exact	True
hcptrt	02	010	motor	2	144	1.49	214.56	True	exact	True
hcptrt	02	010	relational	1	119	1.49	177.31	True	exact	True
hcptrt	02	010	relational	2	119	1.49	177.31	True	exact	True
hcptrt	02	010	social	1	139	1.49	207.10999999999999	True	exact	True
hcptrt	02	010	social	2	139	1.49	207.10999999999999	True	exact	True
hcptrt	02	010	wm	1	202	1.49	300.98	True	exact	True
hcptrt	02	010	wm	2	202	1.49	300.98	True	exact	True
hcptrt	03	001	emotion	1	92	1.49	137.08	True	exact	True
hcptrt	03	001	emotion	2	92	1.49	137.08	True	exact	True
hcptrt	03	001	gambling	1	129	1.49	192.21	True	exact	True
hcptrt	03	001	gambling	2	129	1.49	192.21	True	exact	True
hcptrt	03	001	language	1	159	1.49	236.91	True	exact	True
hcptrt	03	001	language	2	159	1.49	236.91	True	exact	True
hcptrt	03	001	motor	1	144	1.49	214.56	True	exact	True
hcptrt	03	001	motor	2	144	1.49	214.56	True	exact	True
hcptrt	03	001	relational	1	119	1.49	177.31	True	exact	True
hcptrt	03	001	relational	2	119	1.49	177.31	True	exact	True
hcptrt	03	001	social	1	139	1.49	207.10999999999999	True	exact	True
hcptrt	03	001	social	2	139	1.49	207.10999999999999	True	exact	True
hcptrt	03	001	wm	1	202	1.49	300.98	True	exact	True
hcptrt	03	001	wm	2	202	1.49	300.98	True	exact	True
hcptrt	03	002	emotion	1	92	1.49	137.08	True	exact	True
hcptrt	03	002	gambling	1	129	1.49	192.21	True	exact	True
hcptrt	03	002	language	1	159	1.49	236.91	True	exact	True
hcptrt	03	002	motor	1	144	1.49	214.56	True	exact	True
hcptrt	03	002	relational	1	119	1.49	177.31	True	exact	True
hcptrt	03	002	restingstate	1	600	1.49	894.0	True	exact	True
hcptrt	03	002	social	1	139	1.49	207.10999999999999	True	exact	True
hcptrt	03	002	wm	1	202	1.49	300.98	True	exact	True
hcptrt	03	003	emotion	1	92	1.49	137.08	True	exact	True
hcptrt	03	003	emotion	2	92	1.49	137.08	True	exact	True
hcptrt	03	003	gambling	1	129	1.49	192.21	True	exact	True
hcptrt	03	003	gambling	2	129	1.49	192.21	True	exact	True
hcptrt	03	003	language	1	159	1.49	236.91	True	exact	True
hcptrt	03	003	language	2	159	1.49	236.91	True	exact	True
hcptrt	03	003	motor	1	144	1.49	214.56	True	exact	True
hcptrt	03	003	motor	2	144	1.49	214.56	True	exact	True
hcptrt	03	003	relational	1	119	1.49	177.31	True	exact	True
hcptrt	03	003	relational	2	119	1.49	177.31	True	exact	True
hcptrt	03	003	social	1	139	1.49	207.10999999999999	True	exact	True
hcptrt	03	003	social	2	139	1.49	207.10999999999999	True	exact	True
hcptrt	03	004	emotion	1	92	1.49	137.08	True	exact	True
hcptrt	03	004	gambling	1	129	1.49	192.21	True	exact	True
hcptrt	03	004	language	1	159	1.49	236.91	True	exact	True
hcptrt	03	004	motor	1	144	1.49	214.56	True	exact	True
hcptrt	03	004	relational	1	119	1.49	177.31	True	exact	True
hcptrt	03	004	restingstate	1	600	1.49	894.0	True	exact	True
hcptrt	03	004	social	1	139	1.49	207.10999999999999	True	exact	True
hcptrt	03	004	wm	1	202	1.49	300.98	True	exact	True
hcptrt	03	005	emotion	1	92	1.49	137.08	True	exact	True
hcptrt	03	005	gambling	1	129	1.49	192.21	True	exact	True
hcptrt	03	005	language	1	159	1.49	236.91	True	exact	True
hcptrt	03	005	motor	1	144	1.49	214.56	True	exact	True
hcptrt	03	005	relational	1	119	1.49	177.31	True	exact	True
hcptrt	03	005	restingstate	1	600	1.49	894.0	True	exact	True
hcptrt	03	005	social	1	139	1.49	207.10999999999999	True	exact	True
hcptrt	03	005	wm	1	202	1.49	300.98	True	exact	True
hcptrt	03	006	emotion	1	92	1.49	137.08	True	exact	True
hcptrt	03	006	emotion	2	92	1.49	137.08	True	exact	True
hcptrt	03	006	gambling	1	129	1.49	192.21	True	exact	True
hcptrt	03	006	gambling	2	129	1.49	192.21	True	exact	True
hcptrt	03	006	language	1	159	1.49	236.91	True	exact	True
hcptrt	03	006	language	2	159	1.49	236.91	True	exact	True
hcptrt	03	006	motor	1	144	1.49	214.56	True	exact	True
hcptrt	03	006	motor	2	144	1.49	214.56	True	exact	True
hcptrt	03	006	relational	1	119	1.49	177.31	True	exact	True
hcptrt	03	006	relational	2	119	1.49	177.31	True	exact	True
hcptrt	03	006	social	1	139	1.49	207.10999999999999	True	exact	True
hcptrt	03	006	social	2	139	1.49	207.10999999999999	True	exact	True
hcptrt	03	006	wm	1	202	1.49	300.98	True	exact	True
hcptrt	03	006	wm	2	202	1.49	300.98	True	exact	True
hcptrt	03	007	emotion	1	92	1.49	137.08	True	exact	True
hcptrt	03	007	gambling	1	129	1.49	192.21	True	exact	True
hcptrt	03	007	language	1	159	1.49	236.91	True	exact	True
hcptrt	03	007	motor	1	144	1.49	214.56	True	exact	True
hcptrt	03	007	relational	1	119	1.49	177.31	True	exact	True
hcptrt	03	007	restingstate	1	600	1.49	894.0	True	exact	True
hcptrt	03	007	social	1	139	1.49	207.10999999999999	True	exact	True
hcptrt	03	007	wm	1	202	1.49	300.98	True	exact	True
hcptrt	03	008	emotion	1	92	1.49	137.08	True	exact	True
hcptrt	03	008	emotion	2	92	1.49	137.08	True	exact	True
hcptrt	03	008	gambling	1	129	1.49	192.21	True	exact	True
hcptrt	03	008	gambling	2	129	1.49	192.21	True	exact	True
hcptrt	03	008	language	1	159	1.49	236.91	True	exact	True
hcptrt	03	008	language	2	159	1.49	236.91	True	exact	True
hcptrt	03	008	motor	1	144	1.49	214.56	True	exact	True
hcptrt	03	008	motor	2	144	1.49	214.56	True	exact	True
hcptrt	03	008	relational	1	119	1.49	177.31	True	exact	True
hcptrt	03	008	relational	2	119	1.49	177.31	True	exact	True
hcptrt	03	008	social	1	139	1.49	207.10999999999999	True	exact	True
hcptrt	03	008	social	2	139	1.49	207.10999999999999	True	exact	True
hcptrt	03	008	wm	1	202	1.49	300.98	True	exact	True
hcptrt	03	008	wm	2	202	1.49	300.98	True	exact	True
hcptrt	03	009	emotion	1	92	1.49	137.08	True	exact	True
hcptrt	03	009	emotion	2	92	1.49	137.08	True	exact	True
hcptrt	03	009	gambling	1	129	1.49	192.21	True	exact	True
hcptrt	03	009	gambling	2	129	1.49	192.21	True	exact	True
hcptrt	03	009	language	1	159	1.49	236.91	True	exact	True
hcptrt	03	009	language	2	159	1.49	236.91	True	exact	True
hcptrt	03	009	motor	1	144	1.49	214.56	True	exact	True
hcptrt	03	009	motor	2	144	1.49	214.56	True	exact	True
hcptrt	03	009	relational	1	119	1.49	177.31	True	exact	True
hcptrt	03	009	relational	2	119	1.49	177.31	True	exact	True
hcptrt	03	009	social	1	139	1.49	207.10999999999999	True	exact	True
hcptrt	03	009	social	2	139	1.49	207.10999999999999	True	exact	True
hcptrt	03	009	wm	1	202	1.49	300.98	True	exact	True
hcptrt	03	009	wm	2	202	1.49	300.98	True	exact	True
hcptrt	03	010	emotion	1	92	1.49	137.08	True	exact	True
hcptrt	03	010	gambling	1	129	1.49	192.21	True	exact	True
hcptrt	03	010	language	1	159	1.49	236.91	True	exact	True
hcptrt	03	010	motor	1	144	1.49	214.56	True	exact	True
hcptrt	03	010	relational	1	119	1.49	177.31	True	exact	True
hcptrt	03	010	restingstate	1	600	1.49	894.0	True	exact	True
hcptrt	03	010	social	1	139	1.49	207.10999999999999	True	exact	True
hcptrt	03	010	wm	1	202	1.49	300.98	True	exact	True
hcptrt	03	011	wm	1	202	1.49	300.98	True	exact	True
hcptrt	03	011	wm	2	202	1.49	300.98	True	exact	True
hcptrt	04	001	emotion	1	92	1.49	137.08	True	exact	True
hcptrt	04	001	gambling	1	129	1.49	192.21	True	exact	True
hcptrt	04	001	language	1	159	1.49	236.91	True	exact	True
hcptrt	04	001	motor	1	144	1.49	214.56	True	exact	True
hcptrt	04	001	relational	1	119	1.49	177.31	True	exact	True
hcptrt	04	001	restingstate	1	600	1.49	894.0	True	exact	True
hcptrt	04	001	social	1	139	1.49	207.10999999999999	True	exact	True
hcptrt	04	001	wm	1	202	1.49	300.98	True	exact	True
hcptrt	04	002	emotion	1	92	1.49	137.08	True	exact	True
hcptrt	04	002	gambling	1	129	1.49	192.21	True	exact	True
hcptrt	04	002	language	1	159	1.49	236.91	True	exact	True
hcptrt	04	002	motor	1	144	1.49	214.56	True	exact	True
hcptrt	04	002	relational	1	119	1.49	177.31	True	exact	True
hcptrt	04	002	social	1	139	1.49	207.10999999999999	True	exact	True
hcptrt	04	002	wm	1	202	1.49	300.98	True	exact	True
hcptrt	04	003	emotion	1	92	1.49	137.08	True	exact	True
hcptrt	04	003	gambling	1	129	1.49	192.21	True	exact	True
hcptrt	04	003	language	1	159	1.49	236.91	True	exact	True
hcptrt	04	003	motor	1	144	1.49	214.56	True	exact	True
hcptrt	04	003	relational	1	119	1.49	177.31	True	exact	True
hcptrt	04	003	restingstate	1	600	1.49	894.0	True	exact	True
hcptrt	04	003	social	1	139	1.49	207.10999999999999	True	exact	True
hcptrt	04	003	wm	1	202	1.49	300.98	True	exact	True
hcptrt	04	005	emotion	1	92	1.49	137.08	True	exact	True
hcptrt	04	005	emotion	2	92	1.49	137.08	True	exact	True
hcptrt	04	005	gambling	1	129	1.49	192.21	True	exact	True
hcptrt	04	005	gambling	2	129	1.49	192.21	True	exact	True
hcptrt	04	005	language	1	159	1.49	236.91	True	exact	True
hcptrt	04	005	language	2	159	1.49	236.91	True	exact	True
hcptrt	04	005	motor	1	144	1.49	214.56	True	exact	True
hcptrt	04	005	motor	2	144	1.49	214.56	True	exact	True
hcptrt	04	005	relational	1	119	1.49	177.31	True	exact	True
hcptrt	04	005	relational	2	119	1.49	177.31	True	exact	True
hcptrt	04	005	social	1	139	1.49	207.10999999999999	True	exact	True
hcptrt	04	005	social	2	139	1.49	207.10999999999999	True	exact	True
hcptrt	04	005	wm	1	202	1.49	300.98	True	exact	True
hcptrt	04	005	wm	2	202	1.49	300.98	True	exact	True
hcptrt	04	006	emotion	1	92	1.49	137.08	True	exact	True
hcptrt	04	006	gambling	1	129	1.49	192.21	True	exact	True
hcptrt	04	006	language	1	159	1.49	236.91	True	exact	True
hcptrt	04	006	motor	1	144	1.49	214.56	True	exact	True
hcptrt	04	006	relational	1	119	1.49	177.31	True	exact	True
hcptrt	04	006	restingstate	1	600	1.49	894.0	True	exact	True
hcptrt	04	006	social	1	139	1.49	207.10999999999999	True	exact	True
hcptrt	04	006	wm	1	202	1.49	300.98	True	exact	True
hcptrt	04	007	emotion	1	92	1.49	137.08	True	exact	True
hcptrt	04	007	emotion	2	92	1.49	137.08	True	exact	True
hcptrt	04	007	gambling	1	129	1.49	192.21	True	exact	True
hcptrt	04	007	gambling	2	129	1.49	192.21	True	exact	True
hcptrt	04	007	language	1	159	1.49	236.91	True	exact	True
hcptrt	04	007	language	2	159	1.49	236.91	True	exact	True
hcptrt	04	007	motor	1	144	1.49	214.56	True	exact	True
hcptrt	04	007	motor	2	144	1.49	214.56	True	exact	True
hcptrt	04	007	relational	1	119	1.49	177.31	True	exact	True
hcptrt	04	007	relational	2	119	1.49	177.31	True	exact	True
hcptrt	04	007	social	1	139	1.49	207.10999999999999	True	exact	True
hcptrt	04	007	social	2	139	1.49	207.10999999999999	True	exact	True
hcptrt	04	007	wm	1	202	1.49	300.98	True	exact	True
hcptrt	04	007	wm	2	202	1.49	300.98	True	exact	True
hcptrt	04	008	emotion	1	92	1.49	137.08	True	exact	True
hcptrt	04	008	gambling	1	129	1.49	192.21	True	exact	True
hcptrt	04	008	language	1	159	1.49	236.91	True	exact	True
hcptrt	04	008	motor	1	144	1.49	214.56	True	exact	True
hcptrt	04	008	relational	1	119	1.49	177.31	True	exact	True
hcptrt	04	008	restingstate	1	600	1.49	894.0	True	exact	True
hcptrt	04	008	social	1	139	1.49	207.10999999999999	True	exact	True
hcptrt	04	008	wm	1	202	1.49	300.98	True	exact	True
hcptrt	04	009	emotion	1	92	1.49	137.08	True	exact	True
hcptrt	04	009	emotion	2	92	1.49	137.08	True	exact	True
hcptrt	04	009	gambling	1	129	1.49	192.21	True	exact	True
hcptrt	04	009	gambling	2	129	1.49	192.21	True	exact	True
hcptrt	04	009	language	1	159	1.49	236.91	True	exact	True
hcptrt	04	009	language	2	159	1.49	236.91	True	exact	True
hcptrt	04	009	motor	1	144	1.49	214.56	True	exact	True
hcptrt	04	009	motor	2	144	1.49	214.56	True	exact	True
hcptrt	04	009	relational	1	119	1.49	177.31	True	exact	True
hcptrt	04	009	relational	2	119	1.49	177.31	True	exact	True
hcptrt	04	009	social	1	139	1.49	207.10999999999999	True	exact	True
hcptrt	04	009	social	2	139	1.49	207.10999999999999	True	exact	True
hcptrt	04	009	wm	1	202	1.49	300.98	True	exact	True
hcptrt	04	009	wm	2	202	1.49	300.98	True	exact	True
hcptrt	04	010	emotion	1	92	1.49	137.08	True	exact	True
hcptrt	04	010	gambling	1	129	1.49	192.21	True	exact	True
hcptrt	04	010	language	1	159	1.49	236.91	True	exact	True
hcptrt	04	010	motor	1	144	1.49	214.56	True	exact	True
hcptrt	04	010	relational	1	119	1.49	177.31	True	exact	True
hcptrt	04	010	restingstate	1	600	1.49	894.0	True	exact	True
hcptrt	04	010	social	1	139	1.49	207.10999999999999	True	exact	True
hcptrt	04	010	wm	1	202	1.49	300.98	True	exact	True
hcptrt	04	011	emotion	1	92	1.49	137.08	True	exact	True
hcptrt	04	011	emotion	2	92	1.49	137.08	True	exact	True
hcptrt	04	011	gambling	1	129	1.49	192.21	True	exact	True
hcptrt	04	011	gambling	2	129	1.49	192.21	True	exact	True
hcptrt	04	011	language	1	159	1.49	236.91	True	exact	True
hcptrt	04	011	language	2	159	1.49	236.91	True	exact	True
hcptrt	04	011	motor	1	144	1.49	214.56	True	exact	True
hcptrt	04	011	motor	2	144	1.49	214.56	True	exact	True
hcptrt	04	011	relational	1	119	1.49	177.31	True	exact	True
hcptrt	04	011	relational	2	119	1.49	177.31	True	exact	True
hcptrt	04	011	social	1	139	1.49	207.10999999999999	True	exact	True
hcptrt	04	011	social	2	139	1.49	207.10999999999999	True	exact	True
hcptrt	04	011	wm	1	202	1.49	300.98	True	exact	True
hcptrt	04	011	wm	2	202	1.49	300.98	True	exact	True
hcptrt	05	001	emotion	1	92	1.49	137.08	True	exact	True
hcptrt	05	001	emotion	2	92	1.49	137.08	True	exact	True
hcptrt	05	001	gambling	1	129	1.49	192.21	True	exact	True
hcptrt	05	001	gambling	2	129	1.49	192.21	True	exact	True
hcptrt	05	001	language	1	159	1.49	236.91	True	exact	True
hcptrt	05	001	language	2	159	1.49	236.91	True	exact	True
hcptrt	05	001	motor	1	144	1.49	214.56	True	exact	True
hcptrt	05	001	motor	2	144	1.49	214.56	True	exact	True
hcptrt	05	001	relational	1	119	1.49	177.31	True	exact	True
hcptrt	05	001	relational	2	119	1.49	177.31	True	exact	True
hcptrt	05	001	social	1	139	1.49	207.10999999999999	True	exact	True
hcptrt	05	001	social	2	139	1.49	207.10999999999999	True	exact	True
hcptrt	05	001	wm	1	202	1.49	300.98	True	exact	True
hcptrt	05	001	wm	2	202	1.49	300.98	True	exact	True
hcptrt	05	002	emotion	1	92	1.49	137.08	True	exact	True
hcptrt	05	002	gambling	1	129	1.49	192.21	True	exact	True
hcptrt	05	002	language	1	159	1.49	236.91	True	exact	True
hcptrt	05	002	motor	1	144	1.49	214.56	True	exact	True
hcptrt	05	002	relational	1	119	1.49	177.31	True	exact	True
hcptrt	05	002	restingstate	1	600	1.49	894.0	True	exact	True
hcptrt	05	002	social	1	139	1.49	207.10999999999999	True	exact	True
hcptrt	05	002	wm	1	202	1.49	300.98	True	exact	True
hcptrt	05	003	emotion	1	92	1.49	137.08	True	exact	True
hcptrt	05	003	gambling	1	129	1.49	192.21	True	exact	True
hcptrt	05	003	language	1	159	1.49	236.91	True	exact	True
hcptrt	05	003	motor	1	144	1.49	214.56	True	exact	True
hcptrt	05	003	relational	1	119	1.49	177.31	True	exact	True
hcptrt	05	003	restingstate	1	600	1.49	894.0	True	exact	True
hcptrt	05	003	social	1	139	1.49	207.10999999999999	True	exact	True
hcptrt	05	003	wm	1	202	1.49	300.98	True	exact	True
hcptrt	05	004	emotion	1	92	1.49	137.08	True	exact	True
hcptrt	05	004	emotion	2	92	1.49	137.08	True	exact	True
hcptrt	05	004	gambling	1	129	1.49	192.21	True	exact	True
hcptrt	05	004	gambling	2	129	1.49	192.21	True	exact	True
hcptrt	05	004	language	1	159	1.49	236.91	True	exact	True
hcptrt	05	004	language	2	159	1.49	236.91	True	exact	True
hcptrt	05	004	motor	1	144	1.49	214.56	True	exact	True
hcptrt	05	004	motor	2	144	1.49	214.56	True	exact	True
hcptrt	05	004	relational	1	119	1.49	177.31	True	exact	True
hcptrt	05	004	relational	2	119	1.49	177.31	True	exact	True
hcptrt	05	004	social	1	139	1.49	207.10999999999999	True	exact	True
hcptrt	05	004	social	2	139	1.49	207.10999999999999	True	exact	True
hcptrt	05	004	wm	1	202	1.49	300.98	True	exact	True
hcptrt	05	004	wm	2	202	1.49	300.98	True	exact	True
hcptrt	05	005	emotion	1	92	1.49	137.08	True	exact	True
hcptrt	05	005	emotion	2	92	1.49	137.08	True	exact	True
hcptrt	05	005	gambling	1	129	1.49	192.21	True	exact	True
hcptrt	05	005	gambling	2	129	1.49	192.21	True	exact	True
hcptrt	05	005	language	1	159	1.49	236.91	True	exact	True
hcptrt	05	005	language	2	159	1.49	236.91	True	exact	True
hcptrt	05	005	motor	1	144	1.49	214.56	True	exact	True
hcptrt	05	005	motor	2	144	1.49	214.56	True	exact	True
hcptrt	05	005	relational	1	119	1.49	177.31	True	exact	True
hcptrt	05	005	relational	2	119	1.49	177.31	True	exact	True
hcptrt	05	005	social	1	139	1.49	207.10999999999999	True	exact	True
hcptrt	05	005	social	2	139	1.49	207.10999999999999	True	exact	True
hcptrt	05	005	wm	1	202	1.49	300.98	True	exact	True
hcptrt	05	005	wm	2	202	1.49	300.98	True	exact	True
hcptrt	05	006	emotion	1	92	1.49	137.08	True	exact	True
hcptrt	05	006	gambling	1	129	1.49	192.21	True	exact	True
hcptrt	05	006	language	1	159	1.49	236.91	True	exact	True
hcptrt	05	006	motor	1	144	1.49	214.56	True	exact	True
hcptrt	05	006	relational	1	119	1.49	177.31	True	exact	True
hcptrt	05	006	restingstate	1	600	1.49	894.0	True	exact	True
hcptrt	05	006	social	1	139	1.49	207.10999999999999	True	exact	True
hcptrt	05	006	wm	1	202	1.49	300.98	True	exact	True
hcptrt	05	008	emotion	1	92	1.49	137.08	True	exact	True
hcptrt	05	008	emotion	2	92	1.49	137.08	True	exact	True
hcptrt	05	008	gambling	1	129	1.49	192.21	True	exact	True
hcptrt	05	008	gambling	2	129	1.49	192.21	True	exact	True
hcptrt	05	008	language	1	159	1.49	236.91	True	exact	True
hcptrt	05	008	language	2	159	1.49	236.91	True	exact	True
hcptrt	05	008	motor	1	144	1.49	214.56	True	exact	True
hcptrt	05	008	motor	2	144	1.49	214.56	True	exact	True
hcptrt	05	008	relational	1	119	1.49	177.31	True	exact	True
hcptrt	05	008	relational	2	119	1.49	177.31	True	exact	True
hcptrt	05	008	social	1	139	1.49	207.10999999999999	True	exact	True
hcptrt	05	008	social	2	139	1.49	207.10999999999999	True	exact	True
hcptrt	05	008	wm	1	202	1.49	300.98	True	exact	True
hcptrt	05	008	wm	2	202	1.49	300.98	True	exact	True
hcptrt	05	009	emotion	1	92	1.49	137.08	True	exact	True
hcptrt	05	009	gambling	1	129	1.49	192.21	True	exact	True
hcptrt	05	009	language	1	159	1.49	236.91	True	exact	True
hcptrt	05	009	motor	1	144	1.49	214.56	True	exact	True
hcptrt	05	009	relational	1	119	1.49	177.31	True	exact	True
hcptrt	05	009	restingstate	1	600	1.49	894.0	True	exact	True
hcptrt	05	009	social	1	139	1.49	207.10999999999999	True	exact	True
hcptrt	05	009	wm	1	202	1.49	300.98	True	exact	True
hcptrt	05	010	emotion	1	92	1.49	137.08	True	exact	True
hcptrt	05	010	emotion	2	92	1.49	137.08	True	exact	True
hcptrt	05	010	gambling	1	129	1.49	192.21	True	exact	True
hcptrt	05	010	gambling	2	129	1.49	192.21	True	exact	True
hcptrt	05	010	language	1	159	1.49	236.91	True	exact	True
hcptrt	05	010	language	2	159	1.49	236.91	True	exact	True
hcptrt	05	010	motor	1	144	1.49	214.56	True	exact	True
hcptrt	05	010	motor	2	144	1.49	214.56	True	exact	True
hcptrt	05	010	relational	1	119	1.49	177.31	True	exact	True
hcptrt	05	010	relational	2	119	1.49	177.31	True	exact	True
hcptrt	05	010	social	1	139	1.49	207.10999999999999	True	exact	True
hcptrt	05	010	social	2	139	1.49	207.10999999999999	True	exact	True
hcptrt	05	010	wm	1	202	1.49	300.98	True	exact	True
hcptrt	05	010	wm	2	202	1.49	300.98	True	exact	True
hcptrt	06	001	emotion	1	92	1.49	137.08	True	exact	True
hcptrt	06	001	language	1	159	1.49	236.91	True	exact	True
hcptrt	06	001	motor	1	144	1.49	214.56	True	exact	True
hcptrt	06	001	restingstate	1	600	1.49	894.0	True	exact	True
hcptrt	06	001	wm	1	202	1.49	300.98	True	exact	True
hcptrt	06	002	emotion	1	92	1.49	137.08	True	exact	True
hcptrt	06	002	emotion	2	92	1.49	137.08	True	exact	True
hcptrt	06	002	gambling	1	129	1.49	192.21	True	exact	True
hcptrt	06	002	gambling	2	129	1.49	192.21	True	exact	True
hcptrt	06	002	language	1	159	1.49	236.91	True	exact	True
hcptrt	06	002	language	2	159	1.49	236.91	True	exact	True
hcptrt	06	002	motor	1	144	1.49	214.56	True	exact	True
hcptrt	06	002	motor	2	144	1.49	214.56	True	exact	True
hcptrt	06	002	relational	1	119	1.49	177.31	True	exact	True
hcptrt	06	002	relational	2	119	1.49	177.31	True	exact	True
hcptrt	06	002	social	1	139	1.49	207.10999999999999	True	exact	True
hcptrt	06	002	social	2	139	1.49	207.10999999999999	True	exact	True
hcptrt	06	002	wm	1	202	1.49	300.98	True	exact	True
hcptrt	06	002	wm	2	202	1.49	300.98	True	exact	True
hcptrt	06	003	emotion	1	92	1.49	137.08	True	exact	True
hcptrt	06	003	emotion	2	92	1.49	137.08	True	exact	True
hcptrt	06	003	gambling	1	129	1.49	192.21	True	exact	True
hcptrt	06	003	gambling	2	129	1.49	192.21	True	exact	True
hcptrt	06	003	language	1	159	1.49	236.91	True	exact	True
hcptrt	06	003	language	2	159	1.49	236.91	True	exact	True
hcptrt	06	003	motor	1	144	1.49	214.56	True	exact	True
hcptrt	06	003	motor	2	144	1.49	214.56	True	exact	True
hcptrt	06	003	relational	1	119	1.49	177.31	True	exact	True
hcptrt	06	003	relational	2	119	1.49	177.31	True	exact	True
hcptrt	06	003	social	2	139	1.49	207.10999999999999	True	exact	True
hcptrt	06	003	wm	1	202	1.49	300.98	True	exact	True
hcptrt	06	003	wm	2	202	1.49	300.98	True	exact	True
hcptrt	06	004	emotion	1	92	1.49	137.08	True	exact	True
hcptrt	06	004	emotion	2	92	1.49	137.08	True	exact	True
hcptrt	06	004	emotion	3	92	1.49	137.08	True	exact	True
hcptrt	06	004	gambling	1	129	1.49	192.21	True	exact	True
hcptrt	06	004	gambling	2	129	1.49	192.21	True	exact	True
hcptrt	06	004	gambling	3	129	1.49	192.21	True	exact	True
hcptrt	06	004	language	1	159	1.49	236.91	True	exact	True
hcptrt	06	004	language	2	159	1.49	236.91	True	exact	True
hcptrt	06	004	language	3	159	1.49	236.91	True	exact	True
hcptrt	06	004	motor	1	144	1.49	214.56	True	exact	True
hcptrt	06	004	motor	2	144	1.49	214.56	True	exact	True
hcptrt	06	004	motor	3	144	1.49	214.56	True	exact	True
hcptrt	06	004	relational	1	119	1.49	177.31	True	exact	True
hcptrt	06	004	relational	2	119	1.49	177.31	True	exact	True
hcptrt	06	004	relational	3	119	1.49	177.31	True	exact	True
hcptrt	06	004	restingstate	1	600	1.49	894.0	True	exact	True
hcptrt	06	004	social	1	139	1.49	207.10999999999999	True	exact	True
hcptrt	06	004	wm	1	202	1.49	300.98	True	exact	True
hcptrt	06	004	wm	2	202	1.49	300.98	True	exact	True
hcptrt	06	004	wm	3	202	1.49	300.98	True	exact	True
hcptrt	06	006	emotion	1	92	1.49	137.08	True	exact	True
hcptrt	06	006	emotion	2	92	1.49	137.08	True	exact	True
hcptrt	06	006	gambling	1	129	1.49	192.21	True	exact	True
hcptrt	06	006	gambling	2	129	1.49	192.21	True	exact	True
hcptrt	06	006	language	1	159	1.49	236.91	True	exact	True
hcptrt	06	006	language	2	159	1.49	236.91	True	exact	True
hcptrt	06	006	motor	1	144	1.49	214.56	True	exact	True
hcptrt	06	006	motor	2	144	1.49	214.56	True	exact	True
hcptrt	06	006	relational	1	119	1.49	177.31	True	exact	True
hcptrt	06	006	relational	2	119	1.49	177.31	True	exact	True
hcptrt	06	006	social	1	139	1.49	207.10999999999999	True	exact	True
hcptrt	06	006	social	2	139	1.49	207.10999999999999	True	exact	True
hcptrt	06	006	wm	1	202	1.49	300.98	True	exact	True
hcptrt	06	006	wm	2	202	1.49	300.98	True	exact	True
hcptrt	06	007	emotion	1	92	1.49	137.08	True	exact	True
hcptrt	06	007	gambling	1	129	1.49	192.21	True	exact	True
hcptrt	06	007	language	1	159	1.49	236.91	True	exact	True
hcptrt	06	007	motor	1	144	1.49	214.56	True	exact	True
hcptrt	06	007	relational	1	119	1.49	177.31	True	exact	True
hcptrt	06	007	restingstate	1	600	1.49	894.0	True	exact	True
hcptrt	06	007	social	1	139	1.49	207.10999999999999	True	exact	True
hcptrt	06	007	wm	1	202	1.49	300.98	True	exact	True
hcptrt	06	008	emotion	1	92	1.49	137.08	True	exact	True
hcptrt	06	008	gambling	1	129	1.49	192.21	True	exact	True
hcptrt	06	008	language	1	159	1.49	236.91	True	exact	True
hcptrt	06	008	motor	1	144	1.49	214.56	True	exact	True
hcptrt	06	008	relational	1	119	1.49	177.31	True	exact	True
hcptrt	06	008	restingstate	1	600	1.49	894.0	True	exact	True
hcptrt	06	008	social	1	139	1.49	207.10999999999999	True	exact	True
hcptrt	06	008	wm	1	202	1.49	300.98	True	exact	True
hcptrt	06	009	emotion	1	92	1.49	137.08	True	exact	True
hcptrt	06	009	emotion	2	92	1.49	137.08	True	exact	True
hcptrt	06	009	gambling	1	129	1.49	192.21	True	exact	True
hcptrt	06	009	gambling	2	129	1.49	192.21	True	exact	True
hcptrt	06	009	language	1	159	1.49	236.91	True	exact	True
hcptrt	06	009	language	2	159	1.49	236.91	True	exact	True
hcptrt	06	009	motor	1	144	1.49	214.56	True	exact	True
hcptrt	06	009	motor	2	144	1.49	214.56	True	exact	True
hcptrt	06	009	relational	1	119	1.49	177.31	True	exact	True
hcptrt	06	009	relational	2	119	1.49	177.31	True	exact	True
hcptrt	06	009	social	1	139	1.49	207.10999999999999	True	exact	True
hcptrt	06	009	social	2	139	1.49	207.10999999999999	True	exact	True
hcptrt	06	009	wm	1	202	1.49	300.98	True	exact	True
hcptrt	06	009	wm	2	202	1.49	300.98	True	exact	True
hcptrt	06	010	emotion	1	92	1.49	137.08	True	exact	True
hcptrt	06	010	gambling	1	129	1.49	192.21	True	exact	True
hcptrt	06	010	language	1	159	1.49	236.91	True	exact	True
hcptrt	06	010	motor	1	144	1.49	214.56	True	exact	True
hcptrt	06	010	relational	1	119	1.49	177.31	True	exact	True
hcptrt	06	010	restingstate	1	600	1.49	894.0	True	exact	True
hcptrt	06	010	social	1	139	1.49	207.10999999999999	True	exact	True
hcptrt	06	010	wm	1	202	1.49	300.98	True	exact	True
hcptrt	06	012	emotion	1	92	1.49	137.08	True	exact	True
hcptrt	06	012	emotion	2	92	1.49	137.08	True	exact	True
hcptrt	06	012	gambling	1	129	1.49	192.21	True	exact	True
hcptrt	06	012	gambling	2	129	1.49	192.21	True	exact	True
hcptrt	06	012	language	1	159	1.49	236.91	True	exact	True
hcptrt	06	012	language	2	159	1.49	236.91	True	exact	True
hcptrt	06	012	motor	1	144	1.49	214.56	True	exact	True
hcptrt	06	012	motor	2	144	1.49	214.56	True	exact	True
hcptrt	06	012	relational	1	119	1.49	177.31	True	exact	True
hcptrt	06	012	relational	2	119	1.49	177.31	True	exact	True
hcptrt	06	012	social	1	139	1.49	207.10999999999999	True	exact	True
hcptrt	06	012	social	2	139	1.49	207.10999999999999	True	exact	True
hcptrt	06	012	wm	1	202	1.49	300.98	True	exact	True
hcptrt	06	012	wm	2	202	1.49	300.98	True	exact	True
hcptrt	06	013	emotion	1	92	1.49	137.08	True	exact	True
hcptrt	06	013	gambling	1	129	1.49	192.21	True	exact	True
hcptrt	06	013	language	1	159	1.49	236.91	True	exact	True
hcptrt	06	013	motor	1	144	1.49	214.56	True	exact	True
hcptrt	06	013	relational	1	119	1.49	177.31	True	exact	True
hcptrt	06	013	restingstate	1	600	1.49	894.0	True	exact	True
hcptrt	06	013	social	1	139	1.49	207.10999999999999	True	exact	True
hcptrt	06	013	wm	1	202	1.49	300.98	True	exact	True
langlocalizer	01	001	aliceEn		182	1.49	271.18	True	exact	False
langlocalizer	01	001	aliceFr		182	1.49	271.18	True	exact	False
langlocalizer	01	001	listening		240	1.49	357.6	True	exact	False
langlocalizer	01	001	reading		240	1.49	357.6	True	exact	False
langlocalizer	01	002	aliceEn		182	1.49	271.18	True	exact	False
langlocalizer	01	002	aliceFr		182	1.49	271.18	True	exact	False
langlocalizer	01	002	listening		240	1.49	357.6	True	exact	False
langlocalizer	01	002	reading		240	1.49	357.6	True	exact	False
langlocalizer	01	003	aliceEn		182	1.49	271.18	True	exact	False
langlocalizer	01	003	aliceFr		182	1.49	271.18	True	exact	False
langlocalizer	01	003	listening		240	1.49	357.6	True	exact	False
langlocalizer	01	003	reading		240	1.49	357.6	True	exact	False
langlocalizer	02	001	aliceEn		182	1.49	271.18	True	exact	False
langlocalizer	02	001	aliceFr		182	1.49	271.18	True	exact	False
langlocalizer	02	001	listening		240	1.49	357.6	True	exact	False
langlocalizer	02	001	reading		240	1.49	357.6	True	exact	False
langlocalizer	02	002	aliceEn		182	1.49	271.18	True	exact	False
langlocalizer	02	002	aliceFr		182	1.49	271.18	True	exact	False
langlocalizer	02	002	listening		240	1.49	357.6	True	exact	False
langlocalizer	02	002	reading		240	1.49	357.6	True	exact	False
langlocalizer	02	003	aliceEn		182	1.49	271.18	True	exact	False
langlocalizer	02	003	aliceFr		182	1.49	271.18	True	exact	False
langlocalizer	02	003	listening		240	1.49	357.6	True	exact	False
langlocalizer	02	003	reading		240	1.49	357.6	True	exact	False
langlocalizer	03	001	aliceEn		186	1.49	277.14	True	exact	False
langlocalizer	03	001	aliceFr		185	1.49	275.65	True	exact	False
langlocalizer	03	001	listening		240	1.49	357.6	True	exact	False
langlocalizer	03	001	reading		240	1.49	357.6	True	exact	False
langlocalizer	03	002	aliceEn		182	1.49	271.18	True	exact	False
langlocalizer	03	002	aliceFr		182	1.49	271.18	True	exact	False
langlocalizer	03	002	listening		240	1.49	357.6	True	exact	False
langlocalizer	03	002	reading		240	1.49	357.6	True	exact	False
langlocalizer	03	003	aliceEn		182	1.49	271.18	True	exact	False
langlocalizer	03	003	aliceFr		182	1.49	271.18	True	exact	False
langlocalizer	03	003	listening		240	1.49	357.6	True	exact	False
langlocalizer	03	003	reading		240	1.49	357.6	True	exact	False
langlocalizer	05	001	aliceEn		182	1.49	271.18	True	exact	False
langlocalizer	05	001	aliceFr		182	1.49	271.18	True	exact	False
langlocalizer	05	001	listening		240	1.49	357.6	True	exact	False
langlocalizer	05	001	reading		240	1.49	357.6	True	exact	False
langlocalizer	05	002	aliceEn		182	1.49	271.18	True	exact	False
langlocalizer	05	002	aliceFr		182	1.49	271.18	True	exact	False
langlocalizer	05	002	listening		240	1.49	357.6	True	exact	False
langlocalizer	05	002	reading		240	1.49	357.6	True	exact	False
langlocalizer	05	003	aliceEn		182	1.49	271.18	True	exact	False
langlocalizer	05	003	aliceFr		182	1.49	271.18	True	exact	False
langlocalizer	05	003	listening		240	1.49	357.6	True	exact	False
langlocalizer	05	003	reading		240	1.49	357.6	True	exact	False
mario	01	001	mario	1	451	1.49	671.99	True	exact	False
mario	01	001	mario	2	445	1.49	663.05	True	exact	False
mario	01	001	mario	3	455	1.49	677.95	True	exact	False
mario	01	001	mario	4	443	1.49	660.07	True	exact	False
mario	01	002	mario	1	443	1.49	660.07	True	exact	False
mario	01	002	mario	2	452	1.49	673.48	True	exact	False
mario	01	002	mario	3	429	1.49	639.21	True	exact	False
mario	01	003	mario	1	431	1.49	642.1899999999999	True	exact	False
mario	01	003	mario	2	433	1.49	645.17	True	exact	False
mario	01	003	mario	3	447	1.49	666.03	True	exact	False
mario	01	003	mario	4	424	1.49	631.76	True	exact	False
mario	01	003	mario	5	454	1.49	676.46	True	exact	False
mario	01	004	mario	1	433	1.49	645.17	True	exact	False
mario	01	004	mario	2	453	1.49	674.97	True	exact	False
mario	01	004	mario	3	447	1.49	666.03	True	exact	False
mario	01	004	mario	4	460	1.49	685.4	True	exact	False
mario	01	005	mario	1	459	1.49	683.91	True	exact	False
mario	01	005	mario	2	461	1.49	686.89	True	exact	False
mario	01	005	mario	3	425	1.49	633.25	True	exact	False
mario	01	005	mario	4	469	1.49	698.81	True	exact	False
mario	01	005	mario	5	417	1.49	621.33	True	exact	False
mario	01	006	mario	1	497	1.49	740.53	True	exact	False
mario	01	006	mario	2	438	1.49	652.62	True	exact	False
mario	01	006	mario	3	418	1.49	622.82	True	exact	False
mario	01	006	mario	4	452	1.49	673.48	True	exact	False
mario	01	007	mario	1	442	1.49	658.58	True	exact	False
mario	01	007	mario	2	462	1.49	688.38	True	exact	False
mario	01	007	mario	3	464	1.49	691.36	True	exact	False
mario	01	007	mario	4	456	1.49	679.4399999999999	True	exact	False
mario	01	007	mario	5	426	1.49	634.74	True	exact	False
mario	01	008	mario	1	462	1.49	688.38	True	exact	False
mario	01	008	mario	2	452	1.49	673.48	True	exact	False
mario	01	008	mario	3	438	1.49	652.62	True	exact	False
mario	01	008	mario	4	454	1.49	676.46	True	exact	False
mario	01	008	mario	5	485	1.49	722.65	True	exact	False
mario	01	009	mario	1	449	1.49	669.01	True	exact	False
mario	01	009	mario	2	444	1.49	661.56	True	exact	False
mario	01	009	mario	3	463	1.49	689.87	True	exact	False
mario	01	009	mario	4	433	1.49	645.17	True	exact	False
mario	01	009	mario	5	443	1.49	660.07	True	exact	False
mario	01	010	mario	1	444	1.49	661.56	True	exact	False
mario	01	010	mario	2	454	1.49	676.46	True	exact	False
mario	01	010	mario	3	430	1.49	640.7	True	exact	False
mario	01	010	mario	4	471	1.49	701.79	True	exact	False
mario	01	011	mario	1	448	1.49	667.52	False	unmatched	False
mario	01	011	mario	2	452	1.49	673.48	False	unmatched	False
mario	01	011	mario	3	413	1.49	615.37	False	unmatched	False
mario	01	011	mario	4	431	1.49	642.1899999999999	False	unmatched	False
mario	01	012	mario	1	472	1.49	703.28	True	exact	False
mario	01	012	mario	2	456	1.49	679.4399999999999	True	exact	False
mario	01	013	mario	3	424	1.49	631.76	True	exact	False
mario	01	013	mario	4	457	1.49	680.93	True	exact	False
mario	01	013	mario	5	443	1.49	660.07	True	exact	False
mario	01	014	mario	1	479	1.49	713.71	True	exact	False
mario	01	014	mario	2	441	1.49	657.09	True	exact	False
mario	01	014	mario	3	465	1.49	692.85	True	exact	False
mario	01	014	mario	4	445	1.49	663.05	True	exact	False
mario	01	014	mario	5	441	1.49	657.09	True	exact	False
mario	01	015	mario	1	423	1.49	630.27	True	exact	False
mario	01	015	mario	2	444	1.49	661.56	True	exact	False
mario	01	015	mario	3	449	1.49	669.01	True	exact	False
mario	01	015	mario	4	436	1.49	649.64	True	exact	False
mario	01	015	mario	5	429	1.49	639.21	True	exact	False
mario	01	016	mario	1	436	1.49	649.64	True	exact	False
mario	01	016	mario	2	451	1.49	671.99	True	exact	False
mario	01	016	mario	3	446	1.49	664.54	True	exact	False
mario	01	016	mario	4	443	1.49	660.07	True	exact	False
mario	01	017	mario	1	426	1.49	634.74	True	exact	False
mario	01	017	mario	2	457	1.49	680.93	True	exact	False
mario	01	017	mario	3	443	1.49	660.07	True	exact	False
mario	01	017	mario	4	453	1.49	674.97	True	exact	False
mario	01	018	mario	1	420	1.49	625.8	True	exact	False
mario	01	018	mario	2	420	1.49	625.8	True	exact	False
mario	01	018	mario	3	441	1.49	657.09	True	exact	False
mario	01	019	mario	1	446	1.49	664.54	True	exact	False
mario	01	019	mario	2	441	1.49	657.09	True	exact	False
mario	01	020	mario	1	433	1.49	645.17	True	exact	False
mario	01	020	mario	2	433	1.49	645.17	True	exact	False
mario	01	020	mario	3	432	1.49	643.68	True	exact	False
mario	01	020	mario	4	449	1.49	669.01	True	exact	False
mario	01	021	mario	1	478	1.49	712.22	True	exact	False
mario	01	021	mario	2	449	1.49	669.01	True	exact	False
mario	01	021	mario	3	466	1.49	694.34	True	exact	False
mario	01	021	mario	4	435	1.49	648.15	True	exact	False
mario	02	001	mario	1	451	1.49	671.99	True	exact	False
mario	02	001	mario	2	487	1.49	725.63	True	exact	False
mario	02	001	mario	3	446	1.49	664.54	True	exact	False
mario	02	001	mario	4	468	1.49	697.32	True	exact	False
mario	02	002	mario	1	443	1.49	660.07	True	exact	False
mario	02	002	mario	2	498	1.49	742.02	True	exact	False
mario	02	002	mario	3	458	1.49	682.42	True	exact	False
mario	02	002	mario	4	469	1.49	698.81	True	exact	False
mario	02	002	mario	5	429	1.49	639.21	True	exact	False
mario	02	003	mario	1	414	1.49	616.86	True	exact	False
mario	02	003	mario	2	464	1.49	691.36	True	exact	False
mario	02	003	mario	3	427	1.49	636.23	True	exact	False
mario	02	003	mario	4	435	1.49	648.15	True	exact	False
mario	02	003	mario	5	429	1.49	639.21	True	exact	False
mario	02	004	mario	1	449	1.49	669.01	True	exact	False
mario	02	004	mario	2	450	1.49	670.5	True	exact	False
mario	02	004	mario	3	427	1.49	636.23	True	exact	False
mario	02	004	mario	4	418	1.49	622.82	True	exact	False
mario	02	004	mario	5	444	1.49	661.56	True	exact	False
mario	02	005	mario	1	416	1.49	619.84	True	exact	False
mario	02	005	mario	2	438	1.49	652.62	True	exact	False
mario	02	005	mario	3	454	1.49	676.46	True	exact	False
mario	02	005	mario	4	441	1.49	657.09	True	exact	False
mario	02	005	mario	5	434	1.49	646.66	True	exact	False
mario	02	005	mario	6	434	1.49	646.66	True	exact	False
mario	02	006	mario	1	464	1.49	691.36	True	exact	False
mario	02	006	mario	2	434	1.49	646.66	True	exact	False
mario	02	006	mario	3	467	1.49	695.83	True	exact	False
mario	02	006	mario	4	474	1.49	706.26	True	exact	False
mario	02	007	mario	1	427	1.49	636.23	True	exact	False
mario	02	007	mario	2	499	1.49	743.51	True	exact	False
mario	02	007	mario	3	452	1.49	673.48	True	exact	False
mario	02	007	mario	4	463	1.49	689.87	True	exact	False
mario	02	008	mario	1	442	1.49	658.58	True	exact	False
mario	02	008	mario	2	446	1.49	664.54	True	exact	False
mario	02	008	mario	3	456	1.49	679.4399999999999	True	exact	False
mario	02	008	mario	4	441	1.49	657.09	True	exact	False
mario	02	009	mario	1	473	1.49	704.77	True	exact	False
mario	02	009	mario	2	420	1.49	625.8	True	exact	False
mario	02	009	mario	3	448	1.49	667.52	True	exact	False
mario	02	009	mario	4	436	1.49	649.64	True	exact	False
mario	02	009	mario	5	452	1.49	673.48	True	exact	False
mario	02	010	mario	1	420	1.49	625.8	True	exact	False
mario	02	010	mario	2	470	1.49	700.3	True	exact	False
mario	02	010	mario	3	483	1.49	719.67	True	exact	False
mario	02	010	mario	4	497	1.49	740.53	True	exact	False
mario	02	010	mario	5	469	1.49	698.81	True	exact	False
mario	02	011	mario	1	440	1.49	655.6	True	exact	False
mario	02	011	mario	2	437	1.49	651.13	True	exact	False
mario	02	011	mario	3	430	1.49	640.7	True	exact	False
mario	02	011	mario	4	453	1.49	674.97	True	exact	False
mario	02	012	mario	1	435	1.49	648.15	True	exact	False
mario	02	012	mario	2	434	1.49	646.66	True	exact	False
mario	02	012	mario	3	429	1.49	639.21	True	exact	False
mario	02	012	mario	4	501	1.49	746.49	True	exact	False
mario	02	012	mario	5	464	1.49	691.36	True	exact	False
mario	02	013	mario	1	455	1.49	677.95	True	exact	False
mario	02	013	mario	2	474	1.49	706.26	True	exact	False
mario	02	013	mario	3	506	1.49	753.9399999999999	True	exact	False
mario	02	013	mario	4	441	1.49	657.09	True	exact	False
mario	02	013	mario	5	442	1.49	658.58	True	exact	False
mario	02	014	mario	1	461	1.49	686.89	True	exact	False
mario	02	014	mario	2	457	1.49	680.93	True	exact	False
mario	02	014	mario	3	537	1.49	800.13	True	exact	False
mario	02	014	mario	4	409	1.49	609.41	True	exact	False
mario	02	014	mario	5	426	1.49	634.74	True	exact	False
mario	02	015	mario	1	441	1.49	657.09	True	exact	False
mario	02	015	mario	2	466	1.49	694.34	True	exact	False
mario	02	015	mario	3	467	1.49	695.83	True	exact	False
mario	02	015	mario	4	465	1.49	692.85	True	exact	False
mario	02	016	mario	1	439	1.49	654.11	True	exact	False
mario	02	016	mario	2	454	1.49	676.46	True	exact	False
mario	02	016	mario	3	442	1.49	658.58	True	exact	False
mario	02	016	mario	4	440	1.49	655.6	True	exact	False
mario	02	017	mario	1	478	1.49	712.22	True	exact	False
mario	02	017	mario	2	486	1.49	724.14	True	exact	False
mario	02	017	mario	3	472	1.49	703.28	True	exact	False
mario	02	017	mario	4	507	1.49	755.43	True	exact	False
mario	02	017	mario	5	423	1.49	630.27	True	exact	False
mario	02	018	mario	1	469	1.49	698.81	True	exact	False
mario	02	018	mario	2	437	1.49	651.13	True	exact	False
mario	02	018	mario	3	471	1.49	701.79	True	exact	False
mario	02	018	mario	4	542	1.49	807.58	True	exact	False
mario	02	019	mario	1	474	1.49	706.26	True	exact	False
mario	02	019	mario	2	453	1.49	674.97	True	exact	False
mario	02	019	mario	3	477	1.49	710.73	True	exact	False
mario	02	019	mario	4	488	1.49	727.12	True	exact	False
mario	02	020	mario	1	423	1.49	630.27	True	exact	False
mario	02	020	mario	2	420	1.49	625.8	True	exact	False
mario	02	020	mario	3	446	1.49	664.54	True	exact	False
mario	02	020	mario	4	544	1.49	810.56	True	exact	False
mario	02	020	mario	5	418	1.49	622.82	True	exact	False
mario	02	021	mario	1	449	1.49	669.01	True	exact	False
mario	02	021	mario	2	434	1.49	646.66	True	exact	False
mario	02	021	mario	3	496	1.49	739.04	True	exact	False
mario	02	022	mario	1	427	1.49	636.23	True	exact	False
mario	02	022	mario	2	481	1.49	716.6899999999999	True	exact	False
mario	02	022	mario	3	443	1.49	660.07	True	exact	False
mario	02	023	mario	1	427	1.49	636.23	True	exact	False
mario	02	023	mario	2	429	1.49	639.21	True	exact	False
mario	02	023	mario	3	433	1.49	645.17	True	exact	False
mario	02	023	mario	4	424	1.49	631.76	True	exact	False
mario	03	001	mario	1	474	1.49	706.26	True	exact	False
mario	03	001	mario	2	500	1.49	745.0	True	exact	False
mario	03	001	mario	3	446	1.49	664.54	True	exact	False
mario	03	002	mario	1	484	1.49	721.16	True	exact	False
mario	03	002	mario	2	455	1.49	677.95	True	exact	False
mario	03	002	mario	3	470	1.49	700.3	True	exact	False
mario	03	003	mario	1	452	1.49	673.48	True	exact	False
mario	03	003	mario	2	474	1.49	706.26	True	exact	False
mario	03	003	mario	3	454	1.49	676.46	True	exact	False
mario	03	003	mario	4	476	1.49	709.24	True	exact	False
mario	03	003	mario	5	434	1.49	646.66	True	exact	False
mario	03	004	mario	1	491	1.49	731.59	True	exact	False
mario	03	004	mario	2	429	1.49	639.21	True	exact	False
mario	03	004	mario	3	494	1.49	736.06	True	exact	False
mario	03	005	mario	1	447	1.49	666.03	True	exact	False
mario	03	005	mario	2	474	1.49	706.26	True	exact	False
mario	03	005	mario	3	509	1.49	758.41	True	exact	False
mario	03	005	mario	4	497	1.49	740.53	True	exact	False
mario	03	006	mario	1	455	1.49	677.95	True	exact	False
mario	03	006	mario	2	444	1.49	661.56	True	exact	False
mario	03	006	mario	3	449	1.49	669.01	True	exact	False
mario	03	007	mario	1	480	1.49	715.2	True	exact	False
mario	03	007	mario	2	567	1.49	844.83	True	exact	False
mario	03	007	mario	3	504	1.49	750.96	True	exact	False
mario	03	009	mario	1	491	1.49	731.59	True	exact	False
mario	03	009	mario	2	454	1.49	676.46	True	exact	False
mario	03	010	mario	1	457	1.49	680.93	True	exact	False
mario	03	010	mario	2	464	1.49	691.36	True	exact	False
mario	03	010	mario	3	443	1.49	660.07	True	exact	False
mario	03	011	mario	1	446	1.49	664.54	True	exact	False
mario	03	011	mario	2	484	1.49	721.16	True	exact	False
mario	03	012	mario	1	462	1.49	688.38	True	exact	False
mario	03	012	mario	2	481	1.49	716.6899999999999	True	exact	False
mario	03	013	mario	1	544	1.49	810.56	True	exact	False
mario	03	013	mario	2	484	1.49	721.16	True	exact	False
mario	03	013	mario	3	503	1.49	749.47	True	exact	False
mario	03	013	mario	4	474	1.49	706.26	True	exact	False
mario	03	014	mario	1	501	1.49	746.49	True	exact	False
mario	03	014	mario	2	467	1.49	695.83	True	exact	False
mario	03	014	mario	3	445	1.49	663.05	True	exact	False
mario	03	014	mario	4	455	1.49	677.95	True	exact	False
mario	03	015	mario	1	472	1.49	703.28	True	exact	False
mario	03	015	mario	2	432	1.49	643.68	True	exact	False
mario	03	015	mario	3	451	1.49	671.99	True	exact	False
mario	03	015	mario	4	527	1.49	785.23	True	exact	False
mario	03	016	mario	1	462	1.49	688.38	True	exact	False
mario	03	016	mario	2	463	1.49	689.87	True	exact	False
mario	03	017	mario	1	447	1.49	666.03	True	exact	False
mario	03	017	mario	2	438	1.49	652.62	True	exact	False
mario	03	017	mario	3	444	1.49	661.56	True	exact	False
mario	03	018	mario	1	431	1.49	642.1899999999999	True	exact	False
mario	03	018	mario	2	457	1.49	680.93	True	exact	False
mario	03	018	mario	3	419	1.49	624.31	True	exact	False
mario	03	019	mario	1	454	1.49	676.46	True	exact	False
mario	03	019	mario	2	423	1.49	630.27	True	exact	False
mario	03	019	mario	3	439	1.49	654.11	True	exact	False
mario	03	019	mario	4	475	1.49	707.75	True	exact	False
mario	03	020	mario	1	498	1.49	742.02	True	exact	False
mario	03	020	mario	2	440	1.49	655.6	True	exact	False
mario	03	020	mario	3	452	1.49	673.48	True	exact	False
mario	03	020	mario	4	494	1.49	736.06	True	exact	False
mario	03	021	mario	1	453	1.49	674.97	True	exact	False
mario	03	021	mario	2	453	1.49	674.97	True	exact	False
mario	03	021	mario	3	474	1.49	706.26	True	exact	False
mario	03	022	mario	1	422	1.49	628.78	True	exact	False
mario	03	022	mario	2	447	1.49	666.03	True	exact	False
mario	03	022	mario	3	448	1.49	667.52	True	exact	False
mario	03	022	mario	4	426	1.49	634.74	True	exact	False
mario	03	023	mario	1	487	1.49	725.63	True	exact	False
mario	03	023	mario	2	467	1.49	695.83	True	exact	False
mario	03	023	mario	3	451	1.49	671.99	True	exact	False
mario	03	024	mario	1	461	1.49	686.89	True	exact	False
mario	03	024	mario	2	498	1.49	742.02	True	exact	False
mario	03	025	mario	1	439	1.49	654.11	True	exact	False
mario	03	025	mario	2	497	1.49	740.53	True	exact	False
mario	03	025	mario	3	420	1.49	625.8	True	exact	False
mario	03	025	mario	4	486	1.49	724.14	True	exact	False
mario	03	025	mario	5	421	1.49	627.29	True	exact	False
mario	03	026	mario	1	502	1.49	747.98	True	exact	False
mario	03	026	mario	2	437	1.49	651.13	True	exact	False
mario	03	026	mario	3	463	1.49	689.87	True	exact	False
mario	03	027	mario	1	466	1.49	694.34	True	exact	False
mario	03	027	mario	2	420	1.49	625.8	True	exact	False
mario	03	027	mario	3	436	1.49	649.64	True	exact	False
mario	03	027	mario	4	424	1.49	631.76	True	exact	False
mario	03	028	mario	1	422	1.49	628.78	True	exact	False
mario	03	028	mario	2	443	1.49	660.07	True	exact	False
mario	03	028	mario	3	470	1.49	700.3	True	exact	False
mario	03	028	mario	4	416	1.49	619.84	True	exact	False
mario	03	029	mario	1	476	1.49	709.24	True	exact	False
mario	03	029	mario	2	506	1.49	753.9399999999999	True	exact	False
mario	03	029	mario	3	430	1.49	640.7	True	exact	False
mario	03	029	mario	4	420	1.49	625.8	True	exact	False
mario	03	030	mario	1	459	1.49	683.91	True	exact	False
mario	03	030	mario	2	468	1.49	697.32	True	exact	False
mario	03	030	mario	3	437	1.49	651.13	True	exact	False
mario	05	001	mario	1	481	1.49	716.6899999999999	True	exact	False
mario	05	001	mario	2	501	1.49	746.49	True	exact	False
mario	05	001	mario	3	467	1.49	695.83	True	exact	False
mario	05	001	mario	4	506	1.49	753.9399999999999	True	exact	False
mario	05	001	mario	5	448	1.49	667.52	True	exact	False
mario	05	002	mario	1	499	1.49	743.51	True	exact	False
mario	05	002	mario	2	464	1.49	691.36	True	exact	False
mario	05	002	mario	3	440	1.49	655.6	True	exact	False
mario	05	003	mario	1	500	1.49	745.0	True	exact	False
mario	05	003	mario	2	472	1.49	703.28	True	exact	False
mario	05	003	mario	3	486	1.49	724.14	True	exact	False
mario	05	003	mario	4	438	1.49	652.62	True	exact	False
mario	05	004	mario	1	492	1.49	733.08	True	exact	False
mario	05	004	mario	2	495	1.49	737.55	True	exact	False
mario	05	004	mario	3	454	1.49	676.46	True	exact	False
mario	05	004	mario	4	456	1.49	679.4399999999999	True	exact	False
mario	05	005	mario	1	497	1.49	740.53	True	exact	False
mario	05	005	mario	2	477	1.49	710.73	True	exact	False
mario	05	005	mario	3	459	1.49	683.91	True	exact	False
mario	05	005	mario	4	432	1.49	643.68	True	exact	False
mario	05	006	mario	1	498	1.49	742.02	True	exact	False
mario	05	006	mario	2	588	1.49	876.12	True	exact	False
mario	05	006	mario	3	569	1.49	847.81	True	exact	False
mario	05	006	mario	4	500	1.49	745.0	True	exact	False
mario	05	007	mario	1	558	1.49	831.42	True	exact	False
mario	05	007	mario	2	471	1.49	701.79	True	exact	False
mario	05	007	mario	3	579	1.49	862.71	True	exact	False
mario	05	007	mario	4	464	1.49	691.36	True	exact	False
mario	05	007	mario	5	440	1.49	655.6	True	exact	False
mario	05	008	mario	1	439	1.49	654.11	True	exact	False
mario	05	008	mario	2	463	1.49	689.87	True	exact	False
mario	05	009	mario	1	463	1.49	689.87	True	exact	False
mario	05	009	mario	2	427	1.49	636.23	True	exact	False
mario	05	009	mario	3	445	1.49	663.05	True	exact	False
mario	05	009	mario	4	423	1.49	630.27	True	exact	False
mario	05	009	mario	5	471	1.49	701.79	True	exact	False
mario	05	010	mario	1	453	1.49	674.97	True	exact	False
mario	05	010	mario	2	442	1.49	658.58	True	exact	False
mario	05	010	mario	3	446	1.49	664.54	True	exact	False
mario	05	010	mario	4	498	1.49	742.02	True	exact	False
mario	05	010	mario	5	450	1.49	670.5	True	exact	False
mario	05	011	mario	1	506	1.49	753.9399999999999	True	exact	False
mario	05	011	mario	2	430	1.49	640.7	True	exact	False
mario	05	011	mario	3	454	1.49	676.46	True	exact	False
mario	05	011	mario	4	600	1.49	894.0	True	exact	False
mario	05	012	mario	1	436	1.49	649.64	True	exact	False
mario	05	012	mario	2	462	1.49	688.38	True	exact	False
mario	05	012	mario	3	424	1.49	631.76	True	exact	False
mario	05	013	mario	1	561	1.49	835.89	True	exact	False
mario	05	013	mario	2	484	1.49	721.16	True	exact	False
mario	05	013	mario	3	484	1.49	721.16	True	exact	False
mario	05	013	mario	4	438	1.49	652.62	True	exact	False
mario	05	013	mario	5	457	1.49	680.93	True	exact	False
mario	05	014	mario	1	455	1.49	677.95	True	exact	False
mario	05	014	mario	2	474	1.49	706.26	True	exact	False
mario	05	014	mario	3	476	1.49	709.24	True	exact	False
mario	05	014	mario	4	444	1.49	661.56	True	exact	False
mario	05	014	mario	5	432	1.49	643.68	True	exact	False
mario	05	015	mario	1	448	1.49	667.52	True	exact	False
mario	05	015	mario	2	481	1.49	716.6899999999999	True	exact	False
mario	05	015	mario	3	480	1.49	715.2	True	exact	False
mario	05	015	mario	4	600	1.49	894.0	True	exact	False
mario	05	015	mario	5	449	1.49	669.01	True	exact	False
mario	05	016	mario	1	485	1.49	722.65	True	exact	False
mario	05	016	mario	2	462	1.49	688.38	True	exact	False
mario	05	016	mario	3	462	1.49	688.38	True	exact	False
mario	05	016	mario	4	491	1.49	731.59	True	exact	False
mario	05	016	mario	5	465	1.49	692.85	True	exact	False
mario	05	017	mario	1	442	1.49	658.58	True	exact	False
mario	05	017	mario	2	487	1.49	725.63	True	exact	False
mario	05	017	mario	3	518	1.49	771.82	True	exact	False
mario	05	017	mario	4	452	1.49	673.48	True	exact	False
mario	05	017	mario	5	461	1.49	686.89	True	exact	False
mario	05	018	mario	1	458	1.49	682.42	True	exact	False
mario	05	018	mario	2	533	1.49	794.17	True	exact	False
mario	05	018	mario	3	466	1.49	694.34	True	exact	False
mario	05	018	mario	4	446	1.49	664.54	True	exact	False
mario	05	018	mario	5	477	1.49	710.73	True	exact	False
mario	05	019	mario	1	445	1.49	663.05	False	unmatched	False
mario	05	019	mario	2	454	1.49	676.46	False	unmatched	False
mario	05	019	mario	3	457	1.49	680.93	False	unmatched	False
mario	05	019	mario	4	455	1.49	677.95	False	unmatched	False
mario	05	019	mario	5	452	1.49	673.48	False	unmatched	False
mario	05	020	mario	1	578	1.49	861.22	False	unmatched	False
mario	05	020	mario	2	459	1.49	683.91	False	unmatched	False
mario	05	020	mario	3	497	1.49	740.53	False	unmatched	False
mario	05	020	mario	4	423	1.49	630.27	False	unmatched	False
mario	05	020	mario	5	464	1.49	691.36	False	unmatched	False
mario	05	021	mario	1	472	1.49	703.28	False	unmatched	False
mario	05	021	mario	2	477	1.49	710.73	False	unmatched	False
mario	05	021	mario	3	428	1.49	637.72	False	unmatched	False
mario	05	021	mario	4	451	1.49	671.99	False	unmatched	False
mario	05	021	mario	5	511	1.49	761.39	False	unmatched	False
mario	05	021	mario	6	420	1.49	625.8	False	unmatched	False
mario	05	021	mario	7	428	1.49	637.72	False	unmatched	False
mario	05	022	mario	1	491	1.49	731.59	False	unmatched	False
mario	05	022	mario	2	474	1.49	706.26	False	unmatched	False
mario	05	022	mario	3	445	1.49	663.05	False	unmatched	False
mario	05	022	mario	4	435	1.49	648.15	False	unmatched	False
mario	05	022	mario	5	491	1.49	731.59	False	unmatched	False
mario	06	001	mario	1	495	1.49	737.55	True	exact	False
mario	06	001	mario	2	454	1.49	676.46	True	exact	False
mario	06	001	mario	3	425	1.49	633.25	True	exact	False
mario	06	001	mario	4	497	1.49	740.53	True	exact	False
mario	06	001	mario	5	420	1.49	625.8	True	exact	False
mario	06	002	mario	1	427	1.49	636.23	True	exact	False
mario	06	002	mario	2	462	1.49	688.38	True	exact	False
mario	06	002	mario	3	447	1.49	666.03	True	exact	False
mario	06	002	mario	4	460	1.49	685.4	True	exact	False
mario	06	002	mario	5	484	1.49	721.16	True	exact	False
mario	06	003	mario	1	421	1.49	627.29	True	exact	False
mario	06	003	mario	2	600	1.49	894.0	True	exact	False
mario	06	003	mario	3	498	1.49	742.02	True	exact	False
mario	06	003	mario	4	412	1.49	613.88	True	exact	False
mario	06	004	mario	1	414	1.49	616.86	True	exact	False
mario	06	004	mario	2	526	1.49	783.74	True	exact	False
mario	06	004	mario	3	445	1.49	663.05	True	exact	False
mario	06	004	mario	4	515	1.49	767.35	True	exact	False
mario	06	004	mario	5	433	1.49	645.17	True	exact	False
mario	06	005	mario	1	481	1.49	716.6899999999999	True	exact	False
mario	06	005	mario	2	449	1.49	669.01	True	exact	False
mario	06	005	mario	3	500	1.49	745.0	True	exact	False
mario	06	006	mario	1	506	1.49	753.9399999999999	True	exact	False
mario	06	006	mario	2	429	1.49	639.21	True	exact	False
mario	06	006	mario	3	453	1.49	674.97	True	exact	False
mario	06	007	mario	1	422	1.49	628.78	True	exact	False
mario	06	007	mario	2	515	1.49	767.35	True	exact	False
mario	06	007	mario	3	448	1.49	667.52	True	exact	False
mario	06	007	mario	4	516	1.49	768.84	True	exact	False
mario	06	008	mario	1	497	1.49	740.53	True	exact	False
mario	06	008	mario	2	459	1.49	683.91	True	exact	False
mario	06	008	mario	3	457	1.49	680.93	True	exact	False
mario	06	009	mario	1	433	1.49	645.17	True	exact	False
mario	06	009	mario	2	508	1.49	756.92	True	exact	False
mario	06	009	mario	3	481	1.49	716.6899999999999	True	exact	False
mario	06	009	mario	4	510	1.49	759.9	True	exact	False
mario	06	010	mario	1	450	1.49	670.5	True	exact	False
mario	06	010	mario	2	447	1.49	666.03	True	exact	False
mario	06	010	mario	3	446	1.49	664.54	True	exact	False
mario	06	010	mario	4	552	1.49	822.48	True	exact	False
mario	06	011	mario	1	434	1.49	646.66	True	exact	False
mario	06	011	mario	2	496	1.49	739.04	True	exact	False
mario	06	011	mario	3	444	1.49	661.56	True	exact	False
mario	06	011	mario	4	470	1.49	700.3	True	exact	False
mario	06	011	mario	5	469	1.49	698.81	True	exact	False
mario	06	012	mario	1	508	1.49	756.92	True	exact	False
mario	06	012	mario	2	420	1.49	625.8	True	exact	False
mario	06	012	mario	3	448	1.49	667.52	True	exact	False
mario	06	012	mario	4	437	1.49	651.13	True	exact	False
mario	06	012	mario	5	467	1.49	695.83	True	exact	False
mario	06	013	mario	1	433	1.49	645.17	True	exact	False
mario	06	013	mario	2	481	1.49	716.6899999999999	True	exact	False
mario	06	013	mario	3	467	1.49	695.83	True	exact	False
mario	06	013	mario	4	467	1.49	695.83	True	exact	False
mario	06	013	mario	5	424	1.49	631.76	True	exact	False
mario	06	014	mario	1	436	1.49	649.64	True	exact	False
mario	06	014	mario	2	421	1.49	627.29	True	exact	False
mario	06	014	mario	3	468	1.49	697.32	True	exact	False
mario	06	014	mario	4	491	1.49	731.59	True	exact	False
mario	06	015	mario	1	462	1.49	688.38	True	exact	False
mario	06	015	mario	2	442	1.49	658.58	True	exact	False
mario	06	015	mario	3	499	1.49	743.51	True	exact	False
mario	06	015	mario	4	485	1.49	722.65	True	exact	False
mario	06	016	mario	1	561	1.49	835.89	True	exact	False
mario	06	016	mario	2	426	1.49	634.74	True	exact	False
mario	06	016	mario	3	432	1.49	643.68	True	exact	False
mario	06	016	mario	4	451	1.49	671.99	True	exact	False
mario	06	017	mario	1	487	1.49	725.63	True	exact	False
mario	06	017	mario	2	501	1.49	746.49	True	exact	False
mario	06	017	mario	3	422	1.49	628.78	True	exact	False
mario	06	017	mario	4	440	1.49	655.6	True	exact	False
mario	06	018	mario	1	482	1.49	718.18	True	exact	False
mario	06	019	mario	1	529	1.49	788.21	True	exact	False
mario	06	019	mario	2	448	1.49	667.52	True	exact	False
mario	06	019	mario	3	502	1.49	747.98	True	exact	False
mario	06	019	mario	4	432	1.49	643.68	True	exact	False
mario	06	020	mario	1	475	1.49	707.75	True	exact	False
mario	06	020	mario	2	418	1.49	622.82	True	exact	False
mario	06	020	mario	3	504	1.49	750.96	True	exact	False
mario	06	020	mario	4	501	1.49	746.49	True	exact	False
mario	06	021	mario	1	480	1.49	715.2	True	exact	False
mario	06	021	mario	2	454	1.49	676.46	True	exact	False
mario	06	021	mario	3	453	1.49	674.97	True	exact	False
mario	06	022	mario	1	422	1.49	628.78	True	exact	False
mario	06	022	mario	2	440	1.49	655.6	True	exact	False
mario	06	022	mario	3	457	1.49	680.93	True	exact	False
mario	06	022	mario	4	477	1.49	710.73	True	exact	False
mario	06	023	mario	1	435	1.49	648.15	True	exact	False
mario	06	023	mario	2	428	1.49	637.72	True	exact	False
mario	06	023	mario	3	471	1.49	701.79	True	exact	False
mario	06	023	mario	4	465	1.49	692.85	True	exact	False
mario	06	023	mario	5	449	1.49	669.01	True	exact	False
mario	06	024	mario	1	487	1.49	725.63	True	exact	False
mario	06	024	mario	2	433	1.49	645.17	True	exact	False
mario	06	024	mario	3	444	1.49	661.56	True	exact	False
mario	06	024	mario	4	423	1.49	630.27	True	exact	False
mario	06	024	mario	5	533	1.49	794.17	True	exact	False
mario	06	025	mario	1	419	1.49	624.31	True	exact	False
mario	06	025	mario	2	432	1.49	643.68	True	exact	False
mario	06	025	mario	3	452	1.49	673.48	True	exact	False
mario	06	025	mario	4	432	1.49	643.68	True	exact	False
mario	06	025	mario	5	423	1.49	630.27	True	exact	False
mario3	01	001	mario3	1	299	1.49	445.51	False	unmatched	True
mario3	01	001	mario3	2	307	1.49	457.43	False	unmatched	True
mario3	01	002	mario3	1	314	1.49	467.86	False	unmatched	True
mario3	01	002	mario3	2	317	1.49	472.33	False	unmatched	True
mario3	01	002	mario3	3	367	1.49	546.83	False	unmatched	True
mario3	01	003	mario3	1	351	1.49	522.99	False	unmatched	True
mario3	01	003	mario3	2	353	1.49	525.97	False	unmatched	True
mario3	01	003	mario3	3	380	1.49	566.2	False	unmatched	True
mario3	01	004	mario3	1	315	1.49	469.35	False	unmatched	True
mario3	01	004	mario3	2	323	1.49	481.27	False	unmatched	True
mario3	01	004	mario3	3	595	1.49	886.55	False	unmatched	True
mario3	01	005	mario3	1	315	1.49	469.35	False	unmatched	True
mario3	01	005	mario3	2	350	1.49	521.5	False	unmatched	True
mario3	01	006	mario3	1	366	1.49	545.34	False	unmatched	True
mario3	01	006	mario3	2	366	1.49	545.34	False	unmatched	True
mario3	01	006	mario3	3	348	1.49	518.52	False	unmatched	True
mario3	01	007	mario3	1	306	1.49	455.94	False	unmatched	True
mario3	01	007	mario3	2	329	1.49	490.21	False	unmatched	True
mario3	01	008	mario3	1	308	1.49	458.92	False	unmatched	True
mario3	01	008	mario3	2	311	1.49	463.39	False	unmatched	True
mario3	01	009	mario3	1	365	1.49	543.85	False	unmatched	True
mario3	01	011	mario3	1	331	1.49	493.19	False	unmatched	True
mario3	01	011	mario3	2	352	1.49	524.48	False	unmatched	True
mario3	01	011	mario3	3	329	1.49	490.21	False	unmatched	True
mario3	01	011	mario3	4	320	1.49	476.8	False	unmatched	True
mario3	01	011	mario3	5	320	1.49	476.8	False	unmatched	True
mario3	01	012	mario3	1	336	1.49	500.64	False	unmatched	True
mario3	01	012	mario3	2	371	1.49	552.79	False	unmatched	True
mario3	01	012	mario3	3	461	1.49	686.89	False	unmatched	True
mario3	01	013	mario3	1	368	1.49	548.32	False	unmatched	True
mario3	01	013	mario3	2	315	1.49	469.35	False	unmatched	True
mario3	01	014	mario3	1	305	1.49	454.45	False	unmatched	True
mario3	01	014	mario3	2	378	1.49	563.22	False	unmatched	True
mario3	01	014	mario3	3	310	1.49	461.9	False	unmatched	True
mario3	01	015	mario3	1	347	1.49	517.03	False	unmatched	True
mario3	01	015	mario3	2	378	1.49	563.22	False	unmatched	True
mario3	01	015	mario3	3	324	1.49	482.76	False	unmatched	True
mario3	01	016	mario3	1	331	1.49	493.19	False	unmatched	True
mario3	01	016	mario3	2	373	1.49	555.77	False	unmatched	True
mario3	01	016	mario3	3	600	1.49	894.0	False	unmatched	True
mario3	01	017	mario3	1	301	1.49	448.49	False	unmatched	True
mario3	01	017	mario3	2	600	1.49	894.0	False	unmatched	True
mario3	01	017	mario3	3	359	1.49	534.91	False	unmatched	True
mario3	01	017	mario3	4	399	1.49	594.51	False	unmatched	True
mario3	01	017	mario3	5	371	1.49	552.79	False	unmatched	True
mario3	01	018	mario3	1	430	1.49	640.7	False	unmatched	True
mario3	01	018	mario3	2	390	1.49	581.1	False	unmatched	True
mario3	01	018	mario3	3	427	1.49	636.23	False	unmatched	True
mario3	01	019	mario3	1	437	1.49	651.13	False	unmatched	True
mario3	01	019	mario3	2	391	1.49	582.59	False	unmatched	True
mario3	01	019	mario3	3	348	1.49	518.52	False	unmatched	True
mario3	01	020	mario3	1	363	1.49	540.87	False	unmatched	True
mario3	01	021	mario3	1	304	1.49	452.96	False	unmatched	True
mario3	01	021	mario3	2	327	1.49	487.23	False	unmatched	True
mario3	01	021	mario3	3	359	1.49	534.91	False	unmatched	True
mario3	01	021	mario3	4	397	1.49	591.53	False	unmatched	True
mario3	01	022	mario3	1	341	1.49	508.09	False	unmatched	True
mario3	01	022	mario3	2	330	1.49	491.7	False	unmatched	True
mario3	01	022	mario3	3	345	1.49	514.05	False	unmatched	True
mario3	01	023	mario3	1	336	1.49	500.64	False	unmatched	True
mario3	01	023	mario3	2	367	1.49	546.83	False	unmatched	True
mario3	01	023	mario3	3	334	1.49	497.66	False	unmatched	True
mario3	01	024	mario3	1	296	1.49	441.04	False	unmatched	True
mario3	01	024	mario3	2	385	1.49	573.65	False	unmatched	True
mario3	01	024	mario3	3	406	1.49	604.9399999999999	False	unmatched	True
mario3	01	024	mario3	4	304	1.49	452.96	False	unmatched	True
mario3	01	025	mario3	1	342	1.49	509.58	False	unmatched	True
mario3	01	025	mario3	2	352	1.49	524.48	False	unmatched	True
mario3	01	025	mario3	3	298	1.49	444.02	False	unmatched	True
mario3	02	001	mario3	1	349	1.49	520.01	False	unmatched	True
mario3	02	001	mario3	2	333	1.49	496.17	False	unmatched	True
mario3	02	001	mario3	3	315	1.49	469.35	False	unmatched	True
mario3	02	001	mario3	4	292	1.49	435.08	False	unmatched	True
mario3	02	002	mario3	1	323	1.49	481.27	False	unmatched	True
mario3	02	002	mario3	2	306	1.49	455.94	False	unmatched	True
mario3	02	002	mario3	3	316	1.49	470.84	False	unmatched	True
mario3	02	002	mario3	4	317	1.49	472.33	False	unmatched	True
mario3	02	003	mario3	1	323	1.49	481.27	False	unmatched	True
mario3	02	003	mario3	2	305	1.49	454.45	False	unmatched	True
mario3	02	003	mario3	3	325	1.49	484.25	False	unmatched	True
mario3	02	004	mario3	1	372	1.49	554.28	False	unmatched	True
mario3	02	004	mario3	2	314	1.49	467.86	False	unmatched	True
mario3	02	004	mario3	3	378	1.49	563.22	False	unmatched	True
mario3	02	005	mario3	1	333	1.49	496.17	False	unmatched	True
mario3	02	005	mario3	2	346	1.49	515.54	False	unmatched	True
mario3	02	005	mario3	3	371	1.49	552.79	False	unmatched	True
mario3	02	006	mario3	1	297	1.49	442.53	False	unmatched	True
mario3	02	006	mario3	2	320	1.49	476.8	False	unmatched	True
mario3	02	006	mario3	3	367	1.49	546.83	False	unmatched	True
mario3	02	007	mario3	1	324	1.49	482.76	False	unmatched	True
mario3	02	007	mario3	2	314	1.49	467.86	False	unmatched	True
mario3	02	007	mario3	3	356	1.49	530.4399999999999	False	unmatched	True
mario3	02	008	mario3	1	293	1.49	436.57	False	unmatched	True
mario3	02	008	mario3	2	305	1.49	454.45	False	unmatched	True
mario3	02	008	mario3	3	321	1.49	478.29	False	unmatched	True
mario3	02	008	mario3	4	298	1.49	444.02	False	unmatched	True
mario3	02	009	mario3	1	423	1.49	630.27	False	unmatched	True
mario3	02	009	mario3	2	325	1.49	484.25	False	unmatched	True
mario3	02	009	mario3	3	317	1.49	472.33	False	unmatched	True
mario3	02	010	mario3	1	429	1.49	639.21	False	unmatched	True
mario3	02	010	mario3	2	297	1.49	442.53	False	unmatched	True
mario3	02	010	mario3	3	310	1.49	461.9	False	unmatched	True
mario3	02	011	mario3	1	335	1.49	499.15	False	unmatched	True
mario3	02	011	mario3	2	362	1.49	539.38	False	unmatched	True
mario3	02	011	mario3	3	296	1.49	441.04	False	unmatched	True
mario3	02	011	mario3	4	339	1.49	505.11	False	unmatched	True
mario3	02	012	mario3	1	323	1.49	481.27	False	unmatched	True
mario3	02	012	mario3	2	369	1.49	549.81	False	unmatched	True
mario3	02	012	mario3	3	359	1.49	534.91	False	unmatched	True
mario3	02	012	mario3	4	291	1.49	433.59	False	unmatched	True
mario3	02	013	mario3	1	386	1.49	575.14	False	unmatched	True
mario3	02	014	mario3	1	336	1.49	500.64	False	unmatched	True
mario3	02	014	mario3	2	356	1.49	530.4399999999999	False	unmatched	True
mario3	02	014	mario3	3	305	1.49	454.45	False	unmatched	True
mario3	02	014	mario3	4	302	1.49	449.98	False	unmatched	True
mario3	02	015	mario3	1	297	1.49	442.53	False	unmatched	True
mario3	02	015	mario3	2	470	1.49	700.3	False	unmatched	True
mario3	02	015	mario3	3	292	1.49	435.08	False	unmatched	True
mario3	02	015	mario3	4	359	1.49	534.91	False	unmatched	True
mario3	02	016	mario3	1	306	1.49	455.94	False	unmatched	True
mario3	02	016	mario3	2	329	1.49	490.21	False	unmatched	True
mario3	02	016	mario3	3	318	1.49	473.82	False	unmatched	True
mario3	02	016	mario3	4	373	1.49	555.77	False	unmatched	True
mario3	02	016	mario3	5	343	1.49	511.07	False	unmatched	True
mario3	02	017	mario3	1	303	1.49	451.46999999999997	False	unmatched	True
mario3	02	017	mario3	2	321	1.49	478.29	False	unmatched	True
mario3	02	017	mario3	3	298	1.49	444.02	False	unmatched	True
mario3	02	017	mario3	4	311	1.49	463.39	False	unmatched	True
mario3	02	017	mario3	5	336	1.49	500.64	False	unmatched	True
mario3	02	017	mario3	6	356	1.49	530.4399999999999	False	unmatched	True
mario3	02	017	mario3	7	322	1.49	479.78	False	unmatched	True
mario3	02	018	mario3	1	510	1.49	759.9	False	unmatched	True
mario3	02	018	mario3	2	354	1.49	527.46	False	unmatched	True
mario3	02	018	mario3	3	378	1.49	563.22	False	unmatched	True
mario3	02	018	mario3	4	328	1.49	488.71999999999997	False	unmatched	True
mario3	02	018	mario3	5	326	1.49	485.74	False	unmatched	True
mario3	02	018	mario3	6	334	1.49	497.66	False	unmatched	True
mario3	02	019	mario3	1	600	1.49	894.0	False	unmatched	True
mario3	02	019	mario3	2	334	1.49	497.66	False	unmatched	True
mario3	02	019	mario3	3	325	1.49	484.25	False	unmatched	True
mario3	02	019	mario3	4	343	1.49	511.07	False	unmatched	True
mario3	02	019	mario3	5	348	1.49	518.52	False	unmatched	True
mario3	02	019	mario3	6	316	1.49	470.84	False	unmatched	True
mario3	03	001	mario3	1	344	1.49	512.56	False	unmatched	True
mario3	03	001	mario3	2	309	1.49	460.41	False	unmatched	True
mario3	03	001	mario3	3	362	1.49	539.38	False	unmatched	True
mario3	03	001	mario3	4	339	1.49	505.11	False	unmatched	True
mario3	03	001	mario3	5	350	1.49	521.5	False	unmatched	True
mario3	03	002	mario3	1	326	1.49	485.74	False	unmatched	True
mario3	03	002	mario3	2	302	1.49	449.98	False	unmatched	True
mario3	03	002	mario3	3	305	1.49	454.45	False	unmatched	True
mario3	03	003	mario3	1	304	1.49	452.96	False	unmatched	True
mario3	03	003	mario3	2	356	1.49	530.4399999999999	False	unmatched	True
mario3	03	003	mario3	3	320	1.49	476.8	False	unmatched	True
mario3	03	003	mario3	4	312	1.49	464.88	False	unmatched	True
mario3	03	003	mario3	5	328	1.49	488.71999999999997	False	unmatched	True
mario3	03	004	mario3	1	389	1.49	579.61	False	unmatched	True
mario3	03	004	mario3	2	309	1.49	460.41	False	unmatched	True
mario3	03	004	mario3	3	369	1.49	549.81	False	unmatched	True
mario3	03	005	mario3	1	587	1.49	874.63	False	unmatched	True
mario3	03	005	mario3	2	318	1.49	473.82	False	unmatched	True
mario3	03	005	mario3	3	329	1.49	490.21	False	unmatched	True
mario3	03	005	mario3	4	340	1.49	506.6	False	unmatched	True
mario3	03	006	mario3	1	372	1.49	554.28	False	unmatched	True
mario3	03	006	mario3	2	315	1.49	469.35	False	unmatched	True
mario3	03	006	mario3	3	324	1.49	482.76	False	unmatched	True
mario3	03	007	mario3	1	308	1.49	458.92	False	unmatched	True
mario3	03	007	mario3	2	325	1.49	484.25	False	unmatched	True
mario3	03	007	mario3	3	415	1.49	618.35	False	unmatched	True
mario3	03	008	mario3	1	310	1.49	461.9	False	unmatched	True
mario3	03	008	mario3	2	302	1.49	449.98	False	unmatched	True
mario3	03	008	mario3	3	325	1.49	484.25	False	unmatched	True
mario3	03	008	mario3	4	487	1.49	725.63	False	unmatched	True
mario3	03	009	mario3	1	413	1.49	615.37	False	unmatched	True
mario3	03	009	mario3	2	314	1.49	467.86	False	unmatched	True
mario3	03	009	mario3	3	321	1.49	478.29	False	unmatched	True
mario3	03	010	mario3	1	407	1.49	606.43	False	unmatched	True
mario3	03	011	mario3	1	317	1.49	472.33	False	unmatched	True
mario3	03	011	mario3	2	306	1.49	455.94	False	unmatched	True
mario3	03	011	mario3	3	393	1.49	585.57	False	unmatched	True
mario3	03	011	mario3	4	349	1.49	520.01	False	unmatched	True
mario3	03	012	mario3	1	468	1.49	697.32	False	unmatched	True
mario3	03	012	mario3	2	308	1.49	458.92	False	unmatched	True
mario3	03	013	mario3	1	309	1.49	460.41	False	unmatched	True
mario3	03	013	mario3	2	336	1.49	500.64	False	unmatched	True
mario3	03	013	mario3	3	339	1.49	505.11	False	unmatched	True
mario3	03	013	mario3	4	338	1.49	503.62	False	unmatched	True
mario3	03	014	mario3	1	309	1.49	460.41	False	unmatched	True
mario3	03	014	mario3	2	300	1.49	447.0	False	unmatched	True
mario3	03	014	mario3	3	368	1.49	548.32	False	unmatched	True
mario3	03	014	mario3	4	307	1.49	457.43	False	unmatched	True
mario3	03	014	mario3	5	321	1.49	478.29	False	unmatched	True
mario3	03	015	mario3	1	351	1.49	522.99	False	unmatched	True
mario3	03	015	mario3	2	347	1.49	517.03	False	unmatched	True
mario3	03	015	mario3	3	305	1.49	454.45	False	unmatched	True
mario3	03	015	mario3	4	307	1.49	457.43	False	unmatched	True
mario3	03	016	mario3	1	319	1.49	475.31	False	unmatched	True
mario3	03	016	mario3	2	355	1.49	528.95	False	unmatched	True
mario3	03	016	mario3	3	297	1.49	442.53	False	unmatched	True
mario3	03	016	mario3	4	338	1.49	503.62	False	unmatched	True
mario3	03	017	mario3	1	496	1.49	739.04	False	unmatched	True
mario3	03	017	mario3	2	347	1.49	517.03	False	unmatched	True
mario3	03	017	mario3	3	302	1.49	449.98	False	unmatched	True
mario3	03	017	mario3	4	366	1.49	545.34	False	unmatched	True
mario3	03	017	mario3	5	326	1.49	485.74	False	unmatched	True
mario3	03	018	mario3	1	303	1.49	451.46999999999997	False	unmatched	True
mario3	03	018	mario3	2	311	1.49	463.39	False	unmatched	True
mario3	03	018	mario3	3	308	1.49	458.92	False	unmatched	True
mario3	03	018	mario3	4	325	1.49	484.25	False	unmatched	True
mario3	03	018	mario3	5	321	1.49	478.29	False	unmatched	True
mario3	03	018	mario3	6	466	1.49	694.34	False	unmatched	True
mario3	03	019	mario3	1	310	1.49	461.9	False	unmatched	True
mario3	03	019	mario3	2	339	1.49	505.11	False	unmatched	True
mario3	03	019	mario3	3	430	1.49	640.7	False	unmatched	True
mario3	03	019	mario3	4	306	1.49	455.94	False	unmatched	True
mario3	03	019	mario3	5	328	1.49	488.71999999999997	False	unmatched	True
mario3	05	001	mario3	1	308	1.49	458.92	False	unmatched	True
mario3	05	001	mario3	2	320	1.49	476.8	False	unmatched	True
mario3	05	001	mario3	3	585	1.49	871.65	False	unmatched	True
mario3	05	001	mario3	4	351	1.49	522.99	False	unmatched	True
mario3	05	002	mario3	1	310	1.49	461.9	False	unmatched	True
mario3	05	002	mario3	2	322	1.49	479.78	False	unmatched	True
mario3	05	002	mario3	3	425	1.49	633.25	False	unmatched	True
mario3	05	002	mario3	4	334	1.49	497.66	False	unmatched	True
mario3	05	002	mario3	5	600	1.49	894.0	False	unmatched	True
mario3	05	002	mario3	6	548	1.49	816.52	False	unmatched	True
mario3	05	002	mario3	7	404	1.49	601.96	False	unmatched	True
mario3	05	003	mario3	1	377	1.49	561.73	False	unmatched	True
mario3	05	003	mario3	2	339	1.49	505.11	False	unmatched	True
mario3	05	003	mario3	3	375	1.49	558.75	False	unmatched	True
mario3	05	003	mario3	4	327	1.49	487.23	False	unmatched	True
mario3	05	003	mario3	5	319	1.49	475.31	False	unmatched	True
mario3	05	003	mario3	6	376	1.49	560.24	False	unmatched	True
mario3	05	003	mario3	7	326	1.49	485.74	False	unmatched	True
mario3	05	003	mario3	8	324	1.49	482.76	False	unmatched	True
mario3	05	004	mario3	1	402	1.49	598.98	False	unmatched	True
mario3	05	004	mario3	2	350	1.49	521.5	False	unmatched	True
mario3	05	004	mario3	3	323	1.49	481.27	False	unmatched	True
mario3	05	004	mario3	4	571	1.49	850.79	False	unmatched	True
mario3	05	004	mario3	5	390	1.49	581.1	False	unmatched	True
mario3	05	004	mario3	6	364	1.49	542.36	False	unmatched	True
mario3	05	005	mario3	1	320	1.49	476.8	False	unmatched	True
mario3	05	005	mario3	2	326	1.49	485.74	False	unmatched	True
mario3	05	005	mario3	3	307	1.49	457.43	False	unmatched	True
mario3	05	005	mario3	4	334	1.49	497.66	False	unmatched	True
mario3	05	006	mario3	1	346	1.49	515.54	False	unmatched	True
mario3	05	006	mario3	2	356	1.49	530.4399999999999	False	unmatched	True
mario3	05	006	mario3	3	310	1.49	461.9	False	unmatched	True
mario3	05	006	mario3	4	355	1.49	528.95	False	unmatched	True
mario3	05	006	mario3	5	342	1.49	509.58	False	unmatched	True
mario3	05	006	mario3	6	452	1.49	673.48	False	unmatched	True
mario3	05	006	mario3	7	331	1.49	493.19	False	unmatched	True
mario3	05	007	mario3	1	299	1.49	445.51	False	unmatched	True
mario3	05	007	mario3	2	303	1.49	451.46999999999997	False	unmatched	True
mario3	05	007	mario3	3	358	1.49	533.42	False	unmatched	True
mario3	05	007	mario3	4	456	1.49	679.4399999999999	False	unmatched	True
mario3	05	007	mario3	5	316	1.49	470.84	False	unmatched	True
mario3	05	007	mario3	6	305	1.49	454.45	False	unmatched	True
mario3	05	007	mario3	7	365	1.49	543.85	False	unmatched	True
mario3	05	008	mario3	1	376	1.49	560.24	False	unmatched	True
mario3	05	008	mario3	2	338	1.49	503.62	False	unmatched	True
mario3	05	008	mario3	3	345	1.49	514.05	False	unmatched	True
mario3	05	008	mario3	4	386	1.49	575.14	False	unmatched	True
mario3	05	008	mario3	5	374	1.49	557.26	False	unmatched	True
mario3	05	008	mario3	6	323	1.49	481.27	False	unmatched	True
mario3	05	009	mario3	1	314	1.49	467.86	False	unmatched	True
mario3	05	009	mario3	2	423	1.49	630.27	False	unmatched	True
mario3	05	009	mario3	3	452	1.49	673.48	False	unmatched	True
mario3	05	009	mario3	4	354	1.49	527.46	False	unmatched	True
mario3	05	009	mario3	5	344	1.49	512.56	False	unmatched	True
mario3	05	009	mario3	6	334	1.49	497.66	False	unmatched	True
mario3	05	010	mario3	1	333	1.49	496.17	False	unmatched	True
mario3	05	010	mario3	2	309	1.49	460.41	False	unmatched	True
mario3	05	010	mario3	3	334	1.49	497.66	False	unmatched	True
mario3	05	010	mario3	4	356	1.49	530.4399999999999	False	unmatched	True
mario3	05	010	mario3	5	378	1.49	563.22	False	unmatched	True
mario3	05	010	mario3	6	332	1.49	494.68	False	unmatched	True
mario3	05	010	mario3	7	352	1.49	524.48	False	unmatched	True
mario3	05	010	mario3	8	362	1.49	539.38	False	unmatched	True
mario3	05	010	mario3	9	326	1.49	485.74	False	unmatched	True
mario3	05	010	mario3	10	354	1.49	527.46	False	unmatched	True
mario3	06	001	mario3	1	339	1.49	505.11	False	unmatched	True
mario3	06	001	mario3	2	317	1.49	472.33	False	unmatched	True
mario3	06	001	mario3	3	300	1.49	447.0	False	unmatched	True
mario3	06	001	mario3	4	306	1.49	455.94	False	unmatched	True
mario3	06	002	mario3	1	330	1.49	491.7	False	unmatched	True
mario3	06	002	mario3	2	364	1.49	542.36	False	unmatched	True
mario3	06	002	mario3	3	335	1.49	499.15	False	unmatched	True
mario3	06	002	mario3	4	358	1.49	533.42	False	unmatched	True
mario3	06	003	mario3	1	308	1.49	458.92	False	unmatched	True
mario3	06	003	mario3	2	373	1.49	555.77	False	unmatched	True
mario3	06	003	mario3	3	293	1.49	436.57	False	unmatched	True
mario3	06	003	mario3	4	371	1.49	552.79	False	unmatched	True
mario3	06	004	mario3	1	354	1.49	527.46	False	unmatched	True
mario3	06	004	mario3	2	454	1.49	676.46	False	unmatched	True
mario3	06	004	mario3	3	353	1.49	525.97	False	unmatched	True
mario3	06	005	mario3	1	424	1.49	631.76	False	unmatched	True
mario3	06	005	mario3	2	445	1.49	663.05	False	unmatched	True
mario3	06	005	mario3	3	472	1.49	703.28	False	unmatched	True
mario3	06	006	mario3	1	461	1.49	686.89	False	unmatched	True
mario3	06	006	mario3	2	586	1.49	873.14	False	unmatched	True
mario3	06	006	mario3	3	347	1.49	517.03	False	unmatched	True
mario3	06	007	mario3	1	393	1.49	585.57	False	unmatched	True
mario3	06	007	mario3	2	366	1.49	545.34	False	unmatched	True
mario3	06	008	mario3	1	351	1.49	522.99	False	unmatched	True
mario3	06	008	mario3	2	327	1.49	487.23	False	unmatched	True
mario3	06	008	mario3	3	310	1.49	461.9	False	unmatched	True
mario3	06	009	mario3	1	367	1.49	546.83	False	unmatched	True
mario3	06	009	mario3	2	345	1.49	514.05	False	unmatched	True
mario3	06	009	mario3	3	311	1.49	463.39	False	unmatched	True
mario3	06	010	mario3	1	425	1.49	633.25	False	unmatched	True
mario3	06	010	mario3	2	369	1.49	549.81	False	unmatched	True
mario3	06	010	mario3	3	432	1.49	643.68	False	unmatched	True
mario3	06	011	mario3	1	292	1.49	435.08	False	unmatched	True
mario3	06	011	mario3	2	372	1.49	554.28	False	unmatched	True
mario3	06	011	mario3	3	421	1.49	627.29	False	unmatched	True
mario3	06	012	mario3	1	434	1.49	646.66	False	unmatched	True
mario3	06	012	mario3	2	400	1.49	596.0	False	unmatched	True
mario3	06	012	mario3	3	472	1.49	703.28	False	unmatched	True
mario3	06	013	mario3	1	360	1.49	536.4	False	unmatched	True
mario3	06	013	mario3	2	340	1.49	506.6	False	unmatched	True
mario3	06	013	mario3	3	334	1.49	497.66	False	unmatched	True
mario3	06	014	mario3	1	326	1.49	485.74	False	unmatched	True
mario3	06	014	mario3	2	355	1.49	528.95	False	unmatched	True
mario3	06	014	mario3	3	372	1.49	554.28	False	unmatched	True
mario3	06	015	mario3	1	318	1.49	473.82	False	unmatched	True
mario3	06	015	mario3	2	372	1.49	554.28	False	unmatched	True
mario3	06	015	mario3	3	426	1.49	634.74	False	unmatched	True
mario3	06	015	mario3	4	361	1.49	537.89	False	unmatched	True
mario3	06	016	mario3	1	304	1.49	452.96	False	unmatched	True
mario3	06	016	mario3	2	313	1.49	466.37	False	unmatched	True
mario3	06	016	mario3	3	341	1.49	508.09	False	unmatched	True
mario3	06	017	mario3	1	351	1.49	522.99	False	unmatched	True
mario3	06	017	mario3	2	343	1.49	511.07	False	unmatched	True
mario3	06	018	mario3	1	332	1.49	494.68	False	unmatched	True
mario3	06	018	mario3	2	365	1.49	543.85	False	unmatched	True
mario3	06	018	mario3	3	345	1.49	514.05	False	unmatched	True
mariostars	01	001	mariostars	1	459	1.49	683.91	False	unmatched	True
mariostars	01	001	mariostars	2	445	1.49	663.05	False	unmatched	True
mariostars	01	001	mariostars	3	470	1.49	700.3	False	unmatched	True
mariostars	01	001	mariostars	4	440	1.49	655.6	False	unmatched	True
mariostars	01	002	mariostars	1	472	1.49	703.28	False	unmatched	True
mariostars	01	002	mariostars	2	434	1.49	646.66	False	unmatched	True
mariostars	01	002	mariostars	3	430	1.49	640.7	False	unmatched	True
mariostars	01	002	mariostars	4	456	1.49	679.4399999999999	False	unmatched	True
mariostars	01	003	mariostars	1	425	1.49	633.25	False	unmatched	True
mariostars	01	003	mariostars	2	490	1.49	730.1	False	unmatched	True
mariostars	01	003	mariostars	3	426	1.49	634.74	False	unmatched	True
mariostars	01	003	mariostars	4	448	1.49	667.52	False	unmatched	True
mariostars	01	003	mariostars	5	451	1.49	671.99	False	unmatched	True
mariostars	01	004	mariostars	1	457	1.49	680.93	False	unmatched	True
mariostars	01	004	mariostars	2	429	1.49	639.21	False	unmatched	True
mariostars	01	004	mariostars	3	469	1.49	698.81	False	unmatched	True
mariostars	01	004	mariostars	4	430	1.49	640.7	False	unmatched	True
mariostars	01	004	mariostars	5	454	1.49	676.46	False	unmatched	True
mariostars	01	005	mariostars	1	464	1.49	691.36	False	unmatched	True
mariostars	01	005	mariostars	2	480	1.49	715.2	False	unmatched	True
mariostars	01	005	mariostars	3	444	1.49	661.56	False	unmatched	True
mariostars	01	006	mariostars	1	482	1.49	718.18	False	unmatched	True
mariostars	01	006	mariostars	2	434	1.49	646.66	False	unmatched	True
mariostars	01	006	mariostars	3	432	1.49	643.68	False	unmatched	True
mariostars	01	006	mariostars	4	466	1.49	694.34	False	unmatched	True
mariostars	01	007	mariostars	1	419	1.49	624.31	False	unmatched	True
mariostars	01	007	mariostars	2	446	1.49	664.54	False	unmatched	True
mariostars	02	001	mariostars	1	466	1.49	694.34	False	unmatched	True
mariostars	02	001	mariostars	2	500	1.49	745.0	False	unmatched	True
mariostars	02	001	mariostars	3	469	1.49	698.81	False	unmatched	True
mariostars	02	002	mariostars	1	447	1.49	666.03	False	unmatched	True
mariostars	02	002	mariostars	2	486	1.49	724.14	False	unmatched	True
mariostars	02	002	mariostars	3	435	1.49	648.15	False	unmatched	True
mariostars	02	002	mariostars	4	449	1.49	669.01	False	unmatched	True
mariostars	02	003	mariostars	1	468	1.49	697.32	False	unmatched	True
mariostars	02	003	mariostars	2	446	1.49	664.54	False	unmatched	True
mariostars	02	003	mariostars	3	452	1.49	673.48	False	unmatched	True
mariostars	02	004	mariostars	1	481	1.49	716.6899999999999	False	unmatched	True
mariostars	02	004	mariostars	2	458	1.49	682.42	False	unmatched	True
mariostars	02	004	mariostars	3	435	1.49	648.15	False	unmatched	True
mariostars	02	005	mariostars	1	466	1.49	694.34	False	unmatched	True
mariostars	02	005	mariostars	2	436	1.49	649.64	False	unmatched	True
mariostars	02	006	mariostars	1	441	1.49	657.09	False	unmatched	True
mariostars	02	006	mariostars	2	453	1.49	674.97	False	unmatched	True
mariostars	02	007	mariostars	1	491	1.49	731.59	False	unmatched	True
mariostars	02	007	mariostars	2	440	1.49	655.6	False	unmatched	True
mariostars	02	007	mariostars	3	435	1.49	648.15	False	unmatched	True
mariostars	02	008	mariostars	1	420	1.49	625.8	False	unmatched	True
mariostars	02	008	mariostars	2	452	1.49	673.48	False	unmatched	True
mariostars	02	008	mariostars	3	421	1.49	627.29	False	unmatched	True
mariostars	02	009	mariostars	1	470	1.49	700.3	False	unmatched	True
mariostars	02	009	mariostars	2	422	1.49	628.78	False	unmatched	True
mariostars	02	010	mariostars	1	430	1.49	640.7	False	unmatched	True
mariostars	02	010	mariostars	2	486	1.49	724.14	False	unmatched	True
mariostars	02	011	mariostars	1	440	1.49	655.6	False	unmatched	True
mariostars	02	011	mariostars	2	420	1.49	625.8	False	unmatched	True
mariostars	02	011	mariostars	3	444	1.49	661.56	False	unmatched	True
mariostars	02	012	mariostars	1	463	1.49	689.87	False	unmatched	True
mariostars	02	012	mariostars	2	445	1.49	663.05	False	unmatched	True
mariostars	03	001	mariostars	1	429	1.49	639.21	False	unmatched	True
mariostars	03	001	mariostars	2	478	1.49	712.22	False	unmatched	True
mariostars	03	001	mariostars	3	453	1.49	674.97	False	unmatched	True
mariostars	03	001	mariostars	4	479	1.49	713.71	False	unmatched	True
mariostars	03	001	mariostars	5	450	1.49	670.5	False	unmatched	True
mariostars	03	002	mariostars	1	486	1.49	724.14	False	unmatched	True
mariostars	03	002	mariostars	2	445	1.49	663.05	False	unmatched	True
mariostars	03	003	mariostars	1	466	1.49	694.34	False	unmatched	True
mariostars	03	004	mariostars	1	448	1.49	667.52	False	unmatched	True
mariostars	03	005	mariostars	1	437	1.49	651.13	False	unmatched	True
mariostars	03	005	mariostars	2	440	1.49	655.6	False	unmatched	True
mariostars	03	006	mariostars	1	436	1.49	649.64	False	unmatched	True
mariostars	03	006	mariostars	2	474	1.49	706.26	False	unmatched	True
mariostars	03	007	mariostars	1	474	1.49	706.26	False	unmatched	True
mariostars	03	007	mariostars	2	459	1.49	683.91	False	unmatched	True
mariostars	03	008	mariostars	1	437	1.49	651.13	False	unmatched	True
mariostars	03	008	mariostars	2	457	1.49	680.93	False	unmatched	True
mariostars	03	008	mariostars	3	440	1.49	655.6	False	unmatched	True
mariostars	03	009	mariostars	1	510	1.49	759.9	False	unmatched	True
mariostars	03	009	mariostars	2	428	1.49	637.72	False	unmatched	True
mariostars	03	010	mariostars	1	458	1.49	682.42	False	unmatched	True
mariostars	03	010	mariostars	2	455	1.49	677.95	False	unmatched	True
mariostars	03	010	mariostars	3	419	1.49	624.31	False	unmatched	True
mariostars	03	011	mariostars	1	451	1.49	671.99	False	unmatched	True
mariostars	03	011	mariostars	2	453	1.49	674.97	False	unmatched	True
mariostars	03	011	mariostars	3	452	1.49	673.48	False	unmatched	True
mariostars	03	011	mariostars	4	482	1.49	718.18	False	unmatched	True
mariostars	03	011	mariostars	5	433	1.49	645.17	False	unmatched	True
mariostars	03	012	mariostars	1	449	1.49	669.01	False	unmatched	True
mariostars	03	012	mariostars	2	438	1.49	652.62	False	unmatched	True
mariostars	03	012	mariostars	3	422	1.49	628.78	False	unmatched	True
mariostars	03	012	mariostars	4	422	1.49	628.78	False	unmatched	True
mariostars	03	012	mariostars	5	467	1.49	695.83	False	unmatched	True
mariostars	03	013	mariostars	1	480	1.49	715.2	False	unmatched	True
mariostars	03	013	mariostars	2	466	1.49	694.34	False	unmatched	True
mariostars	03	013	mariostars	3	439	1.49	654.11	False	unmatched	True
mariostars	05	001	mariostars	1	513	1.49	764.37	False	unmatched	True
mariostars	05	001	mariostars	2	465	1.49	692.85	False	unmatched	True
mariostars	05	001	mariostars	3	506	1.49	753.9399999999999	False	unmatched	True
mariostars	05	001	mariostars	4	483	1.49	719.67	False	unmatched	True
mariostars	05	002	mariostars	1	445	1.49	663.05	False	unmatched	True
mariostars	05	002	mariostars	2	483	1.49	719.67	False	unmatched	True
mariostars	05	002	mariostars	3	436	1.49	649.64	False	unmatched	True
mariostars	05	002	mariostars	4	434	1.49	646.66	False	unmatched	True
mariostars	05	002	mariostars	5	560	1.49	834.4	False	unmatched	True
mariostars	05	002	mariostars	6	505	1.49	752.45	False	unmatched	True
mariostars	05	002	mariostars	7	486	1.49	724.14	False	unmatched	True
mariostars	05	002	mariostars	8	443	1.49	660.07	False	unmatched	True
mariostars	05	002	mariostars	9	471	1.49	701.79	False	unmatched	True
mariostars	05	002	mariostars	10	552	1.49	822.48	False	unmatched	True
mariostars	05	003	mariostars	1	485	1.49	722.65	False	unmatched	True
mariostars	05	003	mariostars	2	468	1.49	697.32	False	unmatched	True
mariostars	05	003	mariostars	3	474	1.49	706.26	False	unmatched	True
mariostars	05	003	mariostars	4	430	1.49	640.7	False	unmatched	True
mariostars	05	003	mariostars	5	444	1.49	661.56	False	unmatched	True
mariostars	05	003	mariostars	6	452	1.49	673.48	False	unmatched	True
mariostars	05	003	mariostars	7	600	1.49	894.0	False	unmatched	True
mariostars	05	003	mariostars	8	591	1.49	880.59	False	unmatched	True
mariostars	05	003	mariostars	9	440	1.49	655.6	False	unmatched	True
mariostars	05	003	mariostars	10	470	1.49	700.3	False	unmatched	True
mariostars	05	004	mariostars	1	508	1.49	756.92	False	unmatched	True
mariostars	05	004	mariostars	2	449	1.49	669.01	False	unmatched	True
mariostars	05	004	mariostars	3	429	1.49	639.21	False	unmatched	True
mariostars	05	004	mariostars	4	488	1.49	727.12	False	unmatched	True
mariostars	05	004	mariostars	5	456	1.49	679.4399999999999	False	unmatched	True
mariostars	05	005	mariostars	1	491	1.49	731.59	False	unmatched	True
mariostars	05	005	mariostars	2	436	1.49	649.64	False	unmatched	True
mariostars	05	005	mariostars	3	600	1.49	894.0	False	unmatched	True
mariostars	05	005	mariostars	4	444	1.49	661.56	False	unmatched	True
mariostars	05	005	mariostars	5	20	1.49	29.8	False	unmatched	True
mariostars	05	005	mariostars	6	504	1.49	750.96	False	unmatched	True
mariostars	05	006	mariostars	1	455	1.49	677.95	False	unmatched	True
mariostars	05	006	mariostars	2	426	1.49	634.74	False	unmatched	True
mariostars	05	006	mariostars	3	485	1.49	722.65	False	unmatched	True
mariostars	05	006	mariostars	4	435	1.49	648.15	False	unmatched	True
mariostars	05	006	mariostars	5	500	1.49	745.0	False	unmatched	True
mariostars	05	006	mariostars	6	445	1.49	663.05	False	unmatched	True
mariostars	06	001	mariostars	1	481	1.49	716.6899999999999	False	unmatched	True
mariostars	06	001	mariostars	2	433	1.49	645.17	False	unmatched	True
mariostars	06	001	mariostars	3	481	1.49	716.6899999999999	False	unmatched	True
mariostars	06	001	mariostars	4	427	1.49	636.23	False	unmatched	True
mariostars	06	002	mariostars	1	450	1.49	670.5	False	unmatched	True
mariostars	06	002	mariostars	2	420	1.49	625.8	False	unmatched	True
mariostars	06	002	mariostars	3	433	1.49	645.17	False	unmatched	True
mariostars	06	003	mariostars	1	432	1.49	643.68	False	unmatched	True
mariostars	06	003	mariostars	2	488	1.49	727.12	False	unmatched	True
mariostars	06	003	mariostars	3	461	1.49	686.89	False	unmatched	True
mariostars	06	003	mariostars	4	492	1.49	733.08	False	unmatched	True
mariostars	06	004	mariostars	1	442	1.49	658.58	False	unmatched	True
mariostars	06	004	mariostars	2	498	1.49	742.02	False	unmatched	True
mariostars	06	004	mariostars	3	441	1.49	657.09	False	unmatched	True
mariostars	06	004	mariostars	4	445	1.49	663.05	False	unmatched	True
mariostars	06	005	mariostars	1	428	1.49	637.72	False	unmatched	True
mariostars	06	005	mariostars	2	572	1.49	852.28	False	unmatched	True
mariostars	06	005	mariostars	3	467	1.49	695.83	False	unmatched	True
mariostars	06	005	mariostars	4	432	1.49	643.68	False	unmatched	True
mariostars	06	005	mariostars	5	421	1.49	627.29	False	unmatched	True
mariostars	06	007	mariostars	1	462	1.49	688.38	False	unmatched	True
mariostars	06	007	mariostars	2	444	1.49	661.56	False	unmatched	True
mariostars	06	007	mariostars	3	433	1.49	645.17	False	unmatched	True
mariostars	06	007	mariostars	4	464	1.49	691.36	False	unmatched	True
mariostars	06	009	mariostars	1	513	1.49	764.37	False	unmatched	True
mariostars	06	009	mariostars	2	485	1.49	722.65	False	unmatched	True
mariostars	06	010	mariostars	1	464	1.49	691.36	False	unmatched	True
mariostars	06	010	mariostars	2	444	1.49	661.56	False	unmatched	True
mariostars	06	010	mariostars	3	468	1.49	697.32	False	unmatched	True
mariostars	06	011	mariostars	1	441	1.49	657.09	False	unmatched	True
mariostars	06	011	mariostars	2	464	1.49	691.36	False	unmatched	True
mariostars	06	011	mariostars	3	437	1.49	651.13	False	unmatched	True
mariostars	06	012	mariostars	1	436	1.49	649.64	False	unmatched	True
mariostars	06	012	mariostars	2	422	1.49	628.78	False	unmatched	True
mariostars	06	012	mariostars	3	435	1.49	648.15	False	unmatched	True
mariostars	06	012	mariostars	4	440	1.49	655.6	False	unmatched	True
mariostars	06	013	mariostars	1	450	1.49	670.5	False	unmatched	True
mariostars	06	013	mariostars	2	414	1.49	616.86	False	unmatched	True
mariostars	06	013	mariostars	3	465	1.49	692.85	False	unmatched	True
mariostars	06	013	mariostars	4	465	1.49	692.85	False	unmatched	True
mariostars	06	014	mariostars	1	482	1.49	718.18	False	unmatched	True
mariostars	06	014	mariostars	2	458	1.49	682.42	False	unmatched	True
mariostars	06	015	mariostars	1	429	1.49	639.21	False	unmatched	True
mariostars	06	015	mariostars	2	462	1.49	688.38	False	unmatched	True
mariostars	06	015	mariostars	3	426	1.49	634.74	False	unmatched	True
mariostars	06	015	mariostars	4	442	1.49	658.58	False	unmatched	True
movie10	01	001	bourne01		405	1.49	603.45	True	exact	True
movie10	01	001	bourne02		405	1.49	603.45	True	exact	True
movie10	01	001	bourne03		405	1.49	603.45	True	exact	True
movie10	01	001	bourne04		405	1.49	603.45	True	exact	True
movie10	01	001	bourne05		405	1.49	603.45	True	exact	True
movie10	01	002	bourne06		405	1.49	603.45	True	exact	True
movie10	01	002	bourne07		405	1.49	603.45	True	exact	True
movie10	01	002	bourne08		405	1.49	603.45	True	exact	True
movie10	01	002	bourne09		405	1.49	603.45	True	exact	True
movie10	01	002	bourne10		383	1.49	570.67	True	exact	True
movie10	01	003	wolf01		406	1.49	604.9399999999999	True	exact	True
movie10	01	003	wolf02		406	1.49	604.9399999999999	True	exact	True
movie10	01	003	wolf03		406	1.49	604.9399999999999	True	exact	True
movie10	01	003	wolf04		406	1.49	604.9399999999999	True	exact	True
movie10	01	003	wolf05		406	1.49	604.9399999999999	True	exact	True
movie10	01	003	wolf06		406	1.49	604.9399999999999	True	exact	True
movie10	01	004	wolf07		406	1.49	604.9399999999999	True	exact	True
movie10	01	004	wolf08		406	1.49	604.9399999999999	True	exact	True
movie10	01	004	wolf09		406	1.49	604.9399999999999	True	exact	True
movie10	01	004	wolf10		406	1.49	604.9399999999999	True	exact	True
movie10	01	004	wolf11		406	1.49	604.9399999999999	True	exact	True
movie10	01	004	wolf12		406	1.49	604.9399999999999	True	exact	True
movie10	01	005	wolf13		406	1.49	604.9399999999999	True	exact	True
movie10	01	005	wolf14		406	1.49	604.9399999999999	True	exact	True
movie10	01	005	wolf15		406	1.49	604.9399999999999	True	exact	True
movie10	01	006	life01	1	406	1.49	604.9399999999999	True	exact	True
movie10	01	006	life02	1	406	1.49	604.9399999999999	True	exact	True
movie10	01	006	wolf16		406	1.49	604.9399999999999	True	exact	True
movie10	01	006	wolf17		498	1.49	742.02	True	exact	True
movie10	01	007	figures01	1	410	1.49	610.9	True	exact	True
movie10	01	007	figures02	1	410	1.49	610.9	True	exact	True
movie10	01	007	figures03	1	410	1.49	610.9	True	exact	True
movie10	01	007	life03	1	406	1.49	604.9399999999999	True	exact	True
movie10	01	007	life04	1	406	1.49	604.9399999999999	True	exact	True
movie10	01	007	life05	1	406	1.49	604.9399999999999	True	exact	True
movie10	01	008	figures05	1	410	1.49	610.9	True	exact	True
movie10	01	008	figures06	1	410	1.49	610.9	True	exact	True
movie10	01	008	figures07	1	410	1.49	610.9	True	exact	True
movie10	01	008	figures08	1	410	1.49	610.9	True	exact	True
movie10	01	008	figures09	1	410	1.49	610.9	True	exact	True
movie10	01	009	figures04	1	410	1.49	610.9	True	exact	True
movie10	01	009	figures10	1	410	1.49	610.9	True	exact	True
movie10	01	009	figures11	1	410	1.49	610.9	True	exact	True
movie10	01	009	figures12	1	375	1.49	558.75	True	exact	True
movie10	01	009	life01	2	410	1.49	610.9	True	exact	True
movie10	01	009	life02	2	410	1.49	610.9	True	exact	True
movie10	01	010	life03	2	406	1.49	604.9399999999999	True	exact	True
movie10	01	010	life04	2	406	1.49	604.9399999999999	True	exact	True
movie10	01	010	life05	2	392	1.49	584.08	True	exact	True
movie10	01	011	figures01	2	410	1.49	610.9	True	exact	True
movie10	01	011	figures02	2	410	1.49	610.9	True	exact	True
movie10	01	011	figures03	2	410	1.49	610.9	True	exact	True
movie10	01	011	figures04	2	410	1.49	610.9	True	exact	True
movie10	01	012	figures05	2	410	1.49	610.9	True	exact	True
movie10	01	012	figures06	2	408	1.49	607.92	True	exact	True
movie10	01	012	figures07	2	408	1.49	607.92	True	exact	True
movie10	01	012	figures08	2	409	1.49	609.41	True	exact	True
movie10	01	012	figures09	2	409	1.49	609.41	True	exact	True
movie10	01	012	figures10	2	409	1.49	609.41	True	exact	True
movie10	01	012	figures11	2	409	1.49	609.41	True	exact	True
movie10	01	012	figures12	2	373	1.49	555.77	True	exact	True
movie10	02	001	life01	1	406	1.49	604.9399999999999	True	exact	True
movie10	02	001	life02	1	406	1.49	604.9399999999999	True	exact	True
movie10	02	001	life03	1	406	1.49	604.9399999999999	True	exact	True
movie10	02	001	life04	1	406	1.49	604.9399999999999	True	exact	True
movie10	02	002	figures01	1	410	1.49	610.9	True	exact	True
movie10	02	002	figures02	1	410	1.49	610.9	True	exact	True
movie10	02	002	figures03	1	410	1.49	610.9	True	exact	True
movie10	02	002	figures04	1	410	1.49	610.9	True	exact	True
movie10	02	002	figures05	1	410	1.49	610.9	True	exact	True
movie10	02	002	figures06	1	410	1.49	610.9	True	exact	True
movie10	02	002	life05	1	406	1.49	604.9399999999999	True	exact	True
movie10	02	003	figures07	1	410	1.49	610.9	True	exact	True
movie10	02	003	figures08	1	410	1.49	610.9	True	exact	True
movie10	02	003	figures09	1	410	1.49	610.9	True	exact	True
movie10	02	003	figures10	1	410	1.49	610.9	True	exact	True
movie10	02	003	figures11	1	410	1.49	610.9	True	exact	True
movie10	02	003	figures12	1	373	1.49	555.77	True	exact	True
movie10	02	004	bourne01		405	1.49	603.45	True	exact	True
movie10	02	004	bourne02		405	1.49	603.45	True	exact	True
movie10	02	004	bourne03		405	1.49	603.45	True	exact	True
movie10	02	004	bourne04		405	1.49	603.45	True	exact	True
movie10	02	004	bourne05		405	1.49	603.45	True	exact	True
movie10	02	005	bourne06		405	1.49	603.45	True	exact	True
movie10	02	005	bourne07		405	1.49	603.45	True	exact	True
movie10	02	005	bourne08		405	1.49	603.45	True	exact	True
movie10	02	005	bourne09		405	1.49	603.45	True	exact	True
movie10	02	005	bourne10		405	1.49	603.45	True	exact	True
movie10	02	006	wolf01		406	1.49	604.9399999999999	True	exact	True
movie10	02	006	wolf02		406	1.49	604.9399999999999	True	exact	True
movie10	02	006	wolf03		406	1.49	604.9399999999999	True	exact	True
movie10	02	006	wolf04		406	1.49	604.9399999999999	True	exact	True
movie10	02	006	wolf05		406	1.49	604.9399999999999	True	exact	True
movie10	02	006	wolf06		406	1.49	604.9399999999999	True	exact	True
movie10	02	007	wolf07		407	1.49	606.43	True	exact	True
movie10	02	007	wolf08		407	1.49	606.43	True	exact	True
movie10	02	007	wolf09		407	1.49	606.43	True	exact	True
movie10	02	007	wolf10		407	1.49	606.43	True	exact	True
movie10	02	007	wolf11		407	1.49	606.43	True	exact	True
movie10	02	007	wolf12		407	1.49	606.43	True	exact	True
movie10	02	008	wolf13		406	1.49	604.9399999999999	True	exact	True
movie10	02	008	wolf14		406	1.49	604.9399999999999	True	exact	True
movie10	02	008	wolf15		406	1.49	604.9399999999999	True	exact	True
movie10	02	008	wolf16		406	1.49	604.9399999999999	True	exact	True
movie10	02	008	wolf17		515	1.49	767.35	True	exact	True
movie10	02	009	life01	2	409	1.49	609.41	True	exact	True
movie10	02	009	life02	2	409	1.49	609.41	True	exact	True
movie10	02	009	life03	2	410	1.49	610.9	True	exact	True
movie10	02	009	life04	2	409	1.49	609.41	True	exact	True
movie10	02	009	life05	2	391	1.49	582.59	True	exact	True
movie10	02	010	figures01	2	410	1.49	610.9	True	exact	True
movie10	02	010	figures02	2	410	1.49	610.9	True	exact	True
movie10	02	010	figures03	2	410	1.49	610.9	True	exact	True
movie10	02	010	figures04	2	410	1.49	610.9	True	exact	True
movie10	02	010	figures05	2	410	1.49	610.9	True	exact	True
movie10	02	011	figures06	2	410	1.49	610.9	True	exact	True
movie10	02	011	figures07	2	410	1.49	610.9	True	exact	True
movie10	02	011	figures08	2	410	1.49	610.9	True	exact	True
movie10	02	011	figures09	2	410	1.49	610.9	True	exact	True
movie10	02	012	figures10	2	410	1.49	610.9	True	exact	True
movie10	02	012	figures11	2	410	1.49	610.9	True	exact	True
movie10	02	012	figures12	2	373	1.49	555.77	True	exact	True
movie10	03	001	bourne01		405	1.49	603.45	True	exact	True
movie10	03	001	bourne02		405	1.49	603.45	True	exact	True
movie10	03	001	bourne03		405	1.49	603.45	True	exact	True
movie10	03	001	bourne04		405	1.49	603.45	True	exact	True
movie10	03	001	bourne05		405	1.49	603.45	True	exact	True
movie10	03	002	bourne06		405	1.49	603.45	True	exact	True
movie10	03	002	bourne07		405	1.49	603.45	True	exact	True
movie10	03	002	bourne08		405	1.49	603.45	True	exact	True
movie10	03	002	bourne09		405	1.49	603.45	True	exact	True
movie10	03	002	bourne10		382	1.49	569.18	True	exact	True
movie10	03	003	wolf01		406	1.49	604.9399999999999	True	exact	True
movie10	03	003	wolf02		406	1.49	604.9399999999999	True	exact	True
movie10	03	003	wolf03		406	1.49	604.9399999999999	True	exact	True
movie10	03	003	wolf04		406	1.49	604.9399999999999	True	exact	True
movie10	03	003	wolf05		406	1.49	604.9399999999999	True	exact	True
movie10	03	003	wolf06		406	1.49	604.9399999999999	True	exact	True
movie10	03	004	wolf07		406	1.49	604.9399999999999	True	exact	True
movie10	03	004	wolf08		406	1.49	604.9399999999999	True	exact	True
movie10	03	004	wolf09		406	1.49	604.9399999999999	True	exact	True
movie10	03	004	wolf10		406	1.49	604.9399999999999	True	exact	True
movie10	03	004	wolf11		406	1.49	604.9399999999999	True	exact	True
movie10	03	004	wolf12		406	1.49	604.9399999999999	True	exact	True
movie10	03	005	wolf13		406	1.49	604.9399999999999	True	exact	True
movie10	03	005	wolf14		406	1.49	604.9399999999999	True	exact	True
movie10	03	005	wolf15		406	1.49	604.9399999999999	True	exact	True
movie10	03	005	wolf16		406	1.49	604.9399999999999	True	exact	True
movie10	03	005	wolf17		498	1.49	742.02	True	exact	True
movie10	03	006	life01	1	406	1.49	604.9399999999999	True	exact	True
movie10	03	006	life02	1	406	1.49	604.9399999999999	True	exact	True
movie10	03	006	life03	1	406	1.49	604.9399999999999	True	exact	True
movie10	03	006	life04	1	406	1.49	604.9399999999999	True	exact	True
movie10	03	006	life05	1	384	1.49	572.16	True	exact	True
movie10	03	007	figures01	1	410	1.49	610.9	True	exact	True
movie10	03	007	figures02	1	410	1.49	610.9	True	exact	True
movie10	03	007	figures03	1	410	1.49	610.9	True	exact	True
movie10	03	007	figures04	1	410	1.49	610.9	True	exact	True
movie10	03	007	figures05	1	410	1.49	610.9	True	exact	True
movie10	03	007	figures06	1	410	1.49	610.9	True	exact	True
movie10	03	009	figures07	1	410	1.49	610.9	True	exact	True
movie10	03	009	figures08	1	410	1.49	610.9	True	exact	True
movie10	03	009	figures09	1	410	1.49	610.9	True	exact	True
movie10	03	010	figures10	1	410	1.49	610.9	True	exact	True
movie10	03	010	figures11	1	410	1.49	610.9	True	exact	True
movie10	03	010	figures12	1	373	1.49	555.77	True	exact	True
movie10	03	011	life01	2	409	1.49	609.41	True	exact	True
movie10	03	011	life02	2	409	1.49	609.41	True	exact	True
movie10	03	011	life03	2	410	1.49	610.9	True	exact	True
movie10	03	011	life04	2	409	1.49	609.41	True	exact	True
movie10	03	011	life05	2	391	1.49	582.59	True	exact	True
movie10	03	012	figures01	2	402	1.49	598.98	True	exact	True
movie10	03	012	figures02	2	409	1.49	609.41	True	exact	True
movie10	03	012	figures03	2	411	1.49	612.39	True	exact	True
movie10	03	012	figures04	2	409	1.49	609.41	True	exact	True
movie10	03	012	figures05	2	408	1.49	607.92	True	exact	True
movie10	03	012	figures06	2	410	1.49	610.9	True	exact	True
movie10	03	013	figures07	2	410	1.49	610.9	True	exact	True
movie10	03	013	figures08	2	410	1.49	610.9	True	exact	True
movie10	03	013	figures09	2	410	1.49	610.9	True	exact	True
movie10	03	013	figures10	2	410	1.49	610.9	True	exact	True
movie10	03	013	figures11	2	410	1.49	610.9	True	exact	True
movie10	03	013	figures12	2	373	1.49	555.77	True	exact	True
movie10	04	001	wolf01		406	1.49	604.9399999999999	True	exact	True
movie10	04	001	wolf02		406	1.49	604.9399999999999	True	exact	True
movie10	04	001	wolf03		406	1.49	604.9399999999999	True	exact	True
movie10	04	002	wolf04		406	1.49	604.9399999999999	True	exact	True
movie10	04	002	wolf05		406	1.49	604.9399999999999	True	exact	True
movie10	04	002	wolf06		406	1.49	604.9399999999999	True	exact	True
movie10	04	002	wolf07		406	1.49	604.9399999999999	True	exact	True
movie10	04	002	wolf08		406	1.49	604.9399999999999	True	exact	True
movie10	04	002	wolf09		406	1.49	604.9399999999999	True	exact	True
movie10	04	003	wolf10		406	1.49	604.9399999999999	True	exact	True
movie10	04	003	wolf11		406	1.49	604.9399999999999	True	exact	True
movie10	04	003	wolf12		406	1.49	604.9399999999999	True	exact	True
movie10	04	003	wolf13		406	1.49	604.9399999999999	True	exact	True
movie10	04	003	wolf14		406	1.49	604.9399999999999	True	exact	True
movie10	04	004	figures01	1	410	1.49	610.9	True	exact	True
movie10	04	004	figures02	1	410	1.49	610.9	True	exact	True
movie10	04	004	figures03	1	410	1.49	610.9	True	exact	True
movie10	04	004	wolf15		406	1.49	604.9399999999999	True	exact	True
movie10	04	004	wolf16		406	1.49	604.9399999999999	True	exact	True
movie10	04	004	wolf17		501	1.49	746.49	True	exact	True
movie10	04	005	figures04	1	409	1.49	609.41	True	exact	True
movie10	04	005	figures05	1	408	1.49	607.92	True	exact	True
movie10	04	005	figures06	1	410	1.49	610.9	True	exact	True
movie10	04	005	figures07	1	410	1.49	610.9	True	exact	True
movie10	04	005	figures08	1	409	1.49	609.41	True	exact	True
movie10	04	006	figures09	1	410	1.49	610.9	True	exact	True
movie10	04	006	figures10	1	409	1.49	609.41	True	exact	True
movie10	04	006	figures11	1	409	1.49	609.41	True	exact	True
movie10	04	006	figures12	1	373	1.49	555.77	True	exact	True
movie10	04	006	life01	1	409	1.49	609.41	True	exact	True
movie10	04	007	bourne01		403	1.49	600.47	True	exact	True
movie10	04	007	bourne02		405	1.49	603.45	True	exact	True
movie10	04	007	life02	1	410	1.49	610.9	True	exact	True
movie10	04	007	life03	1	410	1.49	610.9	True	exact	True
movie10	04	007	life04	1	410	1.49	610.9	True	exact	True
movie10	04	007	life05	1	398	1.49	593.02	True	exact	True
movie10	04	008	bourne03		406	1.49	604.9399999999999	True	exact	True
movie10	04	008	bourne04		405	1.49	603.45	True	exact	True
movie10	04	008	bourne05		405	1.49	603.45	True	exact	True
movie10	04	008	bourne06		405	1.49	603.45	True	exact	True
movie10	04	008	bourne07		405	1.49	603.45	True	exact	True
movie10	04	008	bourne08		405	1.49	603.45	True	exact	True
movie10	04	009	bourne09		405	1.49	603.45	True	exact	True
movie10	04	009	bourne10		380	1.49	566.2	True	exact	True
movie10	04	009	life01	2	410	1.49	610.9	True	exact	True
movie10	04	009	life02	2	410	1.49	610.9	True	exact	True
movie10	04	009	life03	2	410	1.49	610.9	True	exact	True
movie10	04	009	life04	2	410	1.49	610.9	True	exact	True
movie10	04	009	life05	2	391	1.49	582.59	True	exact	True
movie10	04	010	figures01	2	402	1.49	598.98	True	exact	True
movie10	04	010	figures02	2	409	1.49	609.41	True	exact	True
movie10	04	010	figures03	2	411	1.49	612.39	True	exact	True
movie10	04	010	figures04	2	409	1.49	609.41	True	exact	True
movie10	04	010	figures05	2	408	1.49	607.92	True	exact	True
movie10	04	010	figures06	2	410	1.49	610.9	True	exact	True
movie10	04	011	figures07	2	408	1.49	607.92	True	exact	True
movie10	04	011	figures08	2	409	1.49	609.41	True	exact	True
movie10	04	011	figures09	2	409	1.49	609.41	True	exact	True
movie10	04	011	figures10	2	409	1.49	609.41	True	exact	True
movie10	04	012	figures11	2	409	1.49	609.41	True	exact	True
movie10	04	012	figures12	2	373	1.49	555.77	True	exact	True
movie10	05	001	life01	1	410	1.49	610.9	True	exact	True
movie10	05	001	life02	1	410	1.49	610.9	True	exact	True
movie10	05	001	life03	1	410	1.49	610.9	True	exact	True
movie10	05	001	life04	1	410	1.49	610.9	True	exact	True
movie10	05	001	life05	1	391	1.49	582.59	True	exact	True
movie10	05	002	figures01	1	410	1.49	610.9	True	exact	True
movie10	05	002	figures02	1	410	1.49	610.9	True	exact	True
movie10	05	002	figures03	1	410	1.49	610.9	True	exact	True
movie10	05	002	figures04	1	410	1.49	610.9	True	exact	True
movie10	05	002	figures05	1	410	1.49	610.9	True	exact	True
movie10	05	003	figures06	1	410	1.49	610.9	True	exact	True
movie10	05	003	figures07	1	410	1.49	610.9	True	exact	True
movie10	05	003	figures08	1	410	1.49	610.9	True	exact	True
movie10	05	003	figures09	1	410	1.49	610.9	True	exact	True
movie10	05	003	figures10	1	410	1.49	610.9	True	exact	True
movie10	05	003	figures11	1	410	1.49	610.9	True	exact	True
movie10	05	003	figures12	1	373	1.49	555.77	True	exact	True
movie10	05	004	wolf01		406	1.49	604.9399999999999	True	exact	True
movie10	05	004	wolf02		406	1.49	604.9399999999999	True	exact	True
movie10	05	004	wolf03		406	1.49	604.9399999999999	True	exact	True
movie10	05	005	wolf04		406	1.49	604.9399999999999	True	exact	True
movie10	05	005	wolf05		406	1.49	604.9399999999999	True	exact	True
movie10	05	005	wolf06		406	1.49	604.9399999999999	True	exact	True
movie10	05	005	wolf07		406	1.49	604.9399999999999	True	exact	True
movie10	05	005	wolf08		406	1.49	604.9399999999999	True	exact	True
movie10	05	005	wolf09		406	1.49	604.9399999999999	True	exact	True
movie10	05	005	wolf10		406	1.49	604.9399999999999	True	exact	True
movie10	05	005	wolf11		406	1.49	604.9399999999999	True	exact	True
movie10	05	005	wolf12		406	1.49	604.9399999999999	True	exact	True
movie10	05	007	wolf13		406	1.49	604.9399999999999	True	exact	True
movie10	05	007	wolf14		406	1.49	604.9399999999999	True	exact	True
movie10	05	007	wolf15		406	1.49	604.9399999999999	True	exact	True
movie10	05	007	wolf16		406	1.49	604.9399999999999	True	exact	True
movie10	05	007	wolf17		532	1.49	792.68	True	exact	True
movie10	05	008	life01	2	410	1.49	610.9	True	exact	True
movie10	05	008	life02	2	410	1.49	610.9	True	exact	True
movie10	05	008	life03	2	410	1.49	610.9	True	exact	True
movie10	05	008	life04	2	410	1.49	610.9	True	exact	True
movie10	05	008	life05	2	390	1.49	581.1	True	exact	True
movie10	05	009	bourne01		405	1.49	603.45	True	exact	True
movie10	05	009	bourne02		406	1.49	604.9399999999999	True	exact	True
movie10	05	009	bourne03		406	1.49	604.9399999999999	True	exact	True
movie10	05	009	bourne04		406	1.49	604.9399999999999	True	exact	True
movie10	05	009	bourne05		406	1.49	604.9399999999999	True	exact	True
movie10	05	009	bourne06		406	1.49	604.9399999999999	True	exact	True
movie10	05	009	bourne07		406	1.49	604.9399999999999	True	exact	True
movie10	05	009	bourne08		406	1.49	604.9399999999999	True	exact	True
movie10	05	009	bourne09		406	1.49	604.9399999999999	True	exact	True
movie10	05	009	bourne10		380	1.49	566.2	True	exact	True
movie10	05	010	figures01	2	410	1.49	610.9	True	exact	True
movie10	05	010	figures02	2	410	1.49	610.9	True	exact	True
movie10	05	010	figures03	2	410	1.49	610.9	True	exact	True
movie10	05	010	figures04	2	410	1.49	610.9	True	exact	True
movie10	05	010	figures05	2	410	1.49	610.9	True	exact	True
movie10	05	010	figures06	2	410	1.49	610.9	True	exact	True
movie10	05	010	figures07	2	410	1.49	610.9	True	exact	True
movie10	05	010	figures08	2	410	1.49	610.9	True	exact	True
movie10	05	010	figures09	2	410	1.49	610.9	True	exact	True
movie10	05	010	figures10	2	410	1.49	610.9	True	exact	True
movie10	05	010	figures11	2	410	1.49	610.9	True	exact	True
movie10	05	010	figures12	2	373	1.49	555.77	True	exact	True
movie10	06	001	life01	1	410	1.49	610.9	True	exact	True
movie10	06	001	life02	1	410	1.49	610.9	True	exact	True
movie10	06	001	life03	1	410	1.49	610.9	True	exact	True
movie10	06	001	life04	1	410	1.49	610.9	True	exact	True
movie10	06	001	life05	1	410	1.49	610.9	True	exact	True
movie10	06	002	figures01	1	410	1.49	610.9	True	exact	True
movie10	06	002	figures02	1	410	1.49	610.9	True	exact	True
movie10	06	002	figures03	1	411	1.49	612.39	True	exact	True
movie10	06	002	figures04	1	409	1.49	609.41	True	exact	True
movie10	06	002	figures05	1	408	1.49	607.92	True	exact	True
movie10	06	002	figures06	1	410	1.49	610.9	True	exact	True
movie10	06	003	figures07	1	410	1.49	610.9	True	exact	True
movie10	06	003	figures08	1	410	1.49	610.9	True	exact	True
movie10	06	003	figures09	1	410	1.49	610.9	True	exact	True
movie10	06	003	figures10	1	410	1.49	610.9	True	exact	True
movie10	06	003	figures11	1	410	1.49	610.9	True	exact	True
movie10	06	003	figures12	1	374	1.49	557.26	True	exact	True
movie10	06	004	life01	2	410	1.49	610.9	True	exact	True
movie10	06	004	life02	2	410	1.49	610.9	True	exact	True
movie10	06	005	bourne01		403	1.49	600.47	True	exact	True
movie10	06	005	bourne02		405	1.49	603.45	True	exact	True
movie10	06	005	bourne03		405	1.49	603.45	True	exact	True
movie10	06	005	bourne04		405	1.49	603.45	True	exact	True
movie10	06	005	bourne05		405	1.49	603.45	True	exact	True
movie10	06	005	life03	2	410	1.49	610.9	True	exact	True
movie10	06	005	life04	2	409	1.49	609.41	True	exact	True
movie10	06	005	life05	2	391	1.49	582.59	True	exact	True
movie10	06	006	bourne06		405	1.49	603.45	True	exact	True
movie10	06	006	bourne07		405	1.49	603.45	True	exact	True
movie10	06	006	bourne08		405	1.49	603.45	True	exact	True
movie10	06	006	bourne09		405	1.49	603.45	True	exact	True
movie10	06	006	bourne10		380	1.49	566.2	True	exact	True
movie10	06	006	figures01	2	404	1.49	601.96	True	exact	True
movie10	06	006	figures02	2	409	1.49	609.41	True	exact	True
movie10	06	006	figures03	2	411	1.49	612.39	True	exact	True
movie10	06	006	figures04	2	409	1.49	609.41	True	exact	True
movie10	06	007	figures05	2	408	1.49	607.92	True	exact	True
movie10	06	007	figures06	2	410	1.49	610.9	True	exact	True
movie10	06	007	figures07	2	408	1.49	607.92	True	exact	True
movie10	06	007	figures08	2	409	1.49	609.41	True	exact	True
movie10	06	008	figures09	2	410	1.49	610.9	True	exact	True
movie10	06	008	figures10	2	410	1.49	610.9	True	exact	True
movie10	06	008	figures11	2	410	1.49	610.9	True	exact	True
movie10	06	008	figures12	2	373	1.49	555.77	True	exact	True
movie10	06	009	wolf01		407	1.49	606.43	True	exact	True
movie10	06	009	wolf02		407	1.49	606.43	True	exact	True
movie10	06	009	wolf03		407	1.49	606.43	True	exact	True
movie10	06	009	wolf04		407	1.49	606.43	True	exact	True
movie10	06	009	wolf05		407	1.49	606.43	True	exact	True
movie10	06	009	wolf06		407	1.49	606.43	True	exact	True
movie10	06	009	wolf07		407	1.49	606.43	True	exact	True
movie10	06	009	wolf08		407	1.49	606.43	True	exact	True
movie10	06	010	wolf09		407	1.49	606.43	True	exact	True
movie10	06	010	wolf10		407	1.49	606.43	True	exact	True
movie10	06	010	wolf11		407	1.49	606.43	True	exact	True
movie10	06	010	wolf12		407	1.49	606.43	True	exact	True
movie10	06	010	wolf13		407	1.49	606.43	True	exact	True
movie10	06	010	wolf14		407	1.49	606.43	True	exact	True
movie10	06	010	wolf15		407	1.49	606.43	True	exact	True
movie10	06	010	wolf16		407	1.49	606.43	True	exact	True
movie10	06	010	wolf17		504	1.49	750.96	True	exact	True
multfs	01	001	1back	1	188	1.49	280.12	True	exact	True
multfs	01	001	ctxdm	1	184	1.49	274.16	True	exact	True
multfs	01	001	ctxdm	2	184	1.49	274.16	True	exact	True
multfs	01	001	dms	1	128	1.49	190.72	True	exact	True
multfs	01	001	interdms	1	208	1.49	309.92	True	exact	True
multfs	01	001	interdms	2	208	1.49	309.92	True	exact	True
multfs	01	001	interdms	3	208	1.49	309.92	True	exact	True
multfs	01	002	1back	1	188	1.49	280.12	True	exact	True
multfs	01	002	ctxdm	1	184	1.49	274.16	True	exact	True
multfs	01	002	ctxdm	2	184	1.49	274.16	True	exact	True
multfs	01	002	dms	1	128	1.49	190.72	True	exact	True
multfs	01	002	interdms	1	208	1.49	309.92	True	exact	True
multfs	01	002	interdms	2	208	1.49	309.92	True	exact	True
multfs	01	002	interdms	3	208	1.49	309.92	True	exact	True
multfs	01	003	1back	1	188	1.49	280.12	True	exact	True
multfs	01	003	ctxdm	1	184	1.49	274.16	True	exact	True
multfs	01	003	ctxdm	2	184	1.49	274.16	True	exact	True
multfs	01	003	dms	1	128	1.49	190.72	True	exact	True
multfs	01	003	interdms	1	208	1.49	309.92	True	exact	True
multfs	01	003	interdms	2	208	1.49	309.92	True	exact	True
multfs	01	003	interdms	3	208	1.49	309.92	True	exact	True
multfs	01	004	1back	1	188	1.49	280.12	True	exact	True
multfs	01	004	ctxdm	1	184	1.49	274.16	True	exact	True
multfs	01	004	ctxdm	2	184	1.49	274.16	True	exact	True
multfs	01	004	dms	1	128	1.49	190.72	True	exact	True
multfs	01	004	interdms	1	208	1.49	309.92	True	exact	True
multfs	01	004	interdms	2	208	1.49	309.92	True	exact	True
multfs	01	004	interdms	3	208	1.49	309.92	True	exact	True
multfs	01	005	1back	1	188	1.49	280.12	True	exact	False
multfs	01	005	ctxdm	1	184	1.49	274.16	True	exact	False
multfs	01	005	ctxdm	2	184	1.49	274.16	True	exact	False
multfs	01	005	dms	1	128	1.49	190.72	True	exact	False
multfs	01	005	interdms	1	208	1.49	309.92	True	exact	False
multfs	01	005	interdms	2	208	1.49	309.92	True	exact	False
multfs	01	005	interdms	3	208	1.49	309.92	True	exact	False
multfs	01	006	1back	1	188	1.49	280.12	True	exact	False
multfs	01	006	ctxdm	1	184	1.49	274.16	True	exact	False
multfs	01	006	ctxdm	2	184	1.49	274.16	True	exact	False
multfs	01	006	dms	1	128	1.49	190.72	True	exact	False
multfs	01	006	interdms	1	208	1.49	309.92	True	exact	False
multfs	01	006	interdms	2	208	1.49	309.92	True	exact	False
multfs	01	006	interdms	3	208	1.49	309.92	True	exact	False
multfs	01	007	1back	1	188	1.49	280.12	True	exact	False
multfs	01	007	ctxdm	1	184	1.49	274.16	True	exact	False
multfs	01	007	ctxdm	2	184	1.49	274.16	True	exact	False
multfs	01	007	dms	1	128	1.49	190.72	True	exact	False
multfs	01	007	interdms	1	208	1.49	309.92	True	exact	False
multfs	01	007	interdms	2	208	1.49	309.92	True	exact	False
multfs	01	007	interdms	3	208	1.49	309.92	True	exact	False
multfs	01	008	1back	1	188	1.49	280.12	True	exact	False
multfs	01	008	ctxdm	1	184	1.49	274.16	True	exact	False
multfs	01	008	ctxdm	2	184	1.49	274.16	True	exact	False
multfs	01	008	dms	1	128	1.49	190.72	True	exact	False
multfs	01	008	interdms	1	208	1.49	309.92	True	exact	False
multfs	01	008	interdms	2	208	1.49	309.92	True	exact	False
multfs	01	008	interdms	3	208	1.49	309.92	True	exact	False
multfs	01	009	1back	1	188	1.49	280.12	True	exact	False
multfs	01	009	ctxdm	1	184	1.49	274.16	True	exact	False
multfs	01	009	ctxdm	2	184	1.49	274.16	True	exact	False
multfs	01	009	dms	1	128	1.49	190.72	True	exact	False
multfs	01	009	interdms	1	208	1.49	309.92	True	exact	False
multfs	01	009	interdms	2	208	1.49	309.92	True	exact	False
multfs	01	009	interdms	3	208	1.49	309.92	True	exact	False
multfs	01	010	1back	1	188	1.49	280.12	True	exact	False
multfs	01	010	ctxdm	1	184	1.49	274.16	True	exact	False
multfs	01	010	ctxdm	2	184	1.49	274.16	True	exact	False
multfs	01	010	dms	1	128	1.49	190.72	True	exact	False
multfs	01	010	interdms	1	208	1.49	309.92	True	exact	False
multfs	01	010	interdms	2	208	1.49	309.92	True	exact	False
multfs	01	010	interdms	3	208	1.49	309.92	True	exact	False
multfs	01	011	1back	1	188	1.49	280.12	True	exact	False
multfs	01	011	ctxdm	1	184	1.49	274.16	True	exact	False
multfs	01	011	ctxdm	2	184	1.49	274.16	True	exact	False
multfs	01	011	dms	1	128	1.49	190.72	True	exact	False
multfs	01	011	interdms	1	208	1.49	309.92	True	exact	False
multfs	01	011	interdms	2	208	1.49	309.92	True	exact	False
multfs	01	011	interdms	3	208	1.49	309.92	True	exact	False
multfs	01	012	1back	1	188	1.49	280.12	True	exact	False
multfs	01	012	ctxdm	1	184	1.49	274.16	True	exact	False
multfs	01	012	ctxdm	2	184	1.49	274.16	True	exact	False
multfs	01	012	dms	1	128	1.49	190.72	True	exact	False
multfs	01	012	interdms	1	208	1.49	309.92	True	exact	False
multfs	01	012	interdms	2	208	1.49	309.92	True	exact	False
multfs	01	012	interdms	3	208	1.49	309.92	True	exact	False
multfs	01	013	1back	1	188	1.49	280.12	True	exact	False
multfs	01	013	ctxdm	1	184	1.49	274.16	True	exact	False
multfs	01	013	ctxdm	2	184	1.49	274.16	True	exact	False
multfs	01	013	dms	1	128	1.49	190.72	True	exact	False
multfs	01	013	interdms	1	208	1.49	309.92	True	exact	False
multfs	01	013	interdms	2	208	1.49	309.92	True	exact	False
multfs	01	013	interdms	3	208	1.49	309.92	True	exact	False
multfs	01	014	1back	1	188	1.49	280.12	True	exact	False
multfs	01	014	ctxdm	1	184	1.49	274.16	True	exact	False
multfs	01	014	ctxdm	2	184	1.49	274.16	True	exact	False
multfs	01	014	dms	1	128	1.49	190.72	True	exact	False
multfs	01	014	interdms	1	208	1.49	309.92	True	exact	False
multfs	01	014	interdms	2	208	1.49	309.92	True	exact	False
multfs	01	014	interdms	3	208	1.49	309.92	True	exact	False
multfs	01	015	1back	1	188	1.49	280.12	True	exact	False
multfs	01	015	ctxdm	1	184	1.49	274.16	True	exact	False
multfs	01	015	ctxdm	2	184	1.49	274.16	True	exact	False
multfs	01	015	dms	1	128	1.49	190.72	True	exact	False
multfs	01	015	interdms	1	208	1.49	309.92	True	exact	False
multfs	01	015	interdms	2	208	1.49	309.92	True	exact	False
multfs	01	015	interdms	3	208	1.49	309.92	True	exact	False
multfs	01	016	1back	1	188	1.49	280.12	True	exact	False
multfs	01	016	ctxdm	1	184	1.49	274.16	True	exact	False
multfs	01	016	ctxdm	2	184	1.49	274.16	True	exact	False
multfs	01	016	dms	1	128	1.49	190.72	True	exact	False
multfs	01	016	interdms	1	208	1.49	309.92	True	exact	False
multfs	01	016	interdms	2	208	1.49	309.92	True	exact	False
multfs	01	016	interdms	3	208	1.49	309.92	True	exact	False
multfs	02	000	1backcat	1	230	1.49	342.7	False	unmatched	False
multfs	02	000	1backloc	1	222	1.49	330.78	False	unmatched	False
multfs	02	000	ctxlco	1	383	1.49	570.67	False	unmatched	False
multfs	02	000	dmsloc	1	313	1.49	466.37	False	unmatched	False
multfs	02	001	1back	1	188	1.49	280.12	True	exact	True
multfs	02	001	ctxdm	1	184	1.49	274.16	True	exact	True
multfs	02	001	ctxdm	2	184	1.49	274.16	True	exact	True
multfs	02	001	dms	1	128	1.49	190.72	True	exact	True
multfs	02	001	interdms	1	208	1.49	309.92	True	exact	True
multfs	02	001	interdms	2	208	1.49	309.92	True	exact	True
multfs	02	001	interdms	3	208	1.49	309.92	True	exact	True
multfs	02	002	1back	1	188	1.49	280.12	True	exact	True
multfs	02	002	ctxdm	1	184	1.49	274.16	True	exact	True
multfs	02	002	ctxdm	2	184	1.49	274.16	True	exact	True
multfs	02	002	dms	1	128	1.49	190.72	True	exact	True
multfs	02	002	interdms	1	208	1.49	309.92	True	exact	True
multfs	02	002	interdms	2	208	1.49	309.92	True	exact	True
multfs	02	002	interdms	3	208	1.49	309.92	True	exact	True
multfs	02	003	1back	1	188	1.49	280.12	True	exact	True
multfs	02	003	ctxdm	1	184	1.49	274.16	True	exact	True
multfs	02	003	ctxdm	2	184	1.49	274.16	True	exact	True
multfs	02	003	dms	1	128	1.49	190.72	True	exact	True
multfs	02	003	interdms	1	208	1.49	309.92	True	exact	True
multfs	02	003	interdms	2	208	1.49	309.92	True	exact	True
multfs	02	003	interdms	3	208	1.49	309.92	True	exact	True
multfs	02	004	1back	1	188	1.49	280.12	True	exact	True
multfs	02	004	ctxdm	1	184	1.49	274.16	True	exact	True
multfs	02	004	ctxdm	2	184	1.49	274.16	True	exact	True
multfs	02	004	dms	1	128	1.49	190.72	True	exact	True
multfs	02	004	interdms	1	208	1.49	309.92	True	exact	True
multfs	02	004	interdms	2	208	1.49	309.92	True	exact	True
multfs	02	004	interdms	3	208	1.49	309.92	True	exact	True
multfs	02	005	1back	1	188	1.49	280.12	True	exact	True
multfs	02	005	ctxdm	1	184	1.49	274.16	True	exact	True
multfs	02	005	ctxdm	2	184	1.49	274.16	True	exact	True
multfs	02	005	dms	1	128	1.49	190.72	True	exact	True
multfs	02	005	interdms	1	208	1.49	309.92	True	exact	True
multfs	02	005	interdms	2	208	1.49	309.92	True	exact	True
multfs	02	005	interdms	3	208	1.49	309.92	True	exact	True
multfs	02	006	1back	1	188	1.49	280.12	True	exact	True
multfs	02	006	ctxdm	1	184	1.49	274.16	True	exact	True
multfs	02	006	ctxdm	2	184	1.49	274.16	True	exact	True
multfs	02	006	dms	1	128	1.49	190.72	True	exact	True
multfs	02	006	interdms	1	208	1.49	309.92	True	exact	True
multfs	02	006	interdms	2	208	1.49	309.92	True	exact	True
multfs	02	006	interdms	3	208	1.49	309.92	True	exact	True
multfs	02	007	1back	1	188	1.49	280.12	True	exact	True
multfs	02	007	ctxdm	1	184	1.49	274.16	True	exact	True
multfs	02	007	ctxdm	2	184	1.49	274.16	True	exact	True
multfs	02	007	dms	1	128	1.49	190.72	True	exact	True
multfs	02	007	interdms	1	208	1.49	309.92	True	exact	True
multfs	02	007	interdms	2	208	1.49	309.92	True	exact	True
multfs	02	007	interdms	3	208	1.49	309.92	True	exact	True
multfs	02	008	1back	1	188	1.49	280.12	True	exact	True
multfs	02	008	ctxdm	1	184	1.49	274.16	True	exact	True
multfs	02	008	ctxdm	2	184	1.49	274.16	True	exact	True
multfs	02	008	dms	1	128	1.49	190.72	True	exact	True
multfs	02	008	interdms	1	208	1.49	309.92	True	exact	True
multfs	02	008	interdms	2	208	1.49	309.92	True	exact	True
multfs	02	008	interdms	3	208	1.49	309.92	True	exact	True
multfs	02	009	1back	1	188	1.49	280.12	True	exact	True
multfs	02	009	ctxdm	1	184	1.49	274.16	True	exact	True
multfs	02	009	ctxdm	2	184	1.49	274.16	True	exact	True
multfs	02	009	dms	1	128	1.49	190.72	True	exact	True
multfs	02	009	interdms	1	208	1.49	309.92	True	exact	True
multfs	02	009	interdms	2	208	1.49	309.92	True	exact	True
multfs	02	009	interdms	3	208	1.49	309.92	True	exact	True
multfs	02	010	1back	1	188	1.49	280.12	True	exact	False
multfs	02	010	ctxdm	1	184	1.49	274.16	True	exact	False
multfs	02	010	ctxdm	2	184	1.49	274.16	True	exact	False
multfs	02	010	dms	1	128	1.49	190.72	True	exact	False
multfs	02	010	interdms	1	208	1.49	309.92	True	exact	False
multfs	02	010	interdms	2	208	1.49	309.92	True	exact	False
multfs	02	010	interdms	3	208	1.49	309.92	True	exact	False
multfs	02	011	1back	1	188	1.49	280.12	True	exact	False
multfs	02	011	ctxdm	1	184	1.49	274.16	True	exact	False
multfs	02	011	ctxdm	2	184	1.49	274.16	True	exact	False
multfs	02	011	dms	1	128	1.49	190.72	True	exact	False
multfs	02	011	interdms	1	208	1.49	309.92	True	exact	False
multfs	02	011	interdms	2	208	1.49	309.92	True	exact	False
multfs	02	011	interdms	3	208	1.49	309.92	True	exact	False
multfs	02	012	1back	1	188	1.49	280.12	True	exact	False
multfs	02	012	ctxdm	1	184	1.49	274.16	True	exact	False
multfs	02	012	ctxdm	2	184	1.49	274.16	True	exact	False
multfs	02	012	dms	1	128	1.49	190.72	True	exact	False
multfs	02	012	interdms	1	208	1.49	309.92	True	exact	False
multfs	02	012	interdms	2	208	1.49	309.92	True	exact	False
multfs	02	012	interdms	3	208	1.49	309.92	True	exact	False
multfs	02	013	1back	1	188	1.49	280.12	True	exact	False
multfs	02	013	ctxdm	1	184	1.49	274.16	True	exact	False
multfs	02	013	ctxdm	2	184	1.49	274.16	True	exact	False
multfs	02	013	dms	1	128	1.49	190.72	True	exact	False
multfs	02	013	interdms	1	208	1.49	309.92	True	exact	False
multfs	02	013	interdms	2	208	1.49	309.92	True	exact	False
multfs	02	013	interdms	3	208	1.49	309.92	True	exact	False
multfs	02	014	1back	1	188	1.49	280.12	True	exact	False
multfs	02	014	ctxdm	1	184	1.49	274.16	True	exact	False
multfs	02	014	ctxdm	2	184	1.49	274.16	True	exact	False
multfs	02	014	dms	1	128	1.49	190.72	True	exact	False
multfs	02	014	interdms	1	208	1.49	309.92	True	exact	False
multfs	02	014	interdms	2	208	1.49	309.92	True	exact	False
multfs	02	014	interdms	3	208	1.49	309.92	True	exact	False
multfs	02	015	1back	1	188	1.49	280.12	True	exact	False
multfs	02	015	ctxdm	1	184	1.49	274.16	True	exact	False
multfs	02	015	ctxdm	2	184	1.49	274.16	True	exact	False
multfs	02	015	dms	1	128	1.49	190.72	True	exact	False
multfs	02	015	interdms	1	208	1.49	309.92	True	exact	False
multfs	02	015	interdms	2	208	1.49	309.92	True	exact	False
multfs	02	015	interdms	3	208	1.49	309.92	True	exact	False
multfs	02	016	1back	1	188	1.49	280.12	True	exact	False
multfs	02	016	ctxdm	1	184	1.49	274.16	True	exact	False
multfs	02	016	ctxdm	2	184	1.49	274.16	True	exact	False
multfs	02	016	dms	1	128	1.49	190.72	True	exact	False
multfs	02	016	interdms	1	208	1.49	309.92	True	exact	False
multfs	02	016	interdms	2	208	1.49	309.92	True	exact	False
multfs	02	016	interdms	3	208	1.49	309.92	True	exact	False
multfs	03	001	1back	1	194	1.49	289.06	True	exact	True
multfs	03	001	ctxdm	1	184	1.49	274.16	True	exact	True
multfs	03	001	ctxdm	2	184	1.49	274.16	True	exact	True
multfs	03	001	dms	1	128	1.49	190.72	True	exact	True
multfs	03	001	interdms	1	208	1.49	309.92	True	exact	True
multfs	03	001	interdms	2	208	1.49	309.92	True	exact	True
multfs	03	001	interdms	3	208	1.49	309.92	True	exact	True
multfs	03	002	1back	1	188	1.49	280.12	True	exact	True
multfs	03	002	ctxdm	1	184	1.49	274.16	True	exact	True
multfs	03	002	ctxdm	2	184	1.49	274.16	True	exact	True
multfs	03	002	dms	1	128	1.49	190.72	True	exact	True
multfs	03	002	interdms	1	208	1.49	309.92	True	exact	True
multfs	03	002	interdms	2	208	1.49	309.92	True	exact	True
multfs	03	002	interdms	3	208	1.49	309.92	True	exact	True
multfs	03	003	1back	1	188	1.49	280.12	True	exact	True
multfs	03	003	ctxdm	1	184	1.49	274.16	True	exact	True
multfs	03	003	ctxdm	2	184	1.49	274.16	True	exact	True
multfs	03	003	dms	1	128	1.49	190.72	True	exact	True
multfs	03	003	interdms	1	208	1.49	309.92	True	exact	True
multfs	03	003	interdms	2	208	1.49	309.92	True	exact	True
multfs	03	003	interdms	3	208	1.49	309.92	True	exact	True
multfs	03	004	1back	1	188	1.49	280.12	True	exact	True
multfs	03	004	ctxdm	1	184	1.49	274.16	True	exact	True
multfs	03	004	ctxdm	2	184	1.49	274.16	True	exact	True
multfs	03	004	dms	1	128	1.49	190.72	True	exact	True
multfs	03	004	interdms	1	208	1.49	309.92	True	exact	True
multfs	03	004	interdms	2	208	1.49	309.92	True	exact	True
multfs	03	004	interdms	3	208	1.49	309.92	True	exact	True
multfs	03	005	1back	1	188	1.49	280.12	True	exact	True
multfs	03	005	ctxdm	1	184	1.49	274.16	True	exact	True
multfs	03	005	ctxdm	2	184	1.49	274.16	True	exact	True
multfs	03	005	dms	1	128	1.49	190.72	True	exact	True
multfs	03	005	interdms	1	208	1.49	309.92	True	exact	True
multfs	03	005	interdms	2	208	1.49	309.92	True	exact	True
multfs	03	005	interdms	3	208	1.49	309.92	True	exact	True
multfs	03	006	1back	1	188	1.49	280.12	True	exact	True
multfs	03	006	ctxdm	1	184	1.49	274.16	True	exact	True
multfs	03	006	ctxdm	2	184	1.49	274.16	True	exact	True
multfs	03	006	dms	1	128	1.49	190.72	True	exact	True
multfs	03	006	interdms	1	208	1.49	309.92	True	exact	True
multfs	03	006	interdms	2	208	1.49	309.92	True	exact	True
multfs	03	006	interdms	3	208	1.49	309.92	True	exact	True
multfs	03	007	1back	1	188	1.49	280.12	True	exact	True
multfs	03	007	ctxdm	1	184	1.49	274.16	True	exact	True
multfs	03	007	ctxdm	2	184	1.49	274.16	True	exact	True
multfs	03	007	dms	1	128	1.49	190.72	True	exact	True
multfs	03	007	interdms	1	208	1.49	309.92	True	exact	True
multfs	03	007	interdms	2	208	1.49	309.92	True	exact	True
multfs	03	007	interdms	3	208	1.49	309.92	True	exact	True
multfs	03	008	1back	1	188	1.49	280.12	True	exact	True
multfs	03	008	ctxdm	1	184	1.49	274.16	True	exact	True
multfs	03	008	ctxdm	2	184	1.49	274.16	True	exact	True
multfs	03	008	dms	1	128	1.49	190.72	True	exact	True
multfs	03	008	interdms	1	208	1.49	309.92	True	exact	True
multfs	03	008	interdms	2	208	1.49	309.92	True	exact	True
multfs	03	008	interdms	3	208	1.49	309.92	True	exact	True
multfs	03	009	1back	1	188	1.49	280.12	True	exact	True
multfs	03	009	ctxdm	1	184	1.49	274.16	True	exact	True
multfs	03	009	ctxdm	2	184	1.49	274.16	True	exact	True
multfs	03	009	dms	1	128	1.49	190.72	True	exact	True
multfs	03	009	interdms	1	208	1.49	309.92	True	exact	True
multfs	03	009	interdms	2	208	1.49	309.92	True	exact	True
multfs	03	009	interdms	3	208	1.49	309.92	True	exact	True
multfs	03	010	1back	1	188	1.49	280.12	True	exact	True
multfs	03	010	ctxdm	1	184	1.49	274.16	True	exact	True
multfs	03	010	ctxdm	2	184	1.49	274.16	True	exact	True
multfs	03	010	dms	1	128	1.49	190.72	True	exact	True
multfs	03	010	interdms	1	208	1.49	309.92	True	exact	True
multfs	03	010	interdms	2	208	1.49	309.92	True	exact	True
multfs	03	010	interdms	3	208	1.49	309.92	True	exact	True
multfs	03	011	1back	1	188	1.49	280.12	True	exact	True
multfs	03	011	ctxdm	1	184	1.49	274.16	True	exact	True
multfs	03	011	ctxdm	2	184	1.49	274.16	True	exact	True
multfs	03	011	dms	1	128	1.49	190.72	True	exact	True
multfs	03	011	interdms	1	208	1.49	309.92	True	exact	True
multfs	03	011	interdms	2	208	1.49	309.92	True	exact	True
multfs	03	011	interdms	3	208	1.49	309.92	True	exact	True
multfs	03	012	1back	1	188	1.49	280.12	True	exact	True
multfs	03	012	ctxdm	1	184	1.49	274.16	True	exact	True
multfs	03	012	ctxdm	2	184	1.49	274.16	True	exact	True
multfs	03	012	dms	1	128	1.49	190.72	True	exact	True
multfs	03	012	interdms	1	208	1.49	309.92	True	exact	True
multfs	03	012	interdms	2	208	1.49	309.92	True	exact	True
multfs	03	012	interdms	3	208	1.49	309.92	True	exact	True
multfs	03	013	1back	1	188	1.49	280.12	True	exact	True
multfs	03	013	ctxdm	1	184	1.49	274.16	True	exact	True
multfs	03	013	ctxdm	2	184	1.49	274.16	True	exact	True
multfs	03	013	dms	1	128	1.49	190.72	True	exact	True
multfs	03	013	interdms	1	208	1.49	309.92	True	exact	True
multfs	03	013	interdms	2	208	1.49	309.92	True	exact	True
multfs	03	013	interdms	3	208	1.49	309.92	True	exact	True
multfs	03	014	1back	1	188	1.49	280.12	True	exact	True
multfs	03	014	ctxdm	1	184	1.49	274.16	True	exact	True
multfs	03	014	ctxdm	2	184	1.49	274.16	True	exact	True
multfs	03	014	dms	1	128	1.49	190.72	True	exact	True
multfs	03	014	interdms	1	208	1.49	309.92	True	exact	True
multfs	03	014	interdms	2	208	1.49	309.92	True	exact	True
multfs	03	014	interdms	3	208	1.49	309.92	True	exact	True
multfs	03	015	1back	1	188	1.49	280.12	True	exact	True
multfs	03	015	ctxdm	1	184	1.49	274.16	True	exact	True
multfs	03	015	ctxdm	2	184	1.49	274.16	True	exact	True
multfs	03	015	dms	1	128	1.49	190.72	True	exact	True
multfs	03	015	interdms	1	208	1.49	309.92	True	exact	True
multfs	03	015	interdms	2	208	1.49	309.92	True	exact	True
multfs	03	015	interdms	3	208	1.49	309.92	True	exact	True
multfs	03	016	1back	1	188	1.49	280.12	True	exact	True
multfs	03	016	ctxdm	1	184	1.49	274.16	True	exact	True
multfs	03	016	ctxdm	2	184	1.49	274.16	True	exact	True
multfs	03	016	dms	1	128	1.49	190.72	True	exact	True
multfs	03	016	interdms	1	208	1.49	309.92	True	exact	True
multfs	03	016	interdms	2	208	1.49	309.92	True	exact	True
multfs	03	016	interdms	3	208	1.49	309.92	True	exact	True
multfs	05	001	1back	1	188	1.49	280.12	True	exact	True
multfs	05	001	ctxdm	1	184	1.49	274.16	True	exact	True
multfs	05	001	ctxdm	2	184	1.49	274.16	True	exact	True
multfs	05	001	dms	1	128	1.49	190.72	True	exact	True
multfs	05	001	interdms	1	208	1.49	309.92	True	exact	True
multfs	05	001	interdms	2	208	1.49	309.92	True	exact	True
multfs	05	001	interdms	3	208	1.49	309.92	True	exact	True
multfs	05	002	1back	1	188	1.49	280.12	True	exact	True
multfs	05	002	ctxdm	1	184	1.49	274.16	True	exact	True
multfs	05	002	ctxdm	2	184	1.49	274.16	True	exact	True
multfs	05	002	dms	1	128	1.49	190.72	True	exact	True
multfs	05	002	interdms	1	208	1.49	309.92	True	exact	True
multfs	05	002	interdms	2	208	1.49	309.92	True	exact	True
multfs	05	002	interdms	3	208	1.49	309.92	True	exact	True
multfs	05	003	1back	1	188	1.49	280.12	True	exact	False
multfs	05	003	ctxdm	1	184	1.49	274.16	True	exact	False
multfs	05	003	ctxdm	2	184	1.49	274.16	True	exact	False
multfs	05	003	dms	1	128	1.49	190.72	True	exact	False
multfs	05	003	interdms	1	208	1.49	309.92	True	exact	False
multfs	05	003	interdms	2	208	1.49	309.92	True	exact	False
multfs	05	003	interdms	3	208	1.49	309.92	True	exact	False
multfs	05	004	1back	1	188	1.49	280.12	True	exact	False
multfs	05	004	ctxdm	1	184	1.49	274.16	True	exact	False
multfs	05	004	ctxdm	2	184	1.49	274.16	True	exact	False
multfs	05	004	dms	1	128	1.49	190.72	True	exact	False
multfs	05	004	interdms	1	208	1.49	309.92	True	exact	False
multfs	05	004	interdms	2	208	1.49	309.92	True	exact	False
multfs	05	004	interdms	3	208	1.49	309.92	True	exact	False
multfs	05	005	1back	1	188	1.49	280.12	True	exact	False
multfs	05	005	ctxdm	1	184	1.49	274.16	True	exact	False
multfs	05	005	ctxdm	2	184	1.49	274.16	True	exact	False
multfs	05	005	dms	1	128	1.49	190.72	True	exact	False
multfs	05	005	interdms	1	208	1.49	309.92	True	exact	False
multfs	05	005	interdms	2	208	1.49	309.92	True	exact	False
multfs	05	005	interdms	3	208	1.49	309.92	True	exact	False
multfs	05	006	1back	1	188	1.49	280.12	True	exact	False
multfs	05	006	ctxdm	1	184	1.49	274.16	True	exact	False
multfs	05	006	ctxdm	2	184	1.49	274.16	True	exact	False
multfs	05	006	dms	1	128	1.49	190.72	True	exact	False
multfs	05	006	interdms	1	208	1.49	309.92	True	exact	False
multfs	05	006	interdms	2	208	1.49	309.92	True	exact	False
multfs	05	006	interdms	3	208	1.49	309.92	True	exact	False
multfs	05	007	1back	1	188	1.49	280.12	True	exact	False
multfs	05	007	ctxdm	1	184	1.49	274.16	True	exact	False
multfs	05	007	ctxdm	2	184	1.49	274.16	True	exact	False
multfs	05	007	dms	1	128	1.49	190.72	True	exact	False
multfs	05	007	interdms	1	208	1.49	309.92	True	exact	False
multfs	05	007	interdms	2	208	1.49	309.92	True	exact	False
multfs	05	007	interdms	3	208	1.49	309.92	True	exact	False
multfs	05	008	1back	1	188	1.49	280.12	True	exact	False
multfs	05	008	ctxdm	1	184	1.49	274.16	True	exact	False
multfs	05	008	ctxdm	2	184	1.49	274.16	True	exact	False
multfs	05	008	dms	1	128	1.49	190.72	True	exact	False
multfs	05	008	interdms	1	208	1.49	309.92	True	exact	False
multfs	05	008	interdms	2	208	1.49	309.92	True	exact	False
multfs	05	008	interdms	3	208	1.49	309.92	True	exact	False
multfs	05	009	1back	1	188	1.49	280.12	True	exact	False
multfs	05	009	ctxdm	1	184	1.49	274.16	True	exact	False
multfs	05	009	ctxdm	2	184	1.49	274.16	True	exact	False
multfs	05	009	dms	1	128	1.49	190.72	True	exact	False
multfs	05	009	interdms	1	208	1.49	309.92	True	exact	False
multfs	05	009	interdms	2	208	1.49	309.92	True	exact	False
multfs	05	009	interdms	3	208	1.49	309.92	True	exact	False
multfs	05	010	1back	1	188	1.49	280.12	True	exact	False
multfs	05	010	ctxdm	1	184	1.49	274.16	True	exact	False
multfs	05	010	ctxdm	2	184	1.49	274.16	True	exact	False
multfs	05	010	dms	1	128	1.49	190.72	True	exact	False
multfs	05	010	interdms	1	208	1.49	309.92	True	exact	False
multfs	05	010	interdms	2	208	1.49	309.92	True	exact	False
multfs	05	010	interdms	3	208	1.49	309.92	True	exact	False
multfs	05	011	1back	1	188	1.49	280.12	True	exact	False
multfs	05	011	ctxdm	1	184	1.49	274.16	True	exact	False
multfs	05	011	ctxdm	2	184	1.49	274.16	True	exact	False
multfs	05	011	dms	1	128	1.49	190.72	True	exact	False
multfs	05	011	interdms	1	208	1.49	309.92	True	exact	False
multfs	05	011	interdms	2	208	1.49	309.92	True	exact	False
multfs	05	011	interdms	3	208	1.49	309.92	True	exact	False
multfs	05	012	1back	1	188	1.49	280.12	True	exact	False
multfs	05	012	ctxdm	1	184	1.49	274.16	True	exact	False
multfs	05	012	ctxdm	2	184	1.49	274.16	True	exact	False
multfs	05	012	dms	1	128	1.49	190.72	True	exact	False
multfs	05	012	interdms	1	208	1.49	309.92	True	exact	False
multfs	05	012	interdms	2	208	1.49	309.92	True	exact	False
multfs	05	012	interdms	3	208	1.49	309.92	True	exact	False
multfs	05	013	1back	1	188	1.49	280.12	True	exact	False
multfs	05	013	ctxdm	1	184	1.49	274.16	True	exact	False
multfs	05	013	ctxdm	2	184	1.49	274.16	True	exact	False
multfs	05	013	dms	1	128	1.49	190.72	True	exact	False
multfs	05	013	interdms	1	208	1.49	309.92	True	exact	False
multfs	05	013	interdms	2	208	1.49	309.92	True	exact	False
multfs	05	013	interdms	3	208	1.49	309.92	True	exact	False
multfs	05	014	1back	1	188	1.49	280.12	True	exact	False
multfs	05	014	ctxdm	1	184	1.49	274.16	True	exact	False
multfs	05	014	ctxdm	2	184	1.49	274.16	True	exact	False
multfs	05	014	dms	1	128	1.49	190.72	True	exact	False
multfs	05	014	interdms	1	208	1.49	309.92	True	exact	False
multfs	05	014	interdms	2	208	1.49	309.92	True	exact	False
multfs	05	014	interdms	3	208	1.49	309.92	True	exact	False
multfs	05	015	1back	1	188	1.49	280.12	True	exact	False
multfs	05	015	ctxdm	1	184	1.49	274.16	True	exact	False
multfs	05	015	ctxdm	2	184	1.49	274.16	True	exact	False
multfs	05	015	dms	1	128	1.49	190.72	True	exact	False
multfs	05	015	interdms	1	208	1.49	309.92	True	exact	False
multfs	05	015	interdms	2	208	1.49	309.92	True	exact	False
multfs	05	015	interdms	3	208	1.49	309.92	True	exact	False
multfs	05	016	1back	1	188	1.49	280.12	True	exact	False
multfs	05	016	ctxdm	1	184	1.49	274.16	True	exact	False
multfs	05	016	ctxdm	2	184	1.49	274.16	True	exact	False
multfs	05	016	dms	1	128	1.49	190.72	True	exact	False
multfs	05	016	interdms	1	208	1.49	309.92	True	exact	False
multfs	05	016	interdms	2	208	1.49	309.92	True	exact	False
multfs	05	016	interdms	3	208	1.49	309.92	True	exact	False
multfs	06	001	1back	1	188	1.49	280.12	True	exact	True
multfs	06	001	ctxdm	1	184	1.49	274.16	True	exact	True
multfs	06	001	ctxdm	2	184	1.49	274.16	True	exact	True
multfs	06	001	dms	1	128	1.49	190.72	True	exact	True
multfs	06	001	interdms	1	208	1.49	309.92	True	exact	True
multfs	06	001	interdms	2	208	1.49	309.92	True	exact	True
multfs	06	001	interdms	3	208	1.49	309.92	True	exact	True
multfs	06	002	1back	1	188	1.49	280.12	True	exact	True
multfs	06	002	ctxdm	1	184	1.49	274.16	True	exact	True
multfs	06	002	ctxdm	2	184	1.49	274.16	True	exact	True
multfs	06	002	dms	1	128	1.49	190.72	True	exact	True
multfs	06	002	interdms	1	208	1.49	309.92	True	exact	True
multfs	06	002	interdms	2	208	1.49	309.92	True	exact	True
multfs	06	002	interdms	3	208	1.49	309.92	True	exact	True
multfs	06	003	1back	1	188	1.49	280.12	True	exact	True
multfs	06	003	ctxdm	1	184	1.49	274.16	True	exact	True
multfs	06	003	ctxdm	2	184	1.49	274.16	True	exact	True
multfs	06	003	dms	1	128	1.49	190.72	True	exact	True
multfs	06	003	interdms	1	208	1.49	309.92	True	exact	True
multfs	06	003	interdms	2	208	1.49	309.92	True	exact	True
multfs	06	003	interdms	3	208	1.49	309.92	True	exact	True
multfs	06	004	1back	1	188	1.49	280.12	True	exact	True
multfs	06	004	ctxdm	1	184	1.49	274.16	True	exact	True
multfs	06	004	ctxdm	2	184	1.49	274.16	True	exact	True
multfs	06	004	dms	1	128	1.49	190.72	True	exact	True
multfs	06	004	interdms	1	208	1.49	309.92	True	exact	True
multfs	06	004	interdms	2	208	1.49	309.92	True	exact	True
multfs	06	004	interdms	3	208	1.49	309.92	True	exact	True
multfs	06	005	1back	1	188	1.49	280.12	True	exact	False
multfs	06	005	ctxdm	1	184	1.49	274.16	True	exact	False
multfs	06	005	ctxdm	2	184	1.49	274.16	True	exact	False
multfs	06	005	dms	1	128	1.49	190.72	True	exact	False
multfs	06	005	interdms	1	208	1.49	309.92	True	exact	False
multfs	06	005	interdms	2	208	1.49	309.92	True	exact	False
multfs	06	005	interdms	3	208	1.49	309.92	True	exact	False
multfs	06	006	1back	1	188	1.49	280.12	True	exact	True
multfs	06	006	ctxdm	1	184	1.49	274.16	True	exact	True
multfs	06	006	ctxdm	2	184	1.49	274.16	True	exact	True
multfs	06	006	dms	1	128	1.49	190.72	True	exact	True
multfs	06	006	interdms	1	208	1.49	309.92	True	exact	True
multfs	06	006	interdms	2	208	1.49	309.92	True	exact	True
multfs	06	006	interdms	3	208	1.49	309.92	True	exact	True
multfs	06	007	1back	1	188	1.49	280.12	True	exact	True
multfs	06	007	ctxdm	1	184	1.49	274.16	True	exact	True
multfs	06	007	ctxdm	2	184	1.49	274.16	True	exact	True
multfs	06	007	dms	1	128	1.49	190.72	True	exact	True
multfs	06	007	interdms	1	208	1.49	309.92	True	exact	True
multfs	06	007	interdms	2	208	1.49	309.92	True	exact	True
multfs	06	007	interdms	3	208	1.49	309.92	True	exact	True
multfs	06	008	1back	1	188	1.49	280.12	True	exact	True
multfs	06	008	ctxdm	1	184	1.49	274.16	True	exact	True
multfs	06	008	ctxdm	2	184	1.49	274.16	True	exact	True
multfs	06	008	dms	1	128	1.49	190.72	True	exact	True
multfs	06	008	interdms	1	208	1.49	309.92	True	exact	True
multfs	06	008	interdms	2	208	1.49	309.92	True	exact	True
multfs	06	008	interdms	3	208	1.49	309.92	True	exact	True
multfs	06	009	1back	1	188	1.49	280.12	True	exact	True
multfs	06	009	ctxdm	1	184	1.49	274.16	True	exact	True
multfs	06	009	ctxdm	2	184	1.49	274.16	True	exact	True
multfs	06	009	dms	1	128	1.49	190.72	True	exact	True
multfs	06	009	interdms	1	208	1.49	309.92	True	exact	True
multfs	06	009	interdms	2	208	1.49	309.92	True	exact	True
multfs	06	009	interdms	3	208	1.49	309.92	True	exact	True
multfs	06	010	1back	1	188	1.49	280.12	True	exact	True
multfs	06	010	ctxdm	1	184	1.49	274.16	True	exact	True
multfs	06	010	ctxdm	2	184	1.49	274.16	True	exact	True
multfs	06	010	dms	1	128	1.49	190.72	True	exact	True
multfs	06	010	interdms	1	208	1.49	309.92	True	exact	True
multfs	06	010	interdms	2	208	1.49	309.92	True	exact	True
multfs	06	010	interdms	3	208	1.49	309.92	True	exact	True
multfs	06	011	1back	1	188	1.49	280.12	True	exact	True
multfs	06	011	ctxdm	1	184	1.49	274.16	True	exact	True
multfs	06	011	ctxdm	2	184	1.49	274.16	True	exact	True
multfs	06	011	dms	1	128	1.49	190.72	True	exact	True
multfs	06	011	interdms	1	208	1.49	309.92	True	exact	True
multfs	06	011	interdms	2	208	1.49	309.92	True	exact	True
multfs	06	011	interdms	3	208	1.49	309.92	True	exact	True
multfs	06	012	1back	1	188	1.49	280.12	True	exact	True
multfs	06	012	ctxdm	1	184	1.49	274.16	True	exact	True
multfs	06	012	ctxdm	2	184	1.49	274.16	True	exact	True
multfs	06	012	dms	1	128	1.49	190.72	True	exact	True
multfs	06	012	interdms	1	208	1.49	309.92	True	exact	True
multfs	06	012	interdms	2	208	1.49	309.92	True	exact	True
multfs	06	012	interdms	3	208	1.49	309.92	True	exact	True
multfs	06	013	1back	1	188	1.49	280.12	True	exact	True
multfs	06	013	ctxdm	1	184	1.49	274.16	True	exact	True
multfs	06	013	ctxdm	2	184	1.49	274.16	True	exact	True
multfs	06	013	dms	1	128	1.49	190.72	True	exact	True
multfs	06	013	interdms	1	208	1.49	309.92	True	exact	True
multfs	06	013	interdms	2	208	1.49	309.92	True	exact	True
multfs	06	013	interdms	3	208	1.49	309.92	True	exact	True
multfs	06	014	1back	1	188	1.49	280.12	True	exact	True
multfs	06	014	ctxdm	1	184	1.49	274.16	True	exact	True
multfs	06	014	ctxdm	2	184	1.49	274.16	True	exact	True
multfs	06	014	dms	1	128	1.49	190.72	True	exact	True
multfs	06	014	interdms	1	208	1.49	309.92	True	exact	True
multfs	06	014	interdms	2	208	1.49	309.92	True	exact	True
multfs	06	014	interdms	3	208	1.49	309.92	True	exact	True
multfs	06	015	1back	1	188	1.49	280.12	True	exact	True
multfs	06	015	ctxdm	1	184	1.49	274.16	True	exact	True
multfs	06	015	ctxdm	2	184	1.49	274.16	True	exact	True
multfs	06	015	dms	1	128	1.49	190.72	True	exact	True
multfs	06	015	interdms	1	208	1.49	309.92	True	exact	True
multfs	06	015	interdms	2	208	1.49	309.92	True	exact	True
multfs	06	015	interdms	3	208	1.49	309.92	True	exact	True
multfs	06	016	1back	1	188	1.49	280.12	True	exact	True
multfs	06	016	ctxdm	1	184	1.49	274.16	True	exact	True
multfs	06	016	ctxdm	2	184	1.49	274.16	True	exact	True
multfs	06	016	dms	1	128	1.49	190.72	True	exact	True
multfs	06	016	interdms	1	208	1.49	309.92	True	exact	True
multfs	06	016	interdms	2	208	1.49	309.92	True	exact	True
multfs	06	016	interdms	3	208	1.49	309.92	True	exact	True
mutemusic	01	001	mutemusic	1	455	1.49	677.95	True	exact	True
mutemusic	01	001	mutemusic	2	461	1.49	686.89	True	exact	True
mutemusic	01	001	mutemusic	3	434	1.49	646.66	True	exact	True
mutemusic	01	002	mutemusic	1	416	1.49	619.84	True	exact	True
mutemusic	01	002	mutemusic	2	459	1.49	683.91	True	exact	True
mutemusic	01	002	mutemusic	3	464	1.49	691.36	True	exact	True
mutemusic	01	003	mutemusic	1	459	1.49	683.91	True	exact	True
mutemusic	01	003	mutemusic	2	427	1.49	636.23	True	exact	True
mutemusic	01	003	mutemusic	3	457	1.49	680.93	True	exact	True
mutemusic	01	004	mutemusic	1	456	1.49	679.4399999999999	True	exact	True
mutemusic	01	004	mutemusic	2	448	1.49	667.52	True	exact	True
mutemusic	01	004	mutemusic	3	425	1.49	633.25	False	unmatched	True
mutemusic	01	005	mutemusic	1	432	1.49	643.68	True	exact	True
mutemusic	01	005	mutemusic	2	465	1.49	692.85	True	exact	True
mutemusic	01	005	mutemusic	3	445	1.49	663.05	True	exact	True
mutemusic	01	006	mutemusic	1	454	1.49	676.46	True	exact	True
mutemusic	01	006	mutemusic	2	423	1.49	630.27	True	exact	True
mutemusic	01	006	mutemusic	3	456	1.49	679.4399999999999	True	exact	True
mutemusic	02	001	mutemusic	1	455	1.49	677.95	True	exact	True
mutemusic	02	001	mutemusic	2	431	1.49	642.1899999999999	True	exact	True
mutemusic	02	001	mutemusic	3	437	1.49	651.13	True	exact	True
mutemusic	02	002	mutemusic	1	462	1.49	688.38	True	exact	True
mutemusic	02	002	mutemusic	2	446	1.49	664.54	True	exact	True
mutemusic	02	002	mutemusic	3	445	1.49	663.05	True	exact	True
mutemusic	02	002	mutemusic	4	440	1.49	655.6	True	exact	True
mutemusic	02	002	mutemusic	5	449	1.49	669.01	True	exact	True
mutemusic	02	002	mutemusic	6	445	1.49	663.05	True	exact	True
mutemusic	02	003	mutemusic	1	445	1.49	663.05	True	exact	True
mutemusic	02	003	mutemusic	2	437	1.49	651.13	True	exact	True
mutemusic	02	003	mutemusic	3	430	1.49	640.7	True	exact	True
mutemusic	02	004	mutemusic	1	446	1.49	664.54	True	exact	True
mutemusic	02	004	mutemusic	2	430	1.49	640.7	True	exact	True
mutemusic	02	004	mutemusic	3	445	1.49	663.05	True	exact	True
mutemusic	02	005	mutemusic	1	436	1.49	649.64	True	exact	True
mutemusic	02	005	mutemusic	2	454	1.49	676.46	True	exact	True
mutemusic	02	005	mutemusic	3	443	1.49	660.07	True	exact	True
mutemusic	03	001	mutemusic	1	441	1.49	657.09	True	exact	True
mutemusic	03	001	mutemusic	2	455	1.49	677.95	True	exact	True
mutemusic	03	001	mutemusic	3	433	1.49	645.17	True	exact	True
mutemusic	03	001	mutemusic	4	451	1.49	671.99	True	exact	True
mutemusic	03	001	mutemusic	5	406	1.49	604.9399999999999	False	unmatched	True
mutemusic	03	001	mutemusic	6	442	1.49	658.58	True	exact	True
mutemusic	03	002	mutemusic	1	439	1.49	654.11	True	exact	True
mutemusic	03	002	mutemusic	2	456	1.49	679.4399999999999	True	exact	True
mutemusic	03	002	mutemusic	3	429	1.49	639.21	True	exact	True
mutemusic	03	002	mutemusic	4	454	1.49	676.46	True	exact	True
mutemusic	03	002	mutemusic	5	407	1.49	606.43	True	exact	True
mutemusic	03	002	mutemusic	6	446	1.49	664.54	True	exact	True
mutemusic	03	003	mutemusic	1	439	1.49	654.11	True	exact	True
mutemusic	03	003	mutemusic	2	455	1.49	677.95	True	exact	True
mutemusic	03	003	mutemusic	3	431	1.49	642.1899999999999	True	exact	True
mutemusic	03	003	mutemusic	4	451	1.49	671.99	True	exact	True
mutemusic	03	003	mutemusic	5	406	1.49	604.9399999999999	True	exact	True
mutemusic	03	003	mutemusic	6	445	1.49	663.05	True	exact	True
mutemusic	05	001	mutemusic	1	451	1.49	671.99	True	exact	True
mutemusic	05	001	mutemusic	2	449	1.49	669.01	True	exact	True
mutemusic	05	001	mutemusic	3	456	1.49	679.4399999999999	True	exact	True
mutemusic	05	002	mutemusic	1	437	1.49	651.13	True	exact	True
mutemusic	05	002	mutemusic	2	475	1.49	707.75	True	exact	True
mutemusic	05	002	mutemusic	3	456	1.49	679.4399999999999	False	unmatched	True
mutemusic	05	002	mutemusic	4	472	1.49	703.28	False	unmatched	True
mutemusic	05	002	mutemusic	5	450	1.49	670.5	True	exact	True
mutemusic	05	002	mutemusic	6	437	1.49	651.13	True	exact	True
mutemusic	05	003	mutemusic	1	428	1.49	637.72	False	unmatched	True
mutemusic	05	003	mutemusic	2	462	1.49	688.38	True	exact	True
mutemusic	05	003	mutemusic	3	241	1.49	359.09	True	exact	True
mutemusic	05	004	mutemusic	1	473	1.49	704.77	True	exact	True
mutemusic	05	004	mutemusic	2	466	1.49	694.34	True	exact	True
mutemusic	05	004	mutemusic	3	433	1.49	645.17	True	exact	True
mutemusic	05	004	mutemusic	4	483	1.49	719.67	True	exact	True
mutemusic	05	004	mutemusic	5	188	1.49	280.12	True	exact	True
mutemusic	05	005	mutemusic	1	444	1.49	661.56	True	exact	True
mutemusic	05	005	mutemusic	2	426	1.49	634.74	True	exact	True
mutemusic	06	001	mutemusic	1	489	1.49	728.61	True	exact	True
mutemusic	06	001	mutemusic	2	435	1.49	648.15	True	exact	True
mutemusic	06	001	mutemusic	3	458	1.49	682.42	True	exact	True
mutemusic	06	002	mutemusic	1	442	1.49	658.58	False	unmatched	True
mutemusic	06	002	mutemusic	2	431	1.49	642.1899999999999	True	exact	True
mutemusic	06	002	mutemusic	3	453	1.49	674.97	True	exact	True
mutemusic	06	002	mutemusic	4	427	1.49	636.23	True	exact	True
mutemusic	06	002	mutemusic	5	452	1.49	673.48	True	exact	True
mutemusic	06	002	mutemusic	6	465	1.49	692.85	True	exact	True
mutemusic	06	003	mutemusic	4	424	1.49	631.76	True	exact	True
mutemusic	06	003	mutemusic	5	451	1.49	671.99	True	exact	True
mutemusic	06	003	mutemusic	6	466	1.49	694.34	True	exact	True
mutemusic	06	004	mutemusic	1	439	1.49	654.11	False	unmatched	True
mutemusic	06	004	mutemusic	2	427	1.49	636.23	True	exact	True
mutemusic	06	004	mutemusic	3	450	1.49	670.5	True	exact	True
mutemusic	06	004	mutemusic	4	430	1.49	640.7	True	exact	True
mutemusic	06	004	mutemusic	5	451	1.49	671.99	True	exact	True
mutemusic	06	004	mutemusic	6	463	1.49	689.87	True	exact	True
narratives	01	001	ForgotRecall		485	1.49	722.65	True	exact	True
narratives	01	001	ForgotRecency		226	1.49	336.74	True	exact	True
narratives	01	001	ForgotStory		570	1.49	849.3	True	exact	True
narratives	01	001	LucyRecall		364	1.49	542.36	True	exact	True
narratives	01	001	LucyRecency		300	1.49	447.0	True	exact	True
narratives	01	001	LucyStory		373	1.49	555.77	True	exact	True
narratives	01	002	BlackRecall		363	1.49	540.87	True	exact	True
narratives	01	002	BlackRecency		229	1.49	341.21	True	exact	True
narratives	01	002	BlackStory		546	1.49	813.54	True	exact	True
narratives	01	002	NotthefallintactRecall		254	1.49	378.46	True	exact	True
narratives	01	002	NotthefallintactRecency		191	1.49	284.59	True	exact	True
narratives	01	002	NotthefallintactStory		399	1.49	594.51	True	exact	True
narratives	01	003	ForgotRecall		319	1.49	475.31	True	exact	True
narratives	01	003	ForgotRecency		181	1.49	269.69	True	exact	True
narratives	01	003	ForgotStory		570	1.49	849.3	True	exact	True
narratives	01	003	LucyRecall		278	1.49	414.21999999999997	True	exact	True
narratives	01	003	LucyRecency		200	1.49	298.0	True	exact	True
narratives	01	003	LucyStory		373	1.49	555.77	True	exact	True
narratives	01	004	BlackRecall		365	1.49	543.85	True	exact	True
narratives	01	004	BlackRecency		217	1.49	323.33	True	exact	True
narratives	01	004	BlackStory		546	1.49	813.54	True	exact	True
narratives	01	004	NotthefallintactRecall		340	1.49	506.6	True	exact	True
narratives	01	004	NotthefallintactRecency		180	1.49	268.2	True	exact	True
narratives	01	004	NotthefallintactStory		399	1.49	594.51	True	exact	True
narratives	01	005	ForgotRecall		356	1.49	530.4399999999999	True	exact	True
narratives	01	005	ForgotRecency		174	1.49	259.26	True	exact	True
narratives	01	005	ForgotStory		570	1.49	849.3	True	exact	True
narratives	01	005	LucyRecall		304	1.49	452.96	True	exact	True
narratives	01	005	LucyRecency		189	1.49	281.61	True	exact	True
narratives	01	005	LucyStory		373	1.49	555.77	True	exact	True
narratives	01	006	BlackRecall		459	1.49	683.91	True	exact	True
narratives	01	006	BlackRecency		172	1.49	256.28	True	exact	True
narratives	01	006	BlackStory		546	1.49	813.54	True	exact	True
narratives	01	006	NotthefallintactRecall		393	1.49	585.57	True	exact	True
narratives	01	006	NotthefallintactRecency		187	1.49	278.63	True	exact	True
narratives	01	006	NotthefallintactStory		399	1.49	594.51	True	exact	True
narratives	01	007	PiemanRecall		304	1.49	452.96	True	exact	True
narratives	01	007	PiemanRecency		167	1.49	248.83	True	exact	True
narratives	01	007	PiemanStory		311	1.49	463.39	True	exact	True
narratives	01	007	SlumlordRecall		490	1.49	730.1	True	exact	True
narratives	01	007	SlumlordRecency		235	1.49	350.15	True	exact	True
narratives	01	007	SlumlordStory		633	1.49	943.17	True	exact	True
narratives	01	008	PrettymouthRecall		177	1.49	263.73	True	exact	False
narratives	01	008	PrettymouthRecency		236	1.49	351.64	True	exact	False
narratives	01	008	PrettymouthStory		487	1.49	725.63	True	exact	False
narratives	01	008	TunnelRecency		234	1.49	348.66	True	exact	False
narratives	01	008	Tunnelpart1Recall		198	1.49	295.02	True	exact	False
narratives	01	008	Tunnelpart1Story		511	1.49	761.39	True	exact	False
narratives	01	008	Tunnelpart2Recall		220	1.49	327.8	True	exact	False
narratives	01	008	Tunnelpart2Story		536	1.49	798.64	True	exact	False
narratives	01	009	PiemanRecall		231	1.49	344.19	True	exact	True
narratives	01	009	PiemanRecency		177	1.49	263.73	True	exact	True
narratives	01	009	PiemanStory		311	1.49	463.39	True	exact	True
narratives	01	009	SlumlordRecall		299	1.49	445.51	True	exact	True
narratives	01	009	SlumlordRecency		210	1.49	312.9	True	exact	True
narratives	01	009	SlumlordStory		633	1.49	943.17	True	exact	True
narratives	01	010	PrettymouthRecall		221	1.49	329.29	True	exact	False
narratives	01	010	PrettymouthRecency		223	1.49	332.27	True	exact	False
narratives	01	010	PrettymouthStory		487	1.49	725.63	True	exact	False
narratives	01	010	TunnelRecency		220	1.49	327.8	True	exact	False
narratives	01	010	Tunnelpart1Recall		213	1.49	317.37	True	exact	False
narratives	01	010	Tunnelpart1Story		511	1.49	761.39	True	exact	False
narratives	01	010	Tunnelpart2Recall		213	1.49	317.37	True	exact	False
narratives	01	010	Tunnelpart2Story		536	1.49	798.64	True	exact	False
narratives	01	011	PiemanRecall		299	1.49	445.51	True	exact	True
narratives	01	011	PiemanRecency		163	1.49	242.87	True	exact	True
narratives	01	011	PiemanStory		311	1.49	463.39	True	exact	True
narratives	01	011	SlumlordRecall		461	1.49	686.89	True	exact	True
narratives	01	011	SlumlordRecency		216	1.49	321.84	True	exact	True
narratives	01	011	SlumlordStory		633	1.49	943.17	True	exact	True
narratives	01	012	PrettymouthRecall		340	1.49	506.6	True	exact	False
narratives	01	012	PrettymouthRecency		221	1.49	329.29	True	exact	False
narratives	01	012	PrettymouthStory		487	1.49	725.63	True	exact	False
narratives	01	012	TunnelRecency		199	1.49	296.51	True	exact	False
narratives	01	012	Tunnelpart1Recall		289	1.49	430.61	True	exact	False
narratives	01	012	Tunnelpart1Story		511	1.49	761.39	True	exact	False
narratives	01	012	Tunnelpart2Recall		232	1.49	345.68	True	exact	False
narratives	01	012	Tunnelpart2Story		536	1.49	798.64	True	exact	False
narratives	02	001	ForgotRecall		81	1.49	120.69	True	exact	True
narratives	02	001	ForgotRecency		129	1.49	192.21	True	exact	True
narratives	02	001	ForgotStory		570	1.49	849.3	True	exact	True
narratives	02	001	LucyRecall		57	1.49	84.92999999999999	True	exact	True
narratives	02	001	LucyRecency		137	1.49	204.13	True	exact	True
narratives	02	001	LucyStory		373	1.49	555.77	True	exact	True
narratives	02	002	BlackRecall		100	1.49	149.0	True	exact	True
narratives	02	002	BlackRecency		149	1.49	222.01	True	exact	True
narratives	02	002	BlackStory		546	1.49	813.54	True	exact	True
narratives	02	002	NotthefallintactRecall		123	1.49	183.27	True	exact	True
narratives	02	002	NotthefallintactRecency		141	1.49	210.09	True	exact	True
narratives	02	002	NotthefallintactStory		399	1.49	594.51	True	exact	True
narratives	02	003	ForgotRecall		140	1.49	208.6	True	exact	True
narratives	02	003	ForgotRecency		136	1.49	202.64	True	exact	True
narratives	02	003	ForgotStory		570	1.49	849.3	True	exact	True
narratives	02	003	LucyRecall		134	1.49	199.66	True	exact	True
narratives	02	003	LucyRecency		141	1.49	210.09	True	exact	True
narratives	02	003	LucyStory		373	1.49	555.77	True	exact	True
narratives	02	004	BlackRecall		107	1.49	159.43	True	exact	True
narratives	02	004	BlackRecency		147	1.49	219.03	True	exact	True
narratives	02	004	BlackStory		546	1.49	813.54	True	exact	True
narratives	02	004	NotthefallintactRecall		186	1.49	277.14	True	exact	True
narratives	02	004	NotthefallintactRecency		139	1.49	207.10999999999999	True	exact	True
narratives	02	004	NotthefallintactStory		399	1.49	594.51	True	exact	True
narratives	02	005	ForgotRecall		88	1.49	131.12	True	exact	True
narratives	02	005	ForgotRecency		147	1.49	219.03	True	exact	True
narratives	02	005	ForgotStory		570	1.49	849.3	True	exact	True
narratives	02	005	LucyRecall		169	1.49	251.81	True	exact	True
narratives	02	005	LucyRecency		139	1.49	207.10999999999999	True	exact	True
narratives	02	005	LucyStory		373	1.49	555.77	True	exact	True
narratives	02	006	BlackRecall		117	1.49	174.33	True	exact	True
narratives	02	006	BlackRecency		132	1.49	196.68	True	exact	True
narratives	02	006	BlackStory		546	1.49	813.54	True	exact	True
narratives	02	006	NotthefallintactRecall		130	1.49	193.7	True	exact	True
narratives	02	006	NotthefallintactRecency		135	1.49	201.15	True	exact	True
narratives	02	006	NotthefallintactStory		399	1.49	594.51	True	exact	True
narratives	02	007	PiemanRecall		80	1.49	119.2	True	exact	True
narratives	02	007	PiemanRecency		152	1.49	226.48	True	exact	True
narratives	02	007	PiemanStory		311	1.49	463.39	True	exact	True
narratives	02	007	SlumlordRecall		140	1.49	208.6	True	exact	True
narratives	02	007	SlumlordRecency		156	1.49	232.44	True	exact	True
narratives	02	007	SlumlordStory		633	1.49	943.17	True	exact	True
narratives	02	008	PrettymouthRecall		57	1.49	84.92999999999999	True	exact	True
narratives	02	008	PrettymouthRecency		139	1.49	207.10999999999999	True	exact	True
narratives	02	008	PrettymouthStory		487	1.49	725.63	True	exact	True
narratives	02	008	TunnelRecency		168	1.49	250.32	True	exact	True
narratives	02	008	Tunnelpart1Recall		90	1.49	134.1	True	exact	True
narratives	02	008	Tunnelpart1Story		511	1.49	761.39	True	exact	True
narratives	02	008	Tunnelpart2Recall		148	1.49	220.52	True	exact	True
narratives	02	008	Tunnelpart2Story		536	1.49	798.64	True	exact	True
narratives	02	009	PiemanRecall		79	1.49	117.71	True	exact	True
narratives	02	009	PiemanRecency		143	1.49	213.07	True	exact	True
narratives	02	009	PiemanStory		311	1.49	463.39	True	exact	True
narratives	02	009	SlumlordRecall		155	1.49	230.95	True	exact	True
narratives	02	009	SlumlordRecency		151	1.49	224.99	True	exact	True
narratives	02	009	SlumlordStory		633	1.49	943.17	True	exact	True
narratives	02	010	PrettymouthRecall		108	1.49	160.92	True	exact	True
narratives	02	010	PrettymouthRecency		160	1.49	238.4	True	exact	True
narratives	02	010	PrettymouthStory		487	1.49	725.63	True	exact	True
narratives	02	010	TunnelRecency		157	1.49	233.93	True	exact	True
narratives	02	010	Tunnelpart1Recall		93	1.49	138.57	True	exact	True
narratives	02	010	Tunnelpart1Story		511	1.49	761.39	True	exact	True
narratives	02	010	Tunnelpart2Recall		172	1.49	256.28	True	exact	True
narratives	02	010	Tunnelpart2Story		536	1.49	798.64	True	exact	True
narratives	02	011	PiemanRecall		86	1.49	128.14	True	exact	True
narratives	02	011	PiemanRecency		153	1.49	227.97	True	exact	True
narratives	02	011	PiemanStory		311	1.49	463.39	True	exact	True
narratives	02	011	SlumlordRecall		137	1.49	204.13	True	exact	True
narratives	02	011	SlumlordRecency		165	1.49	245.85	True	exact	True
narratives	02	011	SlumlordStory		633	1.49	943.17	True	exact	True
narratives	02	012	PrettymouthRecall		132	1.49	196.68	True	exact	True
narratives	02	012	PrettymouthRecency		166	1.49	247.34	True	exact	True
narratives	02	012	PrettymouthStory		487	1.49	725.63	True	exact	True
narratives	02	012	TunnelRecency		179	1.49	266.71	True	exact	True
narratives	02	012	Tunnelpart1Recall		135	1.49	201.15	True	exact	True
narratives	02	012	Tunnelpart1Story		511	1.49	761.39	True	exact	True
narratives	02	012	Tunnelpart2Recall		186	1.49	277.14	True	exact	True
narratives	02	012	Tunnelpart2Story		536	1.49	798.64	True	exact	True
narratives	03	001	ForgotRecall		133	1.49	198.17	True	exact	True
narratives	03	001	ForgotRecency		171	1.49	254.79	True	exact	True
narratives	03	001	ForgotStory		570	1.49	849.3	True	exact	True
narratives	03	001	LucyRecall		146	1.49	217.54	True	exact	True
narratives	03	001	LucyRecency		166	1.49	247.34	True	exact	True
narratives	03	001	LucyStory		373	1.49	555.77	True	exact	True
narratives	03	002	BlackRecall		201	1.49	299.49	True	exact	True
narratives	03	002	BlackRecency		167	1.49	248.83	True	exact	True
narratives	03	002	BlackStory		546	1.49	813.54	True	exact	True
narratives	03	002	NotthefallintactRecall		223	1.49	332.27	True	exact	True
narratives	03	002	NotthefallintactRecency		151	1.49	224.99	True	exact	True
narratives	03	002	NotthefallintactStory		399	1.49	594.51	True	exact	True
narratives	03	003	ForgotRecall		215	1.49	320.35	True	exact	True
narratives	03	003	ForgotRecency		176	1.49	262.24	True	exact	True
narratives	03	003	ForgotStory		570	1.49	849.3	True	exact	True
narratives	03	003	LucyRecall		202	1.49	300.98	True	exact	True
narratives	03	003	LucyRecency		183	1.49	272.67	True	exact	True
narratives	03	003	LucyStory		373	1.49	555.77	True	exact	True
narratives	03	004	BlackRecall		221	1.49	329.29	True	exact	True
narratives	03	004	BlackRecency		168	1.49	250.32	True	exact	True
narratives	03	004	BlackStory		546	1.49	813.54	True	exact	True
narratives	03	004	NotthefallintactRecall		224	1.49	333.76	True	exact	True
narratives	03	004	NotthefallintactRecency		146	1.49	217.54	True	exact	True
narratives	03	004	NotthefallintactStory		399	1.49	594.51	True	exact	True
narratives	03	005	ForgotRecall		240	1.49	357.6	True	exact	True
narratives	03	005	ForgotRecency		155	1.49	230.95	True	exact	True
narratives	03	005	ForgotStory		570	1.49	849.3	True	exact	True
narratives	03	005	LucyRecall		181	1.49	269.69	True	exact	True
narratives	03	005	LucyRecency		160	1.49	238.4	True	exact	True
narratives	03	005	LucyStory		373	1.49	555.77	True	exact	True
narratives	03	006	BlackRecall		258	1.49	384.42	True	exact	True
narratives	03	006	BlackRecency		154	1.49	229.46	True	exact	True
narratives	03	006	BlackStory		546	1.49	813.54	True	exact	True
narratives	03	006	NotthefallintactRecall		240	1.49	357.6	True	exact	True
narratives	03	006	NotthefallintactRecency		148	1.49	220.52	True	exact	True
narratives	03	006	NotthefallintactStory		399	1.49	594.51	True	exact	True
narratives	03	007	PiemanRecall		219	1.49	326.31	True	exact	True
narratives	03	007	PiemanRecency		141	1.49	210.09	True	exact	True
narratives	03	007	PiemanStory		311	1.49	463.39	True	exact	True
narratives	03	007	SlumlordRecall		447	1.49	666.03	True	exact	True
narratives	03	007	SlumlordRecency		152	1.49	226.48	True	exact	True
narratives	03	007	SlumlordStory		633	1.49	943.17	True	exact	True
narratives	03	008	PrettymouthRecall		239	1.49	356.11	True	exact	False
narratives	03	008	PrettymouthRecency		166	1.49	247.34	True	exact	False
narratives	03	008	PrettymouthStory		487	1.49	725.63	True	exact	False
narratives	03	008	TunnelRecall1		339	1.49	505.11	True	exact	False
narratives	03	008	TunnelRecall2		316	1.49	470.84	True	exact	False
narratives	03	008	TunnelRecency		151	1.49	224.99	True	exact	False
narratives	03	008	Tunnelpart1Story		511	1.49	761.39	True	exact	False
narratives	03	008	Tunnelpart2Story		536	1.49	798.64	True	exact	False
narratives	03	009	PiemanRecall		287	1.49	427.63	True	exact	True
narratives	03	009	PiemanRecency		151	1.49	224.99	True	exact	True
narratives	03	009	PiemanStory		311	1.49	463.39	True	exact	True
narratives	03	009	SlumlordRecall		440	1.49	655.6	True	exact	True
narratives	03	009	SlumlordRecency		179	1.49	266.71	True	exact	True
narratives	03	009	SlumlordStory		633	1.49	943.17	True	exact	True
narratives	03	010	PrettymouthRecall		243	1.49	362.07	True	exact	False
narratives	03	010	PrettymouthRecency		152	1.49	226.48	True	exact	False
narratives	03	010	PrettymouthStory		487	1.49	725.63	True	exact	False
narratives	03	010	TunnelRecency		176	1.49	262.24	True	exact	False
narratives	03	010	Tunnelpart1Recall		373	1.49	555.77	True	exact	False
narratives	03	010	Tunnelpart1Story		511	1.49	761.39	True	exact	False
narratives	03	010	Tunnelpart2Recall		325	1.49	484.25	True	exact	False
narratives	03	010	Tunnelpart2Story		536	1.49	798.64	True	exact	False
narratives	03	011	PiemanRecall		259	1.49	385.91	True	exact	True
narratives	03	011	PiemanRecency		152	1.49	226.48	True	exact	True
narratives	03	011	PiemanStory		311	1.49	463.39	True	exact	True
narratives	03	011	SlumlordRecall		494	1.49	736.06	True	exact	True
narratives	03	011	SlumlordRecency		180	1.49	268.2	True	exact	True
narratives	03	011	SlumlordStory		633	1.49	943.17	True	exact	True
narratives	03	012	PrettymouthRecall		274	1.49	408.26	True	exact	False
narratives	03	012	PrettymouthRecency		161	1.49	239.89	True	exact	False
narratives	03	012	PrettymouthStory		487	1.49	725.63	True	exact	False
narratives	03	012	TunnelRecency		181	1.49	269.69	True	exact	False
narratives	03	012	Tunnelpart1Recall		333	1.49	496.17	True	exact	False
narratives	03	012	Tunnelpart1Story		511	1.49	761.39	True	exact	False
narratives	03	012	Tunnelpart2Recall		327	1.49	487.23	True	exact	False
narratives	03	012	Tunnelpart2Story		536	1.49	798.64	True	exact	False
narratives	05	001	ForgotRecall		72	1.49	107.28	True	exact	True
narratives	05	001	ForgotRecency		136	1.49	202.64	True	exact	True
narratives	05	001	ForgotStory		570	1.49	849.3	True	exact	True
narratives	05	001	LucyRecall		340	1.49	506.6	True	exact	True
narratives	05	001	LucyRecency		171	1.49	254.79	True	exact	True
narratives	05	001	LucyStory		373	1.49	555.77	True	exact	True
narratives	05	002	BlackRecall		86	1.49	128.14	True	exact	True
narratives	05	002	BlackRecency		130	1.49	193.7	True	exact	True
narratives	05	002	BlackStory		546	1.49	813.54	True	exact	True
narratives	05	002	NotthefallintactRecall		83	1.49	123.67	True	exact	True
narratives	05	002	NotthefallintactRecency		128	1.49	190.72	True	exact	True
narratives	05	002	NotthefallintactStory		399	1.49	594.51	True	exact	True
narratives	05	003	ForgotRecall		136	1.49	202.64	True	exact	True
narratives	05	003	ForgotRecency		133	1.49	198.17	True	exact	True
narratives	05	003	ForgotStory		570	1.49	849.3	True	exact	True
narratives	05	003	LucyRecall		75	1.49	111.75	True	exact	True
narratives	05	003	LucyRecency		140	1.49	208.6	True	exact	True
narratives	05	003	LucyStory		373	1.49	555.77	True	exact	True
narratives	05	004	BlackRecall		160	1.49	238.4	True	exact	True
narratives	05	004	BlackRecency		138	1.49	205.62	True	exact	True
narratives	05	004	BlackStory		546	1.49	813.54	True	exact	True
narratives	05	004	NotthefallintactRecall		167	1.49	248.83	True	exact	True
narratives	05	004	NotthefallintactRecency		143	1.49	213.07	True	exact	True
narratives	05	004	NotthefallintactStory		399	1.49	594.51	True	exact	True
narratives	05	005	ForgotRecall		101	1.49	150.49	True	exact	True
narratives	05	005	ForgotRecency		128	1.49	190.72	True	exact	True
narratives	05	005	ForgotStory		570	1.49	849.3	True	exact	True
narratives	05	005	LucyRecall		105	1.49	156.45	True	exact	True
narratives	05	005	LucyRecency		137	1.49	204.13	True	exact	True
narratives	05	005	LucyStory		373	1.49	555.77	True	exact	True
narratives	05	006	BlackRecall		255	1.49	379.95	True	exact	True
narratives	05	006	BlackRecency		135	1.49	201.15	True	exact	True
narratives	05	006	BlackStory		546	1.49	813.54	True	exact	True
narratives	05	006	NotthefallintactRecall		206	1.49	306.94	True	exact	True
narratives	05	006	NotthefallintactRecency		133	1.49	198.17	True	exact	True
narratives	05	006	NotthefallintactStory		399	1.49	594.51	True	exact	True
narratives	05	007	PiemanRecall		63	1.49	93.87	True	exact	True
narratives	05	007	PiemanStory		311	1.49	463.39	True	exact	True
narratives	05	007	SlumlordRecall		312	1.49	464.88	True	exact	True
narratives	05	007	SlumlordRecency		59	1.49	87.91	True	exact	True
narratives	05	007	SlumlordStory		633	1.49	943.17	True	exact	True
narratives	05	008	PrettymouthRecall		90	1.49	134.1	True	exact	True
narratives	05	008	PrettymouthRecency		133	1.49	198.17	True	exact	True
narratives	05	008	PrettymouthStory		487	1.49	725.63	True	exact	True
narratives	05	008	TunnelRecency		133	1.49	198.17	True	exact	True
narratives	05	008	Tunnelpart1Recall		219	1.49	326.31	True	exact	True
narratives	05	008	Tunnelpart1Story		511	1.49	761.39	True	exact	True
narratives	05	008	Tunnelpart2Recall		173	1.49	257.77	True	exact	True
narratives	05	008	Tunnelpart2Story		536	1.49	798.64	True	exact	True
narratives	05	009	PiemanRecall		229	1.49	341.21	True	exact	True
narratives	05	009	PiemanRecency		134	1.49	199.66	True	exact	True
narratives	05	009	PiemanStory		311	1.49	463.39	True	exact	True
narratives	05	009	SlumlordRecall		346	1.49	515.54	True	exact	True
narratives	05	009	SlumlordRecency		131	1.49	195.19	True	exact	True
narratives	05	009	SlumlordStory		633	1.49	943.17	True	exact	True
narratives	05	010	PrettymouthRecall		73	1.49	108.77	True	exact	True
narratives	05	010	PrettymouthRecency		130	1.49	193.7	True	exact	True
narratives	05	010	PrettymouthStory		487	1.49	725.63	True	exact	True
narratives	05	010	TunnelRecency		130	1.49	193.7	True	exact	True
narratives	05	010	Tunnelpart1Recall		163	1.49	242.87	True	exact	True
narratives	05	010	Tunnelpart1Story		511	1.49	761.39	True	exact	True
narratives	05	010	Tunnelpart2Recall		214	1.49	318.86	True	exact	True
narratives	05	010	Tunnelpart2Story		536	1.49	798.64	True	exact	True
narratives	05	011	PiemanRecall		232	1.49	345.68	True	exact	True
narratives	05	011	PiemanRecency		132	1.49	196.68	True	exact	True
narratives	05	011	PiemanStory		311	1.49	463.39	True	exact	True
narratives	05	011	SlumlordRecall		386	1.49	575.14	True	exact	True
narratives	05	011	SlumlordRecency		132	1.49	196.68	True	exact	True
narratives	05	011	SlumlordStory		633	1.49	943.17	True	exact	True
narratives	05	012	PrettymouthRecall		158	1.49	235.42	True	exact	True
narratives	05	012	PrettymouthRecency		160	1.49	238.4	True	exact	True
narratives	05	012	PrettymouthStory		487	1.49	725.63	True	exact	True
narratives	05	012	TunnelRecency		133	1.49	198.17	True	exact	True
narratives	05	012	Tunnelpart1Recall		195	1.49	290.55	True	exact	True
narratives	05	012	Tunnelpart1Story		511	1.49	761.39	True	exact	True
narratives	05	012	Tunnelpart2Recall		274	1.49	408.26	True	exact	True
narratives	05	012	Tunnelpart2Story		536	1.49	798.64	True	exact	True
narratives	06	001	ForgotRecall		228	1.49	339.71999999999997	True	exact	True
narratives	06	001	ForgotRecency		186	1.49	277.14	True	exact	True
narratives	06	001	ForgotStory		570	1.49	849.3	True	exact	True
narratives	06	001	LucyRecall		192	1.49	286.08	True	exact	True
narratives	06	001	LucyRecency		216	1.49	321.84	True	exact	True
narratives	06	001	LucyStory		373	1.49	555.77	True	exact	True
narratives	06	002	BlackRecall		494	1.49	736.06	True	exact	True
narratives	06	002	BlackRecency		165	1.49	245.85	True	exact	True
narratives	06	002	BlackStory		546	1.49	813.54	True	exact	True
narratives	06	002	NotthefallintactRecall		374	1.49	557.26	True	exact	True
narratives	06	002	NotthefallintactRecency		179	1.49	266.71	True	exact	True
narratives	06	002	NotthefallintactStory		399	1.49	594.51	True	exact	True
narratives	06	003	ForgotRecall		263	1.49	391.87	True	exact	True
narratives	06	003	ForgotRecency		170	1.49	253.3	True	exact	True
narratives	06	003	ForgotStory		570	1.49	849.3	True	exact	True
narratives	06	003	LucyRecall		364	1.49	542.36	True	exact	True
narratives	06	003	LucyRecency		161	1.49	239.89	True	exact	True
narratives	06	003	LucyStory		373	1.49	555.77	True	exact	True
narratives	06	004	BlackRecall		368	1.49	548.32	True	exact	True
narratives	06	004	BlackRecency		170	1.49	253.3	True	exact	True
narratives	06	004	BlackStory		546	1.49	813.54	True	exact	True
narratives	06	004	NotthefallintactRecall		354	1.49	527.46	True	exact	True
narratives	06	004	NotthefallintactRecency		172	1.49	256.28	True	exact	True
narratives	06	004	NotthefallintactStory		399	1.49	594.51	True	exact	True
narratives	06	005	ForgotRecall		231	1.49	344.19	True	exact	True
narratives	06	005	ForgotRecency		175	1.49	260.75	True	exact	True
narratives	06	005	ForgotStory		570	1.49	849.3	True	exact	True
narratives	06	005	LucyRecall		355	1.49	528.95	True	exact	True
narratives	06	005	LucyRecency		185	1.49	275.65	True	exact	True
narratives	06	005	LucyStory		373	1.49	555.77	True	exact	True
narratives	06	006	BlackRecall		314	1.49	467.86	True	exact	True
narratives	06	006	BlackRecency		160	1.49	238.4	True	exact	True
narratives	06	006	BlackStory		546	1.49	813.54	True	exact	True
narratives	06	006	NotthefallintactRecall		323	1.49	481.27	True	exact	True
narratives	06	006	NotthefallintactRecency		180	1.49	268.2	True	exact	True
narratives	06	006	NotthefallintactStory		399	1.49	594.51	True	exact	True
narratives	06	007	PiemanRecall		204	1.49	303.96	True	exact	True
narratives	06	007	PiemanRecency		172	1.49	256.28	True	exact	True
narratives	06	007	PiemanStory		311	1.49	463.39	True	exact	True
narratives	06	007	SlumlordRecall		454	1.49	676.46	True	exact	True
narratives	06	007	SlumlordRecency		500	1.49	745.0	True	exact	True
narratives	06	007	SlumlordStory		633	1.49	943.17	True	exact	True
narratives	06	008	PrettymouthRecall		216	1.49	321.84	True	exact	False
narratives	06	008	PrettymouthRecency		192	1.49	286.08	True	exact	False
narratives	06	008	PrettymouthStory		487	1.49	725.63	True	exact	False
narratives	06	008	TunnelRecency		209	1.49	311.41	True	exact	False
narratives	06	008	Tunnelpart1Recall		353	1.49	525.97	True	exact	False
narratives	06	008	Tunnelpart1Story		511	1.49	761.39	True	exact	False
narratives	06	008	Tunnelpart2Recall		189	1.49	281.61	True	exact	False
narratives	06	008	Tunnelpart2Story		536	1.49	798.64	True	exact	False
narratives	06	009	PiemanRecall		196	1.49	292.04	True	exact	True
narratives	06	009	PiemanRecency		151	1.49	224.99	True	exact	True
narratives	06	009	PiemanStory		311	1.49	463.39	True	exact	True
narratives	06	009	SlumlordRecall		500	1.49	745.0	True	exact	True
narratives	06	009	SlumlordRecency		188	1.49	280.12	True	exact	True
narratives	06	009	SlumlordStory		633	1.49	943.17	True	exact	True
narratives	06	010	PrettymouthRecall		188	1.49	280.12	True	exact	True
narratives	06	010	PrettymouthRecency		185	1.49	275.65	True	exact	True
narratives	06	010	PrettymouthStory		487	1.49	725.63	True	exact	True
narratives	06	010	TunnelRecency		183	1.49	272.67	True	exact	True
narratives	06	010	Tunnelpart1Recall		278	1.49	414.21999999999997	True	exact	True
narratives	06	010	Tunnelpart1Story		511	1.49	761.39	True	exact	True
narratives	06	010	Tunnelpart2Recall		177	1.49	263.73	True	exact	True
narratives	06	010	Tunnelpart2Story		536	1.49	798.64	True	exact	True
narratives	06	011	PiemanRecall		249	1.49	371.01	True	exact	True
narratives	06	011	PiemanRecency		143	1.49	213.07	True	exact	True
narratives	06	011	PiemanStory		311	1.49	463.39	True	exact	True
narratives	06	011	SlumlordRecall		500	1.49	745.0	True	exact	True
narratives	06	011	SlumlordRecency		177	1.49	263.73	True	exact	True
narratives	06	011	SlumlordStory		633	1.49	943.17	True	exact	True
narratives	06	012	PrettymouthRecall		188	1.49	280.12	True	exact	False
narratives	06	012	PrettymouthRecency		165	1.49	245.85	True	exact	False
narratives	06	012	PrettymouthStory		487	1.49	725.63	True	exact	False
narratives	06	012	TunnelRecency		192	1.49	286.08	True	exact	False
narratives	06	012	Tunnelpart1Recall		281	1.49	418.69	True	exact	False
narratives	06	012	Tunnelpart1Story		511	1.49	761.39	True	exact	False
narratives	06	012	Tunnelpart2Recall		209	1.49	311.41	True	exact	False
narratives	06	012	Tunnelpart2Story		536	1.49	798.64	True	exact	False
ood	01	001	chaplin1		432	1.49	643.68	False	unmatched	True
ood	01	001	chaplin2		405	1.49	603.45	False	unmatched	True
ood	01	001	mononoke1		423	1.49	630.27	False	unmatched	True
ood	01	001	mononoke2		426	1.49	634.74	False	unmatched	True
ood	01	001	passepartout1		422	1.49	628.78	False	unmatched	True
ood	01	001	passepartout2		436	1.49	649.64	False	unmatched	True
ood	01	002	planetearth1		433	1.49	645.17	False	unmatched	True
ood	01	002	planetearth2		418	1.49	622.82	False	unmatched	True
ood	01	002	pulpfiction1		468	1.49	697.32	False	unmatched	True
ood	01	002	pulpfiction2		378	1.49	563.22	False	unmatched	True
ood	01	002	wot1		353	1.49	525.97	False	unmatched	True
ood	01	002	wot2		324	1.49	482.76	False	unmatched	True
ood	02	001	chaplin1		432	1.49	643.68	False	unmatched	True
ood	02	001	chaplin2		405	1.49	603.45	False	unmatched	True
ood	02	001	mononoke1		423	1.49	630.27	False	unmatched	True
ood	02	001	mononoke2		426	1.49	634.74	False	unmatched	True
ood	02	001	passepartout1		422	1.49	628.78	False	unmatched	True
ood	02	001	passepartout2		436	1.49	649.64	False	unmatched	True
ood	02	002	planetearth1		433	1.49	645.17	False	unmatched	True
ood	02	002	planetearth2		418	1.49	622.82	False	unmatched	True
ood	02	002	pulpfiction1		468	1.49	697.32	False	unmatched	True
ood	02	002	pulpfiction2		378	1.49	563.22	False	unmatched	True
ood	02	002	wot1		353	1.49	525.97	False	unmatched	True
ood	02	002	wot2		324	1.49	482.76	False	unmatched	True
ood	03	001	chaplin1		432	1.49	643.68	False	unmatched	True
ood	03	001	chaplin2		405	1.49	603.45	False	unmatched	True
ood	03	001	mononoke1		423	1.49	630.27	False	unmatched	True
ood	03	001	mononoke2		426	1.49	634.74	False	unmatched	True
ood	03	001	passepartout1		422	1.49	628.78	False	unmatched	True
ood	03	001	passepartout2		436	1.49	649.64	False	unmatched	True
ood	03	002	planetearth1		433	1.49	645.17	False	unmatched	True
ood	03	002	planetearth2		418	1.49	622.82	False	unmatched	True
ood	03	002	pulpfiction1		468	1.49	697.32	False	unmatched	True
ood	03	002	pulpfiction2		378	1.49	563.22	False	unmatched	True
ood	03	002	wot1		353	1.49	525.97	False	unmatched	True
ood	03	002	wot2		324	1.49	482.76	False	unmatched	True
ood	05	001	chaplin1		432	1.49	643.68	False	unmatched	True
ood	05	001	chaplin2		405	1.49	603.45	False	unmatched	True
ood	05	001	mononoke1		423	1.49	630.27	False	unmatched	True
ood	05	001	mononoke2		426	1.49	634.74	False	unmatched	True
ood	05	002	passepartout1		422	1.49	628.78	False	unmatched	True
ood	05	002	passepartout2		436	1.49	649.64	False	unmatched	True
ood	05	002	planetearth1		433	1.49	645.17	False	unmatched	True
ood	05	002	planetearth2		418	1.49	622.82	False	unmatched	True
ood	05	002	pulpfiction1		468	1.49	697.32	False	unmatched	True
ood	05	002	pulpfiction2		378	1.49	563.22	False	unmatched	True
ood	05	002	wot1		353	1.49	525.97	False	unmatched	True
ood	05	002	wot2		324	1.49	482.76	False	unmatched	True
petit-prince	01	001	lppFR	1	420	1.49	625.8	True	exact	True
petit-prince	01	001	lppFR	2	443	1.49	660.07	True	exact	True
petit-prince	01	001	lppFR	3	480	1.49	715.2	True	exact	True
petit-prince	01	001	lppFR	4	428	1.49	637.72	True	exact	True
petit-prince	01	001	lppFR	5	399	1.49	594.51	True	exact	True
petit-prince	01	001	lppFR	6	512	1.49	762.88	True	exact	True
petit-prince	01	002	lppEN	1	381	1.49	567.6899999999999	True	exact	True
petit-prince	01	002	lppEN	2	403	1.49	600.47	True	exact	True
petit-prince	01	002	lppEN	3	459	1.49	683.91	True	exact	True
petit-prince	01	002	lppFR	7	451	1.49	671.99	True	exact	True
petit-prince	01	002	lppFR	8	400	1.49	596.0	True	exact	True
petit-prince	01	002	lppFR	9	457	1.49	680.93	True	exact	True
petit-prince	01	003	lppEN	4	410	1.49	610.9	True	exact	True
petit-prince	01	003	lppEN	5	359	1.49	534.91	True	exact	True
petit-prince	01	003	lppEN	6	464	1.49	691.36	True	exact	True
petit-prince	01	003	lppEN	7	440	1.49	655.6	True	exact	True
petit-prince	01	003	lppEN	8	395	1.49	588.55	True	exact	True
petit-prince	01	003	lppEN	9	497	1.49	740.53	True	exact	True
petit-prince	02	001	lppFR	1	420	1.49	625.8	True	exact	True
petit-prince	02	001	lppFR	2	443	1.49	660.07	True	exact	True
petit-prince	02	001	lppFR	3	480	1.49	715.2	True	exact	True
petit-prince	02	001	lppFR	4	428	1.49	637.72	True	exact	True
petit-prince	02	001	lppFR	5	399	1.49	594.51	True	exact	True
petit-prince	02	001	lppFR	6	512	1.49	762.88	True	exact	True
petit-prince	02	002	lppEN	1	381	1.49	567.6899999999999	True	exact	True
petit-prince	02	002	lppEN	2	403	1.49	600.47	True	exact	True
petit-prince	02	002	lppEN	3	459	1.49	683.91	True	exact	True
petit-prince	02	002	lppFR	7	451	1.49	671.99	True	exact	True
petit-prince	02	002	lppFR	8	400	1.49	596.0	True	exact	True
petit-prince	02	002	lppFR	9	457	1.49	680.93	True	exact	True
petit-prince	02	003	lppEN	4	410	1.49	610.9	True	exact	True
petit-prince	02	003	lppEN	5	359	1.49	534.91	True	exact	True
petit-prince	02	003	lppEN	6	464	1.49	691.36	True	exact	True
petit-prince	02	003	lppEN	7	440	1.49	655.6	True	exact	True
petit-prince	02	003	lppEN	8	395	1.49	588.55	True	exact	True
petit-prince	02	003	lppEN	9	497	1.49	740.53	True	exact	True
petit-prince	03	001	lppEN	1	381	1.49	567.6899999999999	True	exact	True
petit-prince	03	001	lppEN	2	403	1.49	600.47	True	exact	True
petit-prince	03	001	lppEN	3	459	1.49	683.91	True	exact	True
petit-prince	03	001	lppEN	4	410	1.49	610.9	True	exact	True
petit-prince	03	001	lppEN	5	359	1.49	534.91	True	exact	True
petit-prince	03	001	lppEN	6	464	1.49	691.36	True	exact	True
petit-prince	03	002	lppEN	7	440	1.49	655.6	True	exact	True
petit-prince	03	002	lppEN	8	395	1.49	588.55	True	exact	True
petit-prince	03	002	lppEN	9	497	1.49	740.53	True	exact	True
petit-prince	03	002	lppFR	1	420	1.49	625.8	True	exact	True
petit-prince	03	002	lppFR	2	443	1.49	660.07	True	exact	True
petit-prince	03	002	lppFR	3	480	1.49	715.2	True	exact	True
petit-prince	03	003	lppFR	4	428	1.49	637.72	True	exact	True
petit-prince	03	003	lppFR	5	399	1.49	594.51	True	exact	True
petit-prince	03	003	lppFR	6	512	1.49	762.88	True	exact	True
petit-prince	03	003	lppFR	7	451	1.49	671.99	True	exact	True
petit-prince	03	003	lppFR	8	400	1.49	596.0	True	exact	True
petit-prince	03	003	lppFR	9	457	1.49	680.93	True	exact	True
petit-prince	05	001	lppEN	1	381	1.49	567.6899999999999	True	exact	True
petit-prince	05	001	lppEN	2	403	1.49	600.47	True	exact	True
petit-prince	05	001	lppEN	3	459	1.49	683.91	True	exact	True
petit-prince	05	001	lppEN	4	410	1.49	610.9	True	exact	True
petit-prince	05	001	lppEN	5	359	1.49	534.91	True	exact	True
petit-prince	05	001	lppEN	6	464	1.49	691.36	True	exact	True
petit-prince	05	002	lppEN	7	440	1.49	655.6	True	exact	True
petit-prince	05	002	lppEN	8	395	1.49	588.55	True	exact	True
petit-prince	05	002	lppEN	9	497	1.49	740.53	True	exact	True
petit-prince	05	002	lppFR	1	420	1.49	625.8	True	exact	True
petit-prince	05	002	lppFR	2	443	1.49	660.07	True	exact	True
petit-prince	05	002	lppFR	3	480	1.49	715.2	True	exact	True
petit-prince	05	003	lppFR	4	428	1.49	637.72	True	exact	True
petit-prince	05	003	lppFR	5	399	1.49	594.51	True	exact	True
petit-prince	05	003	lppFR	6	512	1.49	762.88	True	exact	True
petit-prince	05	003	lppFR	7	451	1.49	671.99	True	exact	True
petit-prince	05	003	lppFR	8	400	1.49	596.0	True	exact	True
petit-prince	05	003	lppFR	9	457	1.49	680.93	True	exact	True
petit-prince	06	001	lppEN	1	381	1.49	567.6899999999999	True	exact	True
petit-prince	06	001	lppEN	2	403	1.49	600.47	True	exact	True
petit-prince	06	001	lppEN	3	459	1.49	683.91	True	exact	True
petit-prince	06	001	lppEN	4	410	1.49	610.9	True	exact	True
petit-prince	06	001	lppEN	5	359	1.49	534.91	True	exact	True
petit-prince	06	002	lppEN	6	464	1.49	691.36	True	exact	True
petit-prince	06	002	lppEN	7	440	1.49	655.6	True	exact	True
petit-prince	06	002	lppEN	8	395	1.49	588.55	True	exact	True
petit-prince	06	002	lppEN	9	497	1.49	740.53	True	exact	True
petit-prince	06	002	lppFR	1	420	1.49	625.8	True	exact	True
petit-prince	06	002	lppFR	2	443	1.49	660.07	True	exact	True
petit-prince	06	003	lppFR	3	480	1.49	715.2	True	exact	True
petit-prince	06	003	lppFR	4	428	1.49	637.72	True	exact	True
petit-prince	06	003	lppFR	5	399	1.49	594.51	True	exact	True
petit-prince	06	003	lppFR	6	512	1.49	762.88	True	exact	True
petit-prince	06	003	lppFR	7	451	1.49	671.99	True	exact	True
retinotopy	01	001	bars		202	1.49	300.98	True	exact	True
retinotopy	01	001	rings		202	1.49	300.98	True	exact	True
retinotopy	01	001	wedges		202	1.49	300.98	True	exact	True
retinotopy	01	002	bars		202	1.49	300.98	True	exact	True
retinotopy	01	002	rings		202	1.49	300.98	True	exact	True
retinotopy	01	002	wedges		202	1.49	300.98	True	exact	True
retinotopy	01	003	bars		202	1.49	300.98	True	exact	True
retinotopy	01	003	rings		202	1.49	300.98	True	exact	True
retinotopy	01	003	wedges		202	1.49	300.98	True	exact	True
retinotopy	01	004	bars		202	1.49	300.98	True	exact	True
retinotopy	01	004	rings		202	1.49	300.98	True	exact	True
retinotopy	01	004	wedges		202	1.49	300.98	True	exact	True
retinotopy	01	005	bars		202	1.49	300.98	True	exact	True
retinotopy	01	005	rings		202	1.49	300.98	True	exact	True
retinotopy	01	005	wedges		202	1.49	300.98	True	exact	True
retinotopy	01	006	bars		202	1.49	300.98	True	exact	True
retinotopy	01	006	rings		202	1.49	300.98	True	exact	True
retinotopy	01	006	wedges		202	1.49	300.98	True	exact	True
retinotopy	02	001	bars		202	1.49	300.98	True	exact	True
retinotopy	02	001	rings		202	1.49	300.98	True	exact	True
retinotopy	02	001	wedges		202	1.49	300.98	True	exact	True
retinotopy	02	002	bars		202	1.49	300.98	True	exact	True
retinotopy	02	002	rings		202	1.49	300.98	True	exact	True
retinotopy	02	002	wedges		202	1.49	300.98	True	exact	True
retinotopy	02	003	bars		202	1.49	300.98	True	exact	True
retinotopy	02	003	rings		202	1.49	300.98	True	exact	True
retinotopy	02	003	wedges		202	1.49	300.98	True	exact	True
retinotopy	02	004	bars		202	1.49	300.98	True	exact	True
retinotopy	02	004	rings		202	1.49	300.98	True	exact	True
retinotopy	02	004	wedges		202	1.49	300.98	True	exact	True
retinotopy	02	005	bars		202	1.49	300.98	True	exact	True
retinotopy	02	005	rings		202	1.49	300.98	True	exact	True
retinotopy	02	005	wedges		202	1.49	300.98	True	exact	True
retinotopy	02	006	bars		202	1.49	300.98	True	exact	True
retinotopy	02	006	rings		202	1.49	300.98	True	exact	True
retinotopy	02	006	wedges		202	1.49	300.98	True	exact	True
retinotopy	03	002	bars		202	1.49	300.98	True	exact	True
retinotopy	03	002	rings		202	1.49	300.98	True	exact	True
retinotopy	03	002	wedges		202	1.49	300.98	True	exact	True
retinotopy	03	003	bars		202	1.49	300.98	True	exact	True
retinotopy	03	003	rings		202	1.49	300.98	True	exact	True
retinotopy	03	003	wedges		202	1.49	300.98	True	exact	True
retinotopy	03	004	bars		202	1.49	300.98	True	exact	True
retinotopy	03	004	rings		202	1.49	300.98	True	exact	True
retinotopy	03	004	wedges		202	1.49	300.98	True	exact	True
retinotopy	03	005	bars		202	1.49	300.98	True	exact	True
retinotopy	03	005	rings		202	1.49	300.98	True	exact	True
retinotopy	03	005	wedges		202	1.49	300.98	True	exact	True
retinotopy	03	006	bars		202	1.49	300.98	True	exact	True
retinotopy	03	006	rings		202	1.49	300.98	True	exact	True
retinotopy	03	006	wedges		202	1.49	300.98	True	exact	True
retinotopy	05	001	bars		202	1.49	300.98	True	exact	True
retinotopy	05	001	rings		202	1.49	300.98	True	exact	True
retinotopy	05	001	wedges		202	1.49	300.98	True	exact	True
retinotopy	05	002	wedges		202	1.49	300.98	True	exact	True
retinotopy	05	003	bars		202	1.49	300.98	True	exact	True
retinotopy	05	003	rings		202	1.49	300.98	True	exact	True
retinotopy	05	003	wedges		202	1.49	300.98	True	exact	True
retinotopy	05	004	bars		202	1.49	300.98	True	exact	True
retinotopy	05	004	rings		202	1.49	300.98	True	exact	True
retinotopy	05	004	wedges		202	1.49	300.98	True	exact	True
retinotopy	05	005	bars		202	1.49	300.98	True	exact	True
retinotopy	05	005	rings		202	1.49	300.98	True	exact	True
retinotopy	05	005	wedges		202	1.49	300.98	True	exact	True
retinotopy	05	006	bars		202	1.49	300.98	True	exact	True
retinotopy	05	006	rings		202	1.49	300.98	True	exact	True
retinotopy	05	006	wedges		202	1.49	300.98	True	exact	True
shinobi	01	002	shinobi	1	451	1.49	671.99	True	exact	True
shinobi	01	002	shinobi	2	434	1.49	646.66	True	exact	True
shinobi	01	002	shinobi	3	420	1.49	625.8	True	exact	True
shinobi	01	002	shinobi	4	422	1.49	628.78	True	exact	True
shinobi	01	003	shinobi	1	426	1.49	634.74	True	exact	True
shinobi	01	003	shinobi	2	410	1.49	610.9	True	exact	True
shinobi	01	003	shinobi	3	422	1.49	628.78	True	exact	True
shinobi	01	003	shinobi	4	459	1.49	683.91	True	exact	True
shinobi	01	004	shinobi	1	437	1.49	651.13	True	exact	True
shinobi	01	004	shinobi	2	472	1.49	703.28	True	exact	True
shinobi	01	004	shinobi	3	420	1.49	625.8	True	exact	True
shinobi	01	004	shinobi	4	425	1.49	633.25	True	exact	True
shinobi	01	004	shinobi	5	412	1.49	613.88	True	exact	True
shinobi	01	005	shinobi	1	489	1.49	728.61	True	exact	True
shinobi	01	005	shinobi	2	457	1.49	680.93	True	exact	True
shinobi	01	005	shinobi	3	411	1.49	612.39	True	exact	True
shinobi	01	005	shinobi	4	459	1.49	683.91	True	exact	True
shinobi	01	006	shinobi	1	469	1.49	698.81	True	exact	True
shinobi	01	006	shinobi	2	478	1.49	712.22	True	exact	True
shinobi	01	006	shinobi	3	445	1.49	663.05	True	exact	True
shinobi	01	006	shinobi	4	442	1.49	658.58	True	exact	True
shinobi	01	006	shinobi	5	466	1.49	694.34	True	exact	True
shinobi	01	007	shinobi	1	498	1.49	742.02	True	exact	True
shinobi	01	007	shinobi	2	409	1.49	609.41	True	exact	True
shinobi	01	007	shinobi	3	451	1.49	671.99	True	exact	True
shinobi	01	007	shinobi	4	445	1.49	663.05	True	exact	True
shinobi	01	007	shinobi	5	413	1.49	615.37	True	exact	True
shinobi	01	008	shinobi	1	409	1.49	609.41	True	exact	True
shinobi	01	008	shinobi	2	491	1.49	731.59	True	exact	True
shinobi	01	008	shinobi	3	429	1.49	639.21	True	exact	True
shinobi	01	008	shinobi	4	407	1.49	606.43	True	exact	True
shinobi	01	008	shinobi	5	452	1.49	673.48	True	exact	True
shinobi	01	009	shinobi	1	416	1.49	619.84	True	exact	True
shinobi	01	009	shinobi	2	440	1.49	655.6	True	exact	True
shinobi	01	009	shinobi	3	469	1.49	698.81	True	exact	True
shinobi	01	009	shinobi	4	486	1.49	724.14	True	exact	True
shinobi	01	010	shinobi	1	479	1.49	713.71	True	exact	True
shinobi	01	010	shinobi	2	469	1.49	698.81	True	exact	True
shinobi	01	010	shinobi	3	445	1.49	663.05	True	exact	True
shinobi	01	011	shinobi	1	481	1.49	716.6899999999999	True	exact	True
shinobi	01	011	shinobi	2	418	1.49	622.82	True	exact	True
shinobi	01	011	shinobi	3	418	1.49	622.82	True	exact	True
shinobi	01	011	shinobi	4	481	1.49	716.6899999999999	True	exact	True
shinobi	01	012	shinobi	1	490	1.49	730.1	True	exact	True
shinobi	01	012	shinobi	2	461	1.49	686.89	True	exact	True
shinobi	01	012	shinobi	3	508	1.49	756.92	True	exact	True
shinobi	01	012	shinobi	4	449	1.49	669.01	True	exact	True
shinobi	01	013	shinobi	1	414	1.49	616.86	True	exact	True
shinobi	01	013	shinobi	2	476	1.49	709.24	True	exact	True
shinobi	01	013	shinobi	3	458	1.49	682.42	True	exact	True
shinobi	01	013	shinobi	4	418	1.49	622.82	True	exact	True
shinobi	01	013	shinobi	5	464	1.49	691.36	True	exact	True
shinobi	01	013	shinobi	6	415	1.49	618.35	True	exact	True
shinobi	02	002	shinobi	1	411	1.49	612.39	True	exact	True
shinobi	02	002	shinobi	2	504	1.49	750.96	True	exact	True
shinobi	02	002	shinobi	3	483	1.49	719.67	True	exact	True
shinobi	02	002	shinobi	4	458	1.49	682.42	True	exact	True
shinobi	02	002	shinobi	5	443	1.49	660.07	True	exact	True
shinobi	02	005	shinobi	1	461	1.49	686.89	True	exact	True
shinobi	02	005	shinobi	2	407	1.49	606.43	True	exact	True
shinobi	02	006	shinobi	1	503	1.49	749.47	True	exact	True
shinobi	02	006	shinobi	2	502	1.49	747.98	True	exact	True
shinobi	02	006	shinobi	3	469	1.49	698.81	True	exact	True
shinobi	02	007	shinobi	1	445	1.49	663.05	True	exact	True
shinobi	02	007	shinobi	2	483	1.49	719.67	True	exact	True
shinobi	02	007	shinobi	3	461	1.49	686.89	True	exact	True
shinobi	02	007	shinobi	4	490	1.49	730.1	True	exact	True
shinobi	02	007	shinobi	5	484	1.49	721.16	True	exact	True
shinobi	02	008	shinobi	1	417	1.49	621.33	True	exact	True
shinobi	02	008	shinobi	2	454	1.49	676.46	True	exact	True
shinobi	02	008	shinobi	3	438	1.49	652.62	True	exact	True
shinobi	02	008	shinobi	4	488	1.49	727.12	True	exact	True
shinobi	02	008	shinobi	5	429	1.49	639.21	True	exact	True
shinobi	02	009	shinobi	1	448	1.49	667.52	True	exact	True
shinobi	02	009	shinobi	2	486	1.49	724.14	True	exact	True
shinobi	02	009	shinobi	3	522	1.49	777.78	True	exact	True
shinobi	02	009	shinobi	4	481	1.49	716.6899999999999	True	exact	True
shinobi	02	010	shinobi	1	501	1.49	746.49	True	exact	True
shinobi	02	010	shinobi	2	442	1.49	658.58	True	exact	True
shinobi	02	010	shinobi	3	464	1.49	691.36	True	exact	True
shinobi	02	010	shinobi	4	455	1.49	677.95	True	exact	True
shinobi	02	010	shinobi	5	468	1.49	697.32	True	exact	True
shinobi	02	010	shinobi	6	463	1.49	689.87	True	exact	True
shinobi	02	011	shinobi	1	493	1.49	734.57	True	exact	True
shinobi	02	011	shinobi	2	450	1.49	670.5	True	exact	True
shinobi	02	011	shinobi	3	447	1.49	666.03	True	exact	True
shinobi	02	011	shinobi	4	483	1.49	719.67	True	exact	True
shinobi	02	011	shinobi	5	457	1.49	680.93	True	exact	True
shinobi	02	011	shinobi	6	438	1.49	652.62	True	exact	True
shinobi	02	012	shinobi	1	483	1.49	719.67	True	exact	True
shinobi	02	012	shinobi	2	461	1.49	686.89	True	exact	True
shinobi	02	012	shinobi	3	448	1.49	667.52	True	exact	True
shinobi	02	012	shinobi	4	434	1.49	646.66	True	exact	True
shinobi	02	012	shinobi	5	432	1.49	643.68	True	exact	True
shinobi	02	013	shinobi	1	445	1.49	663.05	True	exact	True
shinobi	02	013	shinobi	2	440	1.49	655.6	True	exact	True
shinobi	02	013	shinobi	3	509	1.49	758.41	True	exact	True
shinobi	02	013	shinobi	4	439	1.49	654.11	True	exact	True
shinobi	02	013	shinobi	5	494	1.49	736.06	True	exact	True
shinobi	02	014	shinobi	1	466	1.49	694.34	True	exact	True
shinobi	02	014	shinobi	2	468	1.49	697.32	True	exact	True
shinobi	02	014	shinobi	3	457	1.49	680.93	True	exact	True
shinobi	02	014	shinobi	4	407	1.49	606.43	True	exact	True
shinobi	02	015	shinobi	1	427	1.49	636.23	True	exact	True
shinobi	02	015	shinobi	2	427	1.49	636.23	True	exact	True
shinobi	02	015	shinobi	3	497	1.49	740.53	True	exact	True
shinobi	02	015	shinobi	4	426	1.49	634.74	True	exact	True
shinobi	02	015	shinobi	5	443	1.49	660.07	True	exact	True
shinobi	04	001	shinobi	1	472	1.49	703.28	True	exact	True
shinobi	04	001	shinobi	2	460	1.49	685.4	True	exact	True
shinobi	04	001	shinobi	3	469	1.49	698.81	True	exact	True
shinobi	04	001	shinobi	4	426	1.49	634.74	True	exact	True
shinobi	04	001	shinobi	5	530	1.49	789.7	True	exact	True
shinobi	04	002	shinobi	1	421	1.49	627.29	True	exact	True
shinobi	04	002	shinobi	2	478	1.49	712.22	True	exact	True
shinobi	04	002	shinobi	3	518	1.49	771.82	True	exact	True
shinobi	04	002	shinobi	4	510	1.49	759.9	True	exact	True
shinobi	04	002	shinobi	5	515	1.49	767.35	True	exact	True
shinobi	04	003	shinobi	1	438	1.49	652.62	True	exact	True
shinobi	04	003	shinobi	2	424	1.49	631.76	True	exact	True
shinobi	04	003	shinobi	3	487	1.49	725.63	True	exact	True
shinobi	04	003	shinobi	4	419	1.49	624.31	True	exact	True
shinobi	04	003	shinobi	5	488	1.49	727.12	True	exact	True
shinobi	04	004	shinobi	1	528	1.49	786.72	True	exact	True
shinobi	04	004	shinobi	2	516	1.49	768.84	True	exact	True
shinobi	04	004	shinobi	3	533	1.49	794.17	True	exact	True
shinobi	04	004	shinobi	4	485	1.49	722.65	True	exact	True
shinobi	04	004	shinobi	5	517	1.49	770.33	True	exact	True
shinobi	04	005	shinobi	1	481	1.49	716.6899999999999	True	exact	True
shinobi	04	005	shinobi	2	477	1.49	710.73	True	exact	True
shinobi	04	005	shinobi	3	475	1.49	707.75	True	exact	True
shinobi	04	005	shinobi	4	471	1.49	701.79	True	exact	True
shinobi	04	005	shinobi	5	444	1.49	661.56	True	exact	True
shinobi	04	006	shinobi	1	413	1.49	615.37	True	exact	True
shinobi	04	006	shinobi	2	465	1.49	692.85	True	exact	True
shinobi	04	006	shinobi	3	464	1.49	691.36	True	exact	True
shinobi	04	006	shinobi	4	487	1.49	725.63	True	exact	True
shinobi	04	006	shinobi	5	424	1.49	631.76	True	exact	True
shinobi	04	007	shinobi	1	472	1.49	703.28	True	exact	False
shinobi	04	007	shinobi	2	461	1.49	686.89	True	exact	False
shinobi	04	007	shinobi	3	424	1.49	631.76	True	exact	False
shinobi	04	007	shinobi	4	446	1.49	664.54	True	exact	False
shinobi	04	007	shinobi	5	470	1.49	700.3	True	exact	False
shinobi	04	008	shinobi	1	483	1.49	719.67	True	exact	True
shinobi	04	008	shinobi	2	477	1.49	710.73	True	exact	True
shinobi	04	008	shinobi	3	451	1.49	671.99	True	exact	True
shinobi	04	008	shinobi	4	481	1.49	716.6899999999999	True	exact	True
shinobi	04	008	shinobi	5	427	1.49	636.23	True	exact	True
shinobi	04	009	shinobi	1	465	1.49	692.85	True	exact	True
shinobi	04	009	shinobi	2	478	1.49	712.22	True	exact	True
shinobi	04	009	shinobi	3	466	1.49	694.34	True	exact	True
shinobi	04	009	shinobi	4	443	1.49	660.07	True	exact	True
shinobi	04	009	shinobi	5	488	1.49	727.12	True	exact	True
shinobi	04	010	shinobi	1	408	1.49	607.92	True	exact	True
shinobi	04	010	shinobi	2	412	1.49	613.88	True	exact	True
shinobi	04	010	shinobi	3	463	1.49	689.87	True	exact	True
shinobi	04	010	shinobi	4	459	1.49	683.91	True	exact	True
shinobi	04	010	shinobi	5	457	1.49	680.93	True	exact	True
shinobi	04	011	shinobi	1	469	1.49	698.81	True	exact	True
shinobi	04	011	shinobi	2	447	1.49	666.03	True	exact	True
shinobi	04	011	shinobi	3	428	1.49	637.72	True	exact	True
shinobi	04	011	shinobi	4	478	1.49	712.22	True	exact	True
shinobi	04	011	shinobi	5	538	1.49	801.62	True	exact	True
shinobi	06	001	shinobi	1	505	1.49	752.45	True	exact	True
shinobi	06	001	shinobi	2	477	1.49	710.73	True	exact	True
shinobi	06	001	shinobi	3	450	1.49	670.5	True	exact	True
shinobi	06	001	shinobi	4	560	1.49	834.4	True	exact	True
shinobi	06	003	shinobi	1	522	1.49	777.78	True	exact	True
shinobi	06	003	shinobi	2	442	1.49	658.58	True	exact	True
shinobi	06	003	shinobi	3	526	1.49	783.74	True	exact	True
shinobi	06	003	shinobi	4	459	1.49	683.91	True	exact	True
shinobi	06	004	shinobi	1	425	1.49	633.25	True	exact	True
shinobi	06	004	shinobi	2	545	1.49	812.05	True	exact	True
shinobi	06	004	shinobi	3	525	1.49	782.25	True	exact	True
shinobi	06	004	shinobi	4	517	1.49	770.33	True	exact	True
shinobi	06	005	shinobi	1	521	1.49	776.29	True	exact	True
shinobi	06	005	shinobi	2	511	1.49	761.39	True	exact	True
shinobi	06	005	shinobi	3	477	1.49	710.73	True	exact	True
shinobi	06	005	shinobi	4	501	1.49	746.49	True	exact	True
shinobi	06	006	shinobi	1	477	1.49	710.73	True	exact	True
shinobi	06	006	shinobi	2	512	1.49	762.88	True	exact	True
shinobi	06	006	shinobi	3	488	1.49	727.12	True	exact	True
shinobi	06	006	shinobi	4	431	1.49	642.1899999999999	True	exact	True
shinobi	06	007	shinobi	1	520	1.49	774.8	True	exact	True
shinobi	06	007	shinobi	2	528	1.49	786.72	True	exact	True
shinobi	06	007	shinobi	3	515	1.49	767.35	True	exact	True
shinobi	06	007	shinobi	4	561	1.49	835.89	True	exact	True
shinobi	06	008	shinobi	1	513	1.49	764.37	True	exact	True
shinobi	06	008	shinobi	2	474	1.49	706.26	True	exact	True
shinobi	06	008	shinobi	3	499	1.49	743.51	True	exact	True
shinobi	06	008	shinobi	4	527	1.49	785.23	True	exact	True
shinobi	06	008	shinobi	5	364	1.49	542.36	True	exact	True
shinobi	06	009	shinobi	1	492	1.49	733.08	True	exact	True
shinobi	06	009	shinobi	2	500	1.49	745.0	True	exact	True
shinobi	06	009	shinobi	3	520	1.49	774.8	True	exact	True
shinobi	06	009	shinobi	4	433	1.49	645.17	True	exact	True
shinobi	06	009	shinobi	5	441	1.49	657.09	True	exact	True
shinobi	06	010	shinobi	1	480	1.49	715.2	True	exact	True
shinobi	06	010	shinobi	2	534	1.49	795.66	True	exact	True
shinobi	06	010	shinobi	3	412	1.49	613.88	True	exact	True
shinobi	06	010	shinobi	4	513	1.49	764.37	True	exact	True
shinobi	06	011	shinobi	1	419	1.49	624.31	True	exact	True
shinobi	06	011	shinobi	2	497	1.49	740.53	True	exact	True
shinobi	06	011	shinobi	3	553	1.49	823.97	True	exact	True
shinobi	06	011	shinobi	4	482	1.49	718.18	True	exact	True
shinobi	06	011	shinobi	5	426	1.49	634.74	True	exact	True
shinobi	06	012	shinobi	1	511	1.49	761.39	True	exact	True
shinobi	06	012	shinobi	2	466	1.49	694.34	True	exact	True
shinobi	06	012	shinobi	3	527	1.49	785.23	True	exact	True
shinobi	06	012	shinobi	4	469	1.49	698.81	True	exact	True
shinobi	06	013	shinobi	1	530	1.49	789.7	True	exact	True
shinobi	06	013	shinobi	2	540	1.49	804.6	True	exact	True
shinobi	06	013	shinobi	3	469	1.49	698.81	True	exact	True
shinobi	06	013	shinobi	4	440	1.49	655.6	True	exact	True
shinobi	06	013	shinobi	5	460	1.49	685.4	True	exact	True
things	01	01	things	1	190	1.49	283.1	True	exact	True
things	01	01	things	2	190	1.49	283.1	True	exact	True
things	01	01	things	3	190	1.49	283.1	True	exact	True
things	01	02	things	1	190	1.49	283.1	True	exact	True
things	01	02	things	2	190	1.49	283.1	True	exact	True
things	01	02	things	3	190	1.49	283.1	True	exact	True
things	01	02	things	4	190	1.49	283.1	True	exact	True
things	01	02	things	5	190	1.49	283.1	True	exact	True
things	01	02	things	6	190	1.49	283.1	True	exact	True
things	01	03	things	1	190	1.49	283.1	True	exact	True
things	01	03	things	2	190	1.49	283.1	True	exact	True
things	01	03	things	3	190	1.49	283.1	True	exact	True
things	01	03	things	4	190	1.49	283.1	True	exact	True
things	01	03	things	5	190	1.49	283.1	True	exact	True
things	01	03	things	6	190	1.49	283.1	True	exact	True
things	01	04	things	1	190	1.49	283.1	True	exact	True
things	01	04	things	2	190	1.49	283.1	True	exact	True
things	01	04	things	3	190	1.49	283.1	True	exact	True
things	01	04	things	4	190	1.49	283.1	True	exact	True
things	01	04	things	5	190	1.49	283.1	True	exact	True
things	01	04	things	6	190	1.49	283.1	True	exact	True
things	01	05	things	1	190	1.49	283.1	True	exact	True
things	01	05	things	2	190	1.49	283.1	True	exact	True
things	01	05	things	3	190	1.49	283.1	True	exact	True
things	01	05	things	4	190	1.49	283.1	True	exact	True
things	01	05	things	5	190	1.49	283.1	True	exact	True
things	01	05	things	6	190	1.49	283.1	True	exact	True
things	01	06	things	1	190	1.49	283.1	True	exact	True
things	01	06	things	2	190	1.49	283.1	True	exact	True
things	01	06	things	3	190	1.49	283.1	True	exact	True
things	01	06	things	4	190	1.49	283.1	True	exact	True
things	01	06	things	5	190	1.49	283.1	True	exact	True
things	01	06	things	6	190	1.49	283.1	True	exact	True
things	01	07	things	1	190	1.49	283.1	True	exact	True
things	01	07	things	2	190	1.49	283.1	True	exact	True
things	01	07	things	3	190	1.49	283.1	True	exact	True
things	01	07	things	4	190	1.49	283.1	True	exact	True
things	01	07	things	5	190	1.49	283.1	True	exact	True
things	01	07	things	6	190	1.49	283.1	True	exact	True
things	01	08	things	1	190	1.49	283.1	True	exact	True
things	01	08	things	2	190	1.49	283.1	True	exact	True
things	01	08	things	3	190	1.49	283.1	True	exact	True
things	01	08	things	4	190	1.49	283.1	True	exact	True
things	01	08	things	5	190	1.49	283.1	True	exact	True
things	01	08	things	6	190	1.49	283.1	True	exact	True
things	01	09	things	1	190	1.49	283.1	True	exact	True
things	01	09	things	2	190	1.49	283.1	True	exact	True
things	01	09	things	3	190	1.49	283.1	True	exact	True
things	01	09	things	4	190	1.49	283.1	True	exact	True
things	01	09	things	5	190	1.49	283.1	True	exact	True
things	01	09	things	6	190	1.49	283.1	True	exact	True
things	01	10	things	1	190	1.49	283.1	True	exact	True
things	01	10	things	2	190	1.49	283.1	True	exact	True
things	01	10	things	3	190	1.49	283.1	True	exact	True
things	01	10	things	4	190	1.49	283.1	True	exact	True
things	01	10	things	5	190	1.49	283.1	True	exact	True
things	01	10	things	6	190	1.49	283.1	True	exact	True
things	01	11	things	1	190	1.49	283.1	True	exact	True
things	01	11	things	2	190	1.49	283.1	True	exact	True
things	01	11	things	3	190	1.49	283.1	True	exact	True
things	01	11	things	4	190	1.49	283.1	True	exact	True
things	01	11	things	5	190	1.49	283.1	True	exact	True
things	01	11	things	6	190	1.49	283.1	True	exact	True
things	01	12	things	1	190	1.49	283.1	True	exact	True
things	01	12	things	2	190	1.49	283.1	True	exact	True
things	01	12	things	3	190	1.49	283.1	True	exact	True
things	01	12	things	4	190	1.49	283.1	True	exact	True
things	01	12	things	5	190	1.49	283.1	True	exact	True
things	01	12	things	6	190	1.49	283.1	True	exact	True
things	01	13	things	1	190	1.49	283.1	True	exact	True
things	01	13	things	2	190	1.49	283.1	True	exact	True
things	01	13	things	3	190	1.49	283.1	True	exact	True
things	01	13	things	4	190	1.49	283.1	True	exact	True
things	01	13	things	5	190	1.49	283.1	True	exact	True
things	01	13	things	6	190	1.49	283.1	True	exact	True
things	01	14	things	1	190	1.49	283.1	True	exact	True
things	01	14	things	2	190	1.49	283.1	True	exact	True
things	01	14	things	3	190	1.49	283.1	True	exact	True
things	01	14	things	4	190	1.49	283.1	True	exact	True
things	01	14	things	5	190	1.49	283.1	True	exact	True
things	01	14	things	6	190	1.49	283.1	True	exact	True
things	01	15	things	1	190	1.49	283.1	True	exact	True
things	01	15	things	2	190	1.49	283.1	True	exact	True
things	01	15	things	3	190	1.49	283.1	True	exact	True
things	01	15	things	4	190	1.49	283.1	True	exact	True
things	01	15	things	5	190	1.49	283.1	True	exact	True
things	01	15	things	6	190	1.49	283.1	True	exact	True
things	01	16	things	1	190	1.49	283.1	True	exact	True
things	01	16	things	2	190	1.49	283.1	True	exact	True
things	01	16	things	3	190	1.49	283.1	True	exact	True
things	01	16	things	4	190	1.49	283.1	True	exact	True
things	01	16	things	5	190	1.49	283.1	True	exact	True
things	01	16	things	6	190	1.49	283.1	True	exact	True
things	01	17	things	1	190	1.49	283.1	True	exact	True
things	01	17	things	2	190	1.49	283.1	True	exact	True
things	01	17	things	3	190	1.49	283.1	True	exact	True
things	01	17	things	4	190	1.49	283.1	True	exact	True
things	01	17	things	5	190	1.49	283.1	True	exact	True
things	01	17	things	6	190	1.49	283.1	True	exact	True
things	01	18	things	1	190	1.49	283.1	True	exact	True
things	01	18	things	2	190	1.49	283.1	True	exact	True
things	01	18	things	3	190	1.49	283.1	True	exact	True
things	01	18	things	4	190	1.49	283.1	True	exact	True
things	01	18	things	5	190	1.49	283.1	True	exact	True
things	01	18	things	6	190	1.49	283.1	True	exact	True
things	01	19	things	1	190	1.49	283.1	True	exact	True
things	01	19	things	2	190	1.49	283.1	True	exact	True
things	01	19	things	3	190	1.49	283.1	True	exact	True
things	01	19	things	4	190	1.49	283.1	True	exact	True
things	01	19	things	5	190	1.49	283.1	True	exact	True
things	01	19	things	6	190	1.49	283.1	True	exact	True
things	01	20	things	1	190	1.49	283.1	True	exact	True
things	01	20	things	2	190	1.49	283.1	True	exact	True
things	01	20	things	3	190	1.49	283.1	True	exact	True
things	01	20	things	4	190	1.49	283.1	True	exact	True
things	01	20	things	5	190	1.49	283.1	True	exact	True
things	01	20	things	6	190	1.49	283.1	True	exact	True
things	01	21	things	1	190	1.49	283.1	True	exact	True
things	01	21	things	2	190	1.49	283.1	True	exact	True
things	01	21	things	3	190	1.49	283.1	True	exact	True
things	01	21	things	4	190	1.49	283.1	True	exact	True
things	01	21	things	5	190	1.49	283.1	True	exact	True
things	01	21	things	6	190	1.49	283.1	True	exact	True
things	01	22	things	1	190	1.49	283.1	True	exact	True
things	01	22	things	2	190	1.49	283.1	True	exact	True
things	01	22	things	3	190	1.49	283.1	True	exact	True
things	01	22	things	4	190	1.49	283.1	True	exact	True
things	01	22	things	5	190	1.49	283.1	True	exact	True
things	01	22	things	6	190	1.49	283.1	True	exact	True
things	01	23	things	1	190	1.49	283.1	True	exact	True
things	01	23	things	2	190	1.49	283.1	True	exact	True
things	01	23	things	3	190	1.49	283.1	True	exact	True
things	01	23	things	4	190	1.49	283.1	True	exact	True
things	01	23	things	5	190	1.49	283.1	True	exact	True
things	01	23	things	6	190	1.49	283.1	True	exact	True
things	01	24	things	1	190	1.49	283.1	True	exact	True
things	01	24	things	2	190	1.49	283.1	True	exact	True
things	01	24	things	3	190	1.49	283.1	True	exact	True
things	01	24	things	4	190	1.49	283.1	True	exact	True
things	01	24	things	5	190	1.49	283.1	True	exact	True
things	01	24	things	6	190	1.49	283.1	True	exact	True
things	01	25	things	1	190	1.49	283.1	True	exact	True
things	01	25	things	2	190	1.49	283.1	True	exact	True
things	01	25	things	3	190	1.49	283.1	True	exact	True
things	01	25	things	4	190	1.49	283.1	True	exact	True
things	01	25	things	5	190	1.49	283.1	True	exact	True
things	01	25	things	6	190	1.49	283.1	True	exact	True
things	01	26	things	1	190	1.49	283.1	True	exact	True
things	01	26	things	2	190	1.49	283.1	True	exact	True
things	01	26	things	3	190	1.49	283.1	True	exact	True
things	01	26	things	4	190	1.49	283.1	True	exact	True
things	01	26	things	5	190	1.49	283.1	True	exact	True
things	01	26	things	6	190	1.49	283.1	True	exact	True
things	01	27	things	1	190	1.49	283.1	True	exact	True
things	01	27	things	2	190	1.49	283.1	True	exact	True
things	01	27	things	3	190	1.49	283.1	True	exact	True
things	01	27	things	4	190	1.49	283.1	True	exact	True
things	01	27	things	5	190	1.49	283.1	True	exact	True
things	01	27	things	6	190	1.49	283.1	True	exact	True
things	01	28	things	1	190	1.49	283.1	True	exact	True
things	01	28	things	2	190	1.49	283.1	True	exact	True
things	01	28	things	3	190	1.49	283.1	True	exact	True
things	01	28	things	4	190	1.49	283.1	True	exact	True
things	01	28	things	5	190	1.49	283.1	True	exact	True
things	01	28	things	6	190	1.49	283.1	True	exact	True
things	01	29	things	1	190	1.49	283.1	True	exact	True
things	01	29	things	2	190	1.49	283.1	True	exact	True
things	01	29	things	3	190	1.49	283.1	True	exact	True
things	01	29	things	4	190	1.49	283.1	True	exact	True
things	01	29	things	5	190	1.49	283.1	True	exact	True
things	01	29	things	6	190	1.49	283.1	True	exact	True
things	01	30	things	1	190	1.49	283.1	True	exact	True
things	01	30	things	2	190	1.49	283.1	True	exact	True
things	01	30	things	3	190	1.49	283.1	True	exact	True
things	01	30	things	4	190	1.49	283.1	True	exact	True
things	01	30	things	5	190	1.49	283.1	True	exact	True
things	01	30	things	6	190	1.49	283.1	True	exact	True
things	01	31	things	1	190	1.49	283.1	True	exact	True
things	01	31	things	2	190	1.49	283.1	True	exact	True
things	01	31	things	3	190	1.49	283.1	True	exact	True
things	01	31	things	4	190	1.49	283.1	True	exact	True
things	01	31	things	5	190	1.49	283.1	True	exact	True
things	01	31	things	6	190	1.49	283.1	True	exact	True
things	01	32	things	1	190	1.49	283.1	True	exact	True
things	01	32	things	2	190	1.49	283.1	True	exact	True
things	01	32	things	3	190	1.49	283.1	True	exact	True
things	01	32	things	4	190	1.49	283.1	True	exact	True
things	01	32	things	5	190	1.49	283.1	True	exact	True
things	01	32	things	6	190	1.49	283.1	True	exact	True
things	01	33	things	1	190	1.49	283.1	True	exact	True
things	01	33	things	2	190	1.49	283.1	True	exact	True
things	01	33	things	3	190	1.49	283.1	True	exact	True
things	01	33	things	4	190	1.49	283.1	True	exact	True
things	01	33	things	5	190	1.49	283.1	True	exact	True
things	01	33	things	6	190	1.49	283.1	True	exact	True
things	01	34	things	1	190	1.49	283.1	True	exact	True
things	01	34	things	2	190	1.49	283.1	True	exact	True
things	01	34	things	3	190	1.49	283.1	True	exact	True
things	01	34	things	4	190	1.49	283.1	True	exact	True
things	01	34	things	5	190	1.49	283.1	True	exact	True
things	01	34	things	6	190	1.49	283.1	True	exact	True
things	01	35	things	1	190	1.49	283.1	True	exact	True
things	01	35	things	2	190	1.49	283.1	True	exact	True
things	01	35	things	3	190	1.49	283.1	True	exact	True
things	01	35	things	4	190	1.49	283.1	True	exact	True
things	01	35	things	5	190	1.49	283.1	True	exact	True
things	01	35	things	6	190	1.49	283.1	True	exact	True
things	01	36	things	1	190	1.49	283.1	True	exact	True
things	01	36	things	2	190	1.49	283.1	True	exact	True
things	01	36	things	3	190	1.49	283.1	True	exact	True
things	01	36	things	4	190	1.49	283.1	True	exact	True
things	01	36	things	5	190	1.49	283.1	True	exact	True
things	01	36	things	6	190	1.49	283.1	True	exact	True
things	02	01	things	1	190	1.49	283.1	True	exact	True
things	02	01	things	2	190	1.49	283.1	True	exact	True
things	02	01	things	3	190	1.49	283.1	True	exact	True
things	02	02	things	1	190	1.49	283.1	True	exact	True
things	02	02	things	2	190	1.49	283.1	True	exact	True
things	02	02	things	3	190	1.49	283.1	True	exact	True
things	02	02	things	4	190	1.49	283.1	True	exact	True
things	02	02	things	5	190	1.49	283.1	True	exact	True
things	02	02	things	6	190	1.49	283.1	True	exact	True
things	02	03	things	1	190	1.49	283.1	True	exact	True
things	02	03	things	2	190	1.49	283.1	True	exact	True
things	02	03	things	3	190	1.49	283.1	True	exact	True
things	02	03	things	4	190	1.49	283.1	True	exact	True
things	02	03	things	5	190	1.49	283.1	True	exact	True
things	02	03	things	6	190	1.49	283.1	True	exact	True
things	02	04	things	1	190	1.49	283.1	True	exact	True
things	02	04	things	2	190	1.49	283.1	True	exact	True
things	02	04	things	3	190	1.49	283.1	True	exact	True
things	02	04	things	4	190	1.49	283.1	True	exact	True
things	02	04	things	5	190	1.49	283.1	True	exact	True
things	02	04	things	6	190	1.49	283.1	True	exact	True
things	02	05	things	1	190	1.49	283.1	True	exact	True
things	02	05	things	2	190	1.49	283.1	True	exact	True
things	02	05	things	3	190	1.49	283.1	True	exact	True
things	02	05	things	4	190	1.49	283.1	True	exact	True
things	02	05	things	5	190	1.49	283.1	True	exact	True
things	02	05	things	6	190	1.49	283.1	True	exact	True
things	02	06	things	1	190	1.49	283.1	True	exact	True
things	02	06	things	2	190	1.49	283.1	True	exact	True
things	02	06	things	3	190	1.49	283.1	True	exact	True
things	02	06	things	4	190	1.49	283.1	True	exact	True
things	02	06	things	5	190	1.49	283.1	True	exact	True
things	02	06	things	6	190	1.49	283.1	True	exact	True
things	02	07	things	1	190	1.49	283.1	True	exact	True
things	02	07	things	2	190	1.49	283.1	True	exact	True
things	02	07	things	3	190	1.49	283.1	True	exact	True
things	02	07	things	4	190	1.49	283.1	True	exact	True
things	02	07	things	5	190	1.49	283.1	True	exact	True
things	02	07	things	6	190	1.49	283.1	True	exact	True
things	02	08	things	1	190	1.49	283.1	True	exact	True
things	02	08	things	2	190	1.49	283.1	True	exact	True
things	02	08	things	3	190	1.49	283.1	True	exact	True
things	02	08	things	4	190	1.49	283.1	True	exact	True
things	02	08	things	5	190	1.49	283.1	True	exact	True
things	02	08	things	6	190	1.49	283.1	True	exact	True
things	02	09	things	1	190	1.49	283.1	True	exact	True
things	02	09	things	2	190	1.49	283.1	True	exact	True
things	02	09	things	3	190	1.49	283.1	True	exact	True
things	02	09	things	4	190	1.49	283.1	True	exact	True
things	02	09	things	5	190	1.49	283.1	True	exact	True
things	02	09	things	6	190	1.49	283.1	True	exact	True
things	02	10	things	1	190	1.49	283.1	True	exact	True
things	02	10	things	2	190	1.49	283.1	True	exact	True
things	02	10	things	3	190	1.49	283.1	True	exact	True
things	02	10	things	4	190	1.49	283.1	True	exact	True
things	02	10	things	5	190	1.49	283.1	True	exact	True
things	02	10	things	6	190	1.49	283.1	True	exact	True
things	02	11	things	1	190	1.49	283.1	True	exact	True
things	02	11	things	2	190	1.49	283.1	True	exact	True
things	02	11	things	3	190	1.49	283.1	True	exact	True
things	02	11	things	4	190	1.49	283.1	True	exact	True
things	02	11	things	5	190	1.49	283.1	True	exact	True
things	02	11	things	6	190	1.49	283.1	True	exact	True
things	02	12	things	1	190	1.49	283.1	True	exact	True
things	02	12	things	2	190	1.49	283.1	True	exact	True
things	02	12	things	3	190	1.49	283.1	True	exact	True
things	02	12	things	4	190	1.49	283.1	True	exact	True
things	02	12	things	5	190	1.49	283.1	True	exact	True
things	02	12	things	6	190	1.49	283.1	True	exact	True
things	02	13	things	1	190	1.49	283.1	True	exact	True
things	02	13	things	2	190	1.49	283.1	True	exact	True
things	02	13	things	3	190	1.49	283.1	True	exact	True
things	02	13	things	4	190	1.49	283.1	True	exact	True
things	02	13	things	5	190	1.49	283.1	True	exact	True
things	02	13	things	6	190	1.49	283.1	True	exact	True
things	02	14	things	1	190	1.49	283.1	True	exact	True
things	02	14	things	2	190	1.49	283.1	True	exact	True
things	02	14	things	3	190	1.49	283.1	True	exact	True
things	02	14	things	4	190	1.49	283.1	True	exact	True
things	02	14	things	5	190	1.49	283.1	True	exact	True
things	02	14	things	6	190	1.49	283.1	True	exact	True
things	02	15	things	1	190	1.49	283.1	True	exact	True
things	02	15	things	2	190	1.49	283.1	True	exact	True
things	02	15	things	3	190	1.49	283.1	True	exact	True
things	02	15	things	4	190	1.49	283.1	True	exact	True
things	02	15	things	5	190	1.49	283.1	True	exact	True
things	02	15	things	6	190	1.49	283.1	True	exact	True
things	02	16	things	1	190	1.49	283.1	True	exact	True
things	02	16	things	2	190	1.49	283.1	True	exact	True
things	02	16	things	3	190	1.49	283.1	True	exact	True
things	02	16	things	4	190	1.49	283.1	True	exact	True
things	02	16	things	5	190	1.49	283.1	True	exact	True
things	02	16	things	6	190	1.49	283.1	True	exact	True
things	02	17	things	1	190	1.49	283.1	True	exact	True
things	02	17	things	2	190	1.49	283.1	True	exact	True
things	02	17	things	3	190	1.49	283.1	True	exact	True
things	02	17	things	4	190	1.49	283.1	True	exact	True
things	02	17	things	5	190	1.49	283.1	True	exact	True
things	02	17	things	6	190	1.49	283.1	True	exact	True
things	02	18	things	1	190	1.49	283.1	True	exact	True
things	02	18	things	2	190	1.49	283.1	True	exact	True
things	02	18	things	3	190	1.49	283.1	True	exact	True
things	02	18	things	4	190	1.49	283.1	True	exact	True
things	02	18	things	5	190	1.49	283.1	True	exact	True
things	02	18	things	6	190	1.49	283.1	True	exact	True
things	02	19	things	1	190	1.49	283.1	True	exact	True
things	02	19	things	2	190	1.49	283.1	True	exact	True
things	02	19	things	3	190	1.49	283.1	True	exact	True
things	02	19	things	4	190	1.49	283.1	True	exact	True
things	02	19	things	5	190	1.49	283.1	True	exact	True
things	02	19	things	6	190	1.49	283.1	True	exact	True
things	02	20	things	1	190	1.49	283.1	True	exact	True
things	02	20	things	2	190	1.49	283.1	True	exact	True
things	02	20	things	3	190	1.49	283.1	True	exact	True
things	02	20	things	4	190	1.49	283.1	True	exact	True
things	02	20	things	5	190	1.49	283.1	True	exact	True
things	02	20	things	6	190	1.49	283.1	True	exact	True
things	02	21	things	1	190	1.49	283.1	True	exact	True
things	02	21	things	2	190	1.49	283.1	True	exact	True
things	02	21	things	3	190	1.49	283.1	True	exact	True
things	02	21	things	4	190	1.49	283.1	True	exact	True
things	02	21	things	5	190	1.49	283.1	True	exact	True
things	02	21	things	6	190	1.49	283.1	True	exact	True
things	02	22	things	1	190	1.49	283.1	True	exact	True
things	02	22	things	2	190	1.49	283.1	True	exact	True
things	02	22	things	3	190	1.49	283.1	True	exact	True
things	02	22	things	4	190	1.49	283.1	True	exact	True
things	02	22	things	5	190	1.49	283.1	True	exact	True
things	02	22	things	6	190	1.49	283.1	True	exact	True
things	02	23	things	1	190	1.49	283.1	True	exact	True
things	02	23	things	2	190	1.49	283.1	True	exact	True
things	02	23	things	3	190	1.49	283.1	True	exact	True
things	02	23	things	4	190	1.49	283.1	True	exact	True
things	02	23	things	5	190	1.49	283.1	True	exact	True
things	02	23	things	6	190	1.49	283.1	True	exact	True
things	02	24	things	1	190	1.49	283.1	True	exact	True
things	02	24	things	2	190	1.49	283.1	True	exact	True
things	02	24	things	3	190	1.49	283.1	True	exact	True
things	02	24	things	4	190	1.49	283.1	True	exact	True
things	02	24	things	5	190	1.49	283.1	True	exact	True
things	02	24	things	6	190	1.49	283.1	True	exact	True
things	02	25	things	1	190	1.49	283.1	True	exact	True
things	02	25	things	2	190	1.49	283.1	True	exact	True
things	02	25	things	3	190	1.49	283.1	True	exact	True
things	02	25	things	4	190	1.49	283.1	True	exact	True
things	02	25	things	5	190	1.49	283.1	True	exact	True
things	02	25	things	6	190	1.49	283.1	True	exact	True
things	02	26	things	1	190	1.49	283.1	True	exact	True
things	02	26	things	2	190	1.49	283.1	True	exact	True
things	02	26	things	3	190	1.49	283.1	True	exact	True
things	02	26	things	4	190	1.49	283.1	True	exact	True
things	02	26	things	5	190	1.49	283.1	True	exact	True
things	02	26	things	6	190	1.49	283.1	True	exact	True
things	02	27	things	1	190	1.49	283.1	True	exact	True
things	02	27	things	2	190	1.49	283.1	True	exact	True
things	02	27	things	3	190	1.49	283.1	True	exact	True
things	02	27	things	4	190	1.49	283.1	True	exact	True
things	02	27	things	5	190	1.49	283.1	True	exact	True
things	02	27	things	6	190	1.49	283.1	True	exact	True
things	02	28	things	1	190	1.49	283.1	True	exact	True
things	02	28	things	2	190	1.49	283.1	True	exact	True
things	02	28	things	3	190	1.49	283.1	True	exact	True
things	02	28	things	4	190	1.49	283.1	True	exact	True
things	02	28	things	5	190	1.49	283.1	True	exact	True
things	02	28	things	6	190	1.49	283.1	True	exact	True
things	02	29	things	1	190	1.49	283.1	True	exact	True
things	02	29	things	2	190	1.49	283.1	True	exact	True
things	02	29	things	3	190	1.49	283.1	True	exact	True
things	02	29	things	4	190	1.49	283.1	True	exact	True
things	02	29	things	5	190	1.49	283.1	True	exact	True
things	02	29	things	6	190	1.49	283.1	True	exact	True
things	02	30	things	1	190	1.49	283.1	True	exact	True
things	02	30	things	2	190	1.49	283.1	True	exact	True
things	02	30	things	3	190	1.49	283.1	True	exact	True
things	02	30	things	4	190	1.49	283.1	True	exact	True
things	02	30	things	5	190	1.49	283.1	True	exact	True
things	02	30	things	6	190	1.49	283.1	True	exact	True
things	02	31	things	1	190	1.49	283.1	True	exact	True
things	02	31	things	2	190	1.49	283.1	True	exact	True
things	02	31	things	3	190	1.49	283.1	True	exact	True
things	02	31	things	4	190	1.49	283.1	True	exact	True
things	02	31	things	5	190	1.49	283.1	True	exact	True
things	02	31	things	6	190	1.49	283.1	True	exact	True
things	02	32	things	1	190	1.49	283.1	True	exact	True
things	02	32	things	2	190	1.49	283.1	True	exact	True
things	02	32	things	3	190	1.49	283.1	True	exact	True
things	02	32	things	4	190	1.49	283.1	True	exact	True
things	02	32	things	5	190	1.49	283.1	True	exact	True
things	02	32	things	6	190	1.49	283.1	True	exact	True
things	02	33	things	1	190	1.49	283.1	True	exact	True
things	02	33	things	2	190	1.49	283.1	True	exact	True
things	02	33	things	3	190	1.49	283.1	True	exact	True
things	02	33	things	4	190	1.49	283.1	True	exact	True
things	02	33	things	5	190	1.49	283.1	True	exact	True
things	02	33	things	6	190	1.49	283.1	True	exact	True
things	02	34	things	1	190	1.49	283.1	True	exact	True
things	02	34	things	2	190	1.49	283.1	True	exact	True
things	02	34	things	3	190	1.49	283.1	True	exact	True
things	02	34	things	4	190	1.49	283.1	True	exact	True
things	02	34	things	5	190	1.49	283.1	True	exact	True
things	02	34	things	6	190	1.49	283.1	True	exact	True
things	02	35	things	1	190	1.49	283.1	True	exact	True
things	02	35	things	2	190	1.49	283.1	True	exact	True
things	02	35	things	3	190	1.49	283.1	True	exact	True
things	02	35	things	4	190	1.49	283.1	True	exact	True
things	02	35	things	5	190	1.49	283.1	True	exact	True
things	02	35	things	6	190	1.49	283.1	True	exact	True
things	02	36	things	1	190	1.49	283.1	True	exact	True
things	02	36	things	2	190	1.49	283.1	True	exact	True
things	02	36	things	3	190	1.49	283.1	True	exact	True
things	02	36	things	4	190	1.49	283.1	True	exact	True
things	02	36	things	5	190	1.49	283.1	True	exact	True
things	02	36	things	6	190	1.49	283.1	True	exact	True
things	03	01	things	1	190	1.49	283.1	True	exact	True
things	03	01	things	2	190	1.49	283.1	True	exact	True
things	03	01	things	3	190	1.49	283.1	True	exact	True
things	03	02	things	1	190	1.49	283.1	True	exact	True
things	03	02	things	2	190	1.49	283.1	True	exact	True
things	03	02	things	3	190	1.49	283.1	True	exact	True
things	03	02	things	4	190	1.49	283.1	True	exact	True
things	03	02	things	5	190	1.49	283.1	True	exact	True
things	03	02	things	6	190	1.49	283.1	True	exact	True
things	03	03	things	1	190	1.49	283.1	True	exact	True
things	03	03	things	2	190	1.49	283.1	True	exact	True
things	03	03	things	3	190	1.49	283.1	True	exact	True
things	03	03	things	4	190	1.49	283.1	True	exact	True
things	03	03	things	5	190	1.49	283.1	True	exact	True
things	03	03	things	6	190	1.49	283.1	True	exact	True
things	03	04	things	1	190	1.49	283.1	True	exact	True
things	03	04	things	2	190	1.49	283.1	True	exact	True
things	03	04	things	3	190	1.49	283.1	True	exact	True
things	03	04	things	4	190	1.49	283.1	True	exact	True
things	03	04	things	5	190	1.49	283.1	True	exact	True
things	03	04	things	6	190	1.49	283.1	True	exact	True
things	03	05	things	1	190	1.49	283.1	True	exact	True
things	03	05	things	2	190	1.49	283.1	True	exact	True
things	03	05	things	3	190	1.49	283.1	True	exact	True
things	03	05	things	4	190	1.49	283.1	True	exact	True
things	03	05	things	5	190	1.49	283.1	True	exact	True
things	03	05	things	6	190	1.49	283.1	True	exact	True
things	03	06	things	1	190	1.49	283.1	True	exact	True
things	03	06	things	2	190	1.49	283.1	True	exact	True
things	03	06	things	3	190	1.49	283.1	True	exact	True
things	03	06	things	4	190	1.49	283.1	True	exact	True
things	03	06	things	5	190	1.49	283.1	True	exact	True
things	03	06	things	6	190	1.49	283.1	True	exact	True
things	03	07	things	1	190	1.49	283.1	True	exact	True
things	03	07	things	2	190	1.49	283.1	True	exact	True
things	03	07	things	3	190	1.49	283.1	True	exact	True
things	03	07	things	4	190	1.49	283.1	True	exact	True
things	03	07	things	5	190	1.49	283.1	True	exact	True
things	03	07	things	6	190	1.49	283.1	True	exact	True
things	03	08	things	1	190	1.49	283.1	True	exact	True
things	03	08	things	2	190	1.49	283.1	True	exact	True
things	03	08	things	3	190	1.49	283.1	True	exact	True
things	03	08	things	4	190	1.49	283.1	True	exact	True
things	03	08	things	5	190	1.49	283.1	True	exact	True
things	03	08	things	6	190	1.49	283.1	True	exact	True
things	03	09	things	1	190	1.49	283.1	True	exact	True
things	03	09	things	2	190	1.49	283.1	True	exact	True
things	03	09	things	3	190	1.49	283.1	True	exact	True
things	03	09	things	4	190	1.49	283.1	True	exact	True
things	03	09	things	5	190	1.49	283.1	True	exact	True
things	03	09	things	6	190	1.49	283.1	True	exact	True
things	03	10	things	1	190	1.49	283.1	True	exact	True
things	03	10	things	2	190	1.49	283.1	True	exact	True
things	03	10	things	3	190	1.49	283.1	True	exact	True
things	03	10	things	4	190	1.49	283.1	True	exact	True
things	03	10	things	5	190	1.49	283.1	True	exact	True
things	03	10	things	6	190	1.49	283.1	True	exact	True
things	03	11	things	1	190	1.49	283.1	True	exact	True
things	03	11	things	2	190	1.49	283.1	True	exact	True
things	03	11	things	3	190	1.49	283.1	True	exact	True
things	03	11	things	4	190	1.49	283.1	True	exact	True
things	03	11	things	5	190	1.49	283.1	True	exact	True
things	03	11	things	6	190	1.49	283.1	True	exact	True
things	03	12	things	1	190	1.49	283.1	True	exact	True
things	03	12	things	2	190	1.49	283.1	True	exact	True
things	03	12	things	3	190	1.49	283.1	True	exact	True
things	03	12	things	4	190	1.49	283.1	True	exact	True
things	03	12	things	5	190	1.49	283.1	True	exact	True
things	03	12	things	6	190	1.49	283.1	True	exact	True
things	03	13	things	1	190	1.49	283.1	True	exact	True
things	03	13	things	2	190	1.49	283.1	True	exact	True
things	03	13	things	3	190	1.49	283.1	True	exact	True
things	03	13	things	4	190	1.49	283.1	True	exact	True
things	03	13	things	5	190	1.49	283.1	True	exact	True
things	03	13	things	6	190	1.49	283.1	True	exact	True
things	03	14	things	1	190	1.49	283.1	True	exact	True
things	03	14	things	2	190	1.49	283.1	True	exact	True
things	03	14	things	3	190	1.49	283.1	True	exact	True
things	03	14	things	4	190	1.49	283.1	True	exact	True
things	03	14	things	5	190	1.49	283.1	True	exact	True
things	03	14	things	6	190	1.49	283.1	True	exact	True
things	03	15	things	1	190	1.49	283.1	True	exact	True
things	03	15	things	2	190	1.49	283.1	True	exact	True
things	03	15	things	3	190	1.49	283.1	True	exact	True
things	03	15	things	4	190	1.49	283.1	True	exact	True
things	03	15	things	5	190	1.49	283.1	True	exact	True
things	03	15	things	6	190	1.49	283.1	True	exact	True
things	03	16	things	1	190	1.49	283.1	True	exact	True
things	03	16	things	2	190	1.49	283.1	True	exact	True
things	03	16	things	3	190	1.49	283.1	True	exact	True
things	03	16	things	4	190	1.49	283.1	True	exact	True
things	03	16	things	5	190	1.49	283.1	True	exact	True
things	03	16	things	6	190	1.49	283.1	True	exact	True
things	03	17	things	1	190	1.49	283.1	True	exact	True
things	03	17	things	2	190	1.49	283.1	True	exact	True
things	03	17	things	3	190	1.49	283.1	True	exact	True
things	03	17	things	4	190	1.49	283.1	True	exact	True
things	03	17	things	5	190	1.49	283.1	True	exact	True
things	03	17	things	6	190	1.49	283.1	True	exact	True
things	03	18	things	1	190	1.49	283.1	True	exact	True
things	03	18	things	2	190	1.49	283.1	True	exact	True
things	03	18	things	3	190	1.49	283.1	True	exact	True
things	03	18	things	4	190	1.49	283.1	True	exact	True
things	03	18	things	5	190	1.49	283.1	True	exact	True
things	03	18	things	6	190	1.49	283.1	True	exact	True
things	03	19	things	1	190	1.49	283.1	True	exact	True
things	03	19	things	2	190	1.49	283.1	True	exact	True
things	03	19	things	3	190	1.49	283.1	True	exact	True
things	03	19	things	4	190	1.49	283.1	True	exact	True
things	03	19	things	5	190	1.49	283.1	True	exact	True
things	03	19	things	6	190	1.49	283.1	True	exact	True
things	03	20	things	1	190	1.49	283.1	True	exact	True
things	03	20	things	2	190	1.49	283.1	True	exact	True
things	03	20	things	3	190	1.49	283.1	True	exact	True
things	03	20	things	4	190	1.49	283.1	True	exact	True
things	03	20	things	5	190	1.49	283.1	True	exact	True
things	03	20	things	6	190	1.49	283.1	True	exact	True
things	03	21	things	1	190	1.49	283.1	True	exact	True
things	03	21	things	2	190	1.49	283.1	True	exact	True
things	03	21	things	3	190	1.49	283.1	True	exact	True
things	03	21	things	4	190	1.49	283.1	True	exact	True
things	03	21	things	5	190	1.49	283.1	True	exact	True
things	03	21	things	6	190	1.49	283.1	True	exact	True
things	03	22	things	1	190	1.49	283.1	True	exact	True
things	03	22	things	2	190	1.49	283.1	True	exact	True
things	03	22	things	3	190	1.49	283.1	True	exact	True
things	03	22	things	4	190	1.49	283.1	True	exact	True
things	03	22	things	5	190	1.49	283.1	True	exact	True
things	03	22	things	6	190	1.49	283.1	True	exact	True
things	03	23	things	1	190	1.49	283.1	True	exact	True
things	03	23	things	2	190	1.49	283.1	True	exact	True
things	03	23	things	3	190	1.49	283.1	True	exact	True
things	03	23	things	4	190	1.49	283.1	True	exact	True
things	03	23	things	5	190	1.49	283.1	True	exact	True
things	03	23	things	6	190	1.49	283.1	True	exact	True
things	03	24	things	1	190	1.49	283.1	True	exact	True
things	03	24	things	2	190	1.49	283.1	True	exact	True
things	03	24	things	3	190	1.49	283.1	True	exact	True
things	03	24	things	4	190	1.49	283.1	True	exact	True
things	03	24	things	5	190	1.49	283.1	True	exact	True
things	03	24	things	6	190	1.49	283.1	True	exact	True
things	03	25	things	1	190	1.49	283.1	True	exact	True
things	03	25	things	2	190	1.49	283.1	True	exact	True
things	03	25	things	3	190	1.49	283.1	True	exact	True
things	03	25	things	4	190	1.49	283.1	True	exact	True
things	03	25	things	5	190	1.49	283.1	True	exact	True
things	03	25	things	6	190	1.49	283.1	True	exact	True
things	03	26	things	1	190	1.49	283.1	True	exact	True
things	03	26	things	2	190	1.49	283.1	True	exact	True
things	03	26	things	3	190	1.49	283.1	True	exact	True
things	03	26	things	4	190	1.49	283.1	True	exact	True
things	03	26	things	5	190	1.49	283.1	True	exact	True
things	03	26	things	6	190	1.49	283.1	True	exact	True
things	03	27	things	1	190	1.49	283.1	True	exact	True
things	03	27	things	2	190	1.49	283.1	True	exact	True
things	03	27	things	3	190	1.49	283.1	True	exact	True
things	03	27	things	4	190	1.49	283.1	True	exact	True
things	03	27	things	5	190	1.49	283.1	True	exact	True
things	03	27	things	6	190	1.49	283.1	True	exact	True
things	03	28	things	1	190	1.49	283.1	True	exact	True
things	03	28	things	2	190	1.49	283.1	True	exact	True
things	03	28	things	3	190	1.49	283.1	True	exact	True
things	03	28	things	4	190	1.49	283.1	True	exact	True
things	03	28	things	5	190	1.49	283.1	True	exact	True
things	03	28	things	6	190	1.49	283.1	True	exact	True
things	03	29	things	1	190	1.49	283.1	True	exact	True
things	03	29	things	2	190	1.49	283.1	True	exact	True
things	03	29	things	3	190	1.49	283.1	True	exact	True
things	03	29	things	4	190	1.49	283.1	True	exact	True
things	03	29	things	5	190	1.49	283.1	True	exact	True
things	03	29	things	6	190	1.49	283.1	True	exact	True
things	03	30	things	1	190	1.49	283.1	True	exact	True
things	03	30	things	2	190	1.49	283.1	True	exact	True
things	03	30	things	3	190	1.49	283.1	True	exact	True
things	03	30	things	4	190	1.49	283.1	True	exact	True
things	03	30	things	5	190	1.49	283.1	True	exact	True
things	03	30	things	6	190	1.49	283.1	True	exact	True
things	03	31	things	1	190	1.49	283.1	True	exact	True
things	03	31	things	2	190	1.49	283.1	True	exact	True
things	03	31	things	3	190	1.49	283.1	True	exact	True
things	03	31	things	4	190	1.49	283.1	True	exact	True
things	03	31	things	5	190	1.49	283.1	True	exact	True
things	03	31	things	6	190	1.49	283.1	True	exact	True
things	03	32	things	1	190	1.49	283.1	True	exact	True
things	03	32	things	2	190	1.49	283.1	True	exact	True
things	03	32	things	3	190	1.49	283.1	True	exact	True
things	03	32	things	4	190	1.49	283.1	True	exact	True
things	03	32	things	5	190	1.49	283.1	True	exact	True
things	03	32	things	6	190	1.49	283.1	True	exact	True
things	03	33	things	1	190	1.49	283.1	True	exact	True
things	03	33	things	2	190	1.49	283.1	True	exact	True
things	03	33	things	3	190	1.49	283.1	True	exact	True
things	03	33	things	4	190	1.49	283.1	True	exact	True
things	03	33	things	5	190	1.49	283.1	True	exact	True
things	03	33	things	6	190	1.49	283.1	True	exact	True
things	03	34	things	1	190	1.49	283.1	True	exact	True
things	03	34	things	2	190	1.49	283.1	True	exact	True
things	03	34	things	3	190	1.49	283.1	True	exact	True
things	03	34	things	4	190	1.49	283.1	True	exact	True
things	03	34	things	5	190	1.49	283.1	True	exact	True
things	03	34	things	6	190	1.49	283.1	True	exact	True
things	03	35	things	1	190	1.49	283.1	True	exact	True
things	03	35	things	2	190	1.49	283.1	True	exact	True
things	03	35	things	3	190	1.49	283.1	True	exact	True
things	03	35	things	4	190	1.49	283.1	True	exact	True
things	03	35	things	5	190	1.49	283.1	True	exact	True
things	03	35	things	6	190	1.49	283.1	True	exact	True
things	03	36	things	1	190	1.49	283.1	True	exact	True
things	03	36	things	2	190	1.49	283.1	True	exact	True
things	03	36	things	3	190	1.49	283.1	True	exact	True
things	03	36	things	4	190	1.49	283.1	True	exact	True
things	03	36	things	5	190	1.49	283.1	True	exact	True
things	03	36	things	6	190	1.49	283.1	True	exact	True
things	06	01	things	1	190	1.49	283.1	True	exact	True
things	06	01	things	2	190	1.49	283.1	True	exact	True
things	06	01	things	3	190	1.49	283.1	True	exact	True
things	06	02	things	1	190	1.49	283.1	True	exact	True
things	06	02	things	2	190	1.49	283.1	True	exact	True
things	06	02	things	3	190	1.49	283.1	True	exact	True
things	06	02	things	4	190	1.49	283.1	True	exact	True
things	06	02	things	5	190	1.49	283.1	True	exact	True
things	06	02	things	6	190	1.49	283.1	True	exact	True
things	06	03	things	1	190	1.49	283.1	True	exact	True
things	06	03	things	2	190	1.49	283.1	True	exact	True
things	06	03	things	3	190	1.49	283.1	True	exact	True
things	06	03	things	4	190	1.49	283.1	True	exact	True
things	06	03	things	5	190	1.49	283.1	True	exact	True
things	06	03	things	6	190	1.49	283.1	True	exact	True
things	06	04	things	1	190	1.49	283.1	True	exact	True
things	06	04	things	2	190	1.49	283.1	True	exact	True
things	06	04	things	3	190	1.49	283.1	True	exact	True
things	06	04	things	4	190	1.49	283.1	True	exact	True
things	06	04	things	5	190	1.49	283.1	True	exact	True
things	06	04	things	6	190	1.49	283.1	True	exact	True
things	06	05	things	1	190	1.49	283.1	True	exact	True
things	06	05	things	2	190	1.49	283.1	True	exact	True
things	06	05	things	3	190	1.49	283.1	True	exact	True
things	06	05	things	4	190	1.49	283.1	True	exact	True
things	06	05	things	5	190	1.49	283.1	True	exact	True
things	06	05	things	6	190	1.49	283.1	True	exact	True
things	06	06	things	1	190	1.49	283.1	True	exact	True
things	06	06	things	2	190	1.49	283.1	True	exact	True
things	06	06	things	3	190	1.49	283.1	True	exact	True
things	06	06	things	4	190	1.49	283.1	True	exact	True
things	06	06	things	5	190	1.49	283.1	True	exact	True
things	06	06	things	6	190	1.49	283.1	True	exact	True
things	06	07	things	1	190	1.49	283.1	True	exact	True
things	06	07	things	2	190	1.49	283.1	True	exact	True
things	06	07	things	3	190	1.49	283.1	True	exact	True
things	06	07	things	4	190	1.49	283.1	True	exact	True
things	06	07	things	5	190	1.49	283.1	True	exact	True
things	06	07	things	6	190	1.49	283.1	True	exact	True
things	06	08	things	1	190	1.49	283.1	True	exact	True
things	06	08	things	2	190	1.49	283.1	True	exact	True
things	06	08	things	3	190	1.49	283.1	True	exact	True
things	06	08	things	4	190	1.49	283.1	True	exact	True
things	06	08	things	5	190	1.49	283.1	True	exact	True
things	06	08	things	6	190	1.49	283.1	False	unmatched	True
things	06	09	things	1	190	1.49	283.1	True	exact	True
things	06	09	things	2	190	1.49	283.1	True	exact	True
things	06	09	things	3	190	1.49	283.1	True	exact	True
things	06	09	things	4	190	1.49	283.1	True	exact	True
things	06	09	things	5	190	1.49	283.1	True	exact	True
things	06	09	things	6	190	1.49	283.1	True	exact	True
things	06	10	things	1	190	1.49	283.1	True	exact	True
things	06	10	things	2	190	1.49	283.1	True	exact	True
things	06	10	things	3	190	1.49	283.1	True	exact	True
things	06	10	things	4	190	1.49	283.1	True	exact	True
things	06	10	things	5	190	1.49	283.1	True	exact	True
things	06	10	things	6	190	1.49	283.1	True	exact	True
things	06	11	things	1	190	1.49	283.1	True	exact	True
things	06	11	things	2	190	1.49	283.1	True	exact	True
things	06	11	things	3	190	1.49	283.1	True	exact	True
things	06	11	things	4	190	1.49	283.1	True	exact	True
things	06	11	things	5	190	1.49	283.1	True	exact	True
things	06	11	things	6	190	1.49	283.1	True	exact	True
things	06	12	things	1	190	1.49	283.1	True	exact	True
things	06	12	things	2	190	1.49	283.1	True	exact	True
things	06	12	things	3	190	1.49	283.1	True	exact	True
things	06	12	things	4	190	1.49	283.1	True	exact	True
things	06	12	things	5	190	1.49	283.1	True	exact	True
things	06	12	things	6	190	1.49	283.1	True	exact	True
things	06	13	things	1	190	1.49	283.1	True	exact	True
things	06	13	things	2	190	1.49	283.1	True	exact	True
things	06	13	things	3	190	1.49	283.1	True	exact	True
things	06	13	things	4	190	1.49	283.1	True	exact	True
things	06	13	things	5	190	1.49	283.1	True	exact	True
things	06	13	things	6	190	1.49	283.1	True	exact	True
things	06	14	things	1	190	1.49	283.1	True	exact	True
things	06	14	things	2	190	1.49	283.1	True	exact	True
things	06	14	things	3	190	1.49	283.1	True	exact	True
things	06	14	things	4	190	1.49	283.1	True	exact	True
things	06	14	things	5	190	1.49	283.1	True	exact	True
things	06	14	things	6	190	1.49	283.1	True	exact	True
things	06	15	things	1	190	1.49	283.1	True	exact	True
things	06	15	things	2	190	1.49	283.1	True	exact	True
things	06	15	things	3	190	1.49	283.1	True	exact	True
things	06	15	things	4	190	1.49	283.1	True	exact	True
things	06	15	things	5	190	1.49	283.1	True	exact	True
things	06	15	things	6	190	1.49	283.1	True	exact	True
things	06	16	things	1	190	1.49	283.1	True	exact	True
things	06	16	things	2	190	1.49	283.1	True	exact	True
things	06	16	things	3	190	1.49	283.1	True	exact	True
things	06	16	things	4	190	1.49	283.1	True	exact	True
things	06	16	things	5	190	1.49	283.1	True	exact	True
things	06	16	things	6	190	1.49	283.1	True	exact	True
things	06	17	things	1	190	1.49	283.1	True	exact	True
things	06	17	things	2	190	1.49	283.1	True	exact	True
things	06	17	things	3	190	1.49	283.1	True	exact	True
things	06	17	things	4	190	1.49	283.1	True	exact	True
things	06	17	things	5	190	1.49	283.1	True	exact	True
things	06	17	things	6	190	1.49	283.1	True	exact	True
things	06	18	things	1	190	1.49	283.1	True	exact	True
things	06	18	things	2	190	1.49	283.1	True	exact	True
things	06	18	things	3	190	1.49	283.1	True	exact	True
things	06	18	things	4	190	1.49	283.1	True	exact	True
things	06	18	things	5	190	1.49	283.1	True	exact	True
things	06	18	things	6	190	1.49	283.1	True	exact	True
things	06	19	things	1	190	1.49	283.1	True	exact	True
things	06	19	things	2	190	1.49	283.1	True	exact	True
things	06	19	things	3	190	1.49	283.1	True	exact	True
things	06	19	things	4	190	1.49	283.1	True	exact	True
things	06	19	things	5	190	1.49	283.1	True	exact	True
things	06	19	things	6	190	1.49	283.1	True	exact	True
things	06	20	things	1	190	1.49	283.1	True	exact	True
things	06	20	things	2	190	1.49	283.1	True	exact	True
things	06	20	things	3	190	1.49	283.1	True	exact	True
things	06	20	things	4	190	1.49	283.1	True	exact	True
things	06	20	things	5	190	1.49	283.1	True	exact	True
things	06	20	things	6	190	1.49	283.1	True	exact	True
things	06	21	things	1	190	1.49	283.1	True	exact	True
things	06	21	things	2	190	1.49	283.1	True	exact	True
things	06	21	things	3	190	1.49	283.1	True	exact	True
things	06	21	things	4	190	1.49	283.1	True	exact	True
things	06	21	things	5	190	1.49	283.1	True	exact	True
things	06	21	things	6	190	1.49	283.1	True	exact	True
things	06	22	things	1	190	1.49	283.1	True	exact	True
things	06	22	things	2	190	1.49	283.1	True	exact	True
things	06	22	things	3	190	1.49	283.1	True	exact	True
things	06	22	things	4	190	1.49	283.1	True	exact	True
things	06	22	things	5	190	1.49	283.1	True	exact	True
things	06	22	things	6	190	1.49	283.1	True	exact	True
things	06	23	things	1	190	1.49	283.1	True	exact	True
things	06	23	things	2	190	1.49	283.1	True	exact	True
things	06	23	things	3	190	1.49	283.1	True	exact	True
things	06	23	things	4	190	1.49	283.1	True	exact	True
things	06	23	things	5	190	1.49	283.1	True	exact	True
things	06	23	things	6	190	1.49	283.1	True	exact	True
things	06	24	things	1	190	1.49	283.1	True	exact	True
things	06	24	things	2	190	1.49	283.1	True	exact	True
things	06	24	things	3	190	1.49	283.1	True	exact	True
things	06	24	things	4	190	1.49	283.1	True	exact	True
things	06	24	things	5	190	1.49	283.1	True	exact	True
things	06	24	things	6	190	1.49	283.1	True	exact	True
things	06	25	things	1	190	1.49	283.1	True	exact	True
things	06	25	things	2	190	1.49	283.1	True	exact	True
things	06	25	things	3	190	1.49	283.1	True	exact	True
things	06	25	things	4	190	1.49	283.1	True	exact	True
things	06	25	things	5	190	1.49	283.1	True	exact	True
things	06	25	things	6	190	1.49	283.1	True	exact	True
things	06	26	things	1	190	1.49	283.1	True	exact	True
things	06	26	things	2	190	1.49	283.1	True	exact	True
things	06	26	things	3	190	1.49	283.1	True	exact	True
things	06	26	things	4	190	1.49	283.1	True	exact	True
things	06	26	things	5	190	1.49	283.1	True	exact	True
things	06	26	things	6	190	1.49	283.1	True	exact	True
things	06	27	things	1	190	1.49	283.1	True	exact	True
things	06	27	things	2	190	1.49	283.1	True	exact	True
things	06	27	things	3	190	1.49	283.1	True	exact	True
things	06	27	things	4	190	1.49	283.1	True	exact	True
things	06	27	things	5	190	1.49	283.1	True	exact	True
things	06	27	things	6	190	1.49	283.1	True	exact	True
things	06	28	things	1	190	1.49	283.1	True	exact	True
things	06	28	things	2	190	1.49	283.1	True	exact	True
things	06	28	things	3	190	1.49	283.1	True	exact	True
things	06	28	things	4	190	1.49	283.1	True	exact	True
things	06	28	things	5	190	1.49	283.1	True	exact	True
things	06	28	things	6	190	1.49	283.1	True	exact	True
things	06	29	things	1	190	1.49	283.1	True	exact	True
things	06	29	things	2	190	1.49	283.1	True	exact	True
things	06	29	things	3	190	1.49	283.1	True	exact	True
things	06	29	things	4	190	1.49	283.1	True	exact	True
things	06	29	things	5	190	1.49	283.1	True	exact	True
things	06	29	things	6	190	1.49	283.1	True	exact	True
things	06	30	things	1	190	1.49	283.1	True	exact	True
things	06	30	things	2	190	1.49	283.1	True	exact	True
things	06	30	things	3	190	1.49	283.1	True	exact	True
things	06	30	things	4	190	1.49	283.1	True	exact	True
things	06	30	things	5	190	1.49	283.1	True	exact	True
things	06	30	things	6	190	1.49	283.1	True	exact	True
things	06	31	things	1	190	1.49	283.1	True	exact	True
things	06	31	things	2	190	1.49	283.1	True	exact	True
things	06	31	things	3	190	1.49	283.1	True	exact	True
things	06	31	things	4	190	1.49	283.1	True	exact	True
things	06	31	things	5	190	1.49	283.1	True	exact	True
things	06	31	things	6	190	1.49	283.1	True	exact	True
things	06	32	things	1	190	1.49	283.1	True	exact	True
things	06	32	things	2	190	1.49	283.1	True	exact	True
things	06	32	things	3	190	1.49	283.1	True	exact	True
things	06	32	things	4	190	1.49	283.1	True	exact	True
things	06	32	things	5	190	1.49	283.1	True	exact	True
things	06	32	things	6	190	1.49	283.1	True	exact	True
things	06	33	things	1	190	1.49	283.1	True	exact	True
things	06	33	things	2	190	1.49	283.1	True	exact	True
things	06	33	things	3	190	1.49	283.1	True	exact	True
things	06	33	things	4	190	1.49	283.1	True	exact	True
things	06	33	things	5	190	1.49	283.1	True	exact	True
things	06	33	things	6	190	1.49	283.1	True	exact	True
triplets	01	001	wordsfamiliarity	1	221	1.49	329.29	True	exact	True
triplets	01	001	wordsfamiliarity	2	221	1.49	329.29	True	exact	True
triplets	01	001	wordsfamiliarity	3	221	1.49	329.29	True	exact	True
triplets	01	002	wordsfamiliarity	1	221	1.49	329.29	True	exact	True
triplets	01	002	wordsfamiliarity	2	221	1.49	329.29	True	exact	True
triplets	01	002	wordsfamiliarity	3	221	1.49	329.29	True	exact	True
triplets	01	003	wordsfamiliarity	1	221	1.49	329.29	True	exact	True
triplets	01	003	wordsfamiliarity	2	221	1.49	329.29	True	exact	True
triplets	01	003	wordsfamiliarity	3	221	1.49	329.29	True	exact	True
triplets	01	004	wordsfamiliarity	1	221	1.49	329.29	True	exact	True
triplets	01	004	wordsfamiliarity	2	221	1.49	329.29	True	exact	True
triplets	01	004	wordsfamiliarity	3	221	1.49	329.29	True	exact	True
triplets	01	005	wordsfamiliarity	1	221	1.49	329.29	True	exact	True
triplets	01	005	wordsfamiliarity	2	221	1.49	329.29	True	exact	True
triplets	01	005	wordsfamiliarity	3	221	1.49	329.29	True	exact	True
triplets	01	006	triplets	1	248	1.49	369.52	True	exact	True
triplets	01	006	triplets	2	248	1.49	369.52	True	exact	True
triplets	01	006	triplets	3	248	1.49	369.52	True	exact	True
triplets	01	007	triplets	1	248	1.49	369.52	True	exact	True
triplets	01	007	triplets	2	248	1.49	369.52	True	exact	True
triplets	01	007	triplets	3	248	1.49	369.52	True	exact	True
triplets	01	008	triplets	1	248	1.49	369.52	True	exact	True
triplets	01	008	triplets	2	248	1.49	369.52	True	exact	True
triplets	01	008	triplets	3	248	1.49	369.52	True	exact	True
triplets	01	009	triplets	1	248	1.49	369.52	True	exact	True
triplets	01	009	triplets	2	248	1.49	369.52	True	exact	True
triplets	01	009	triplets	3	248	1.49	369.52	True	exact	True
triplets	01	010	wordsfamiliarity	1	221	1.49	329.29	True	exact	True
triplets	01	010	wordsfamiliarity	2	221	1.49	329.29	True	exact	True
triplets	01	010	wordsfamiliarity	3	221	1.49	329.29	True	exact	True
triplets	01	011	wordsfamiliarity	1	221	1.49	329.29	True	exact	True
triplets	01	011	wordsfamiliarity	2	221	1.49	329.29	True	exact	True
triplets	01	011	wordsfamiliarity	3	221	1.49	329.29	True	exact	True
triplets	01	012	wordsfamiliarity	1	221	1.49	329.29	True	exact	True
triplets	01	012	wordsfamiliarity	2	221	1.49	329.29	True	exact	True
triplets	01	012	wordsfamiliarity	3	221	1.49	329.29	True	exact	True
triplets	01	013	wordsfamiliarity	1	221	1.49	329.29	True	exact	True
triplets	01	013	wordsfamiliarity	2	221	1.49	329.29	True	exact	True
triplets	01	013	wordsfamiliarity	3	221	1.49	329.29	True	exact	True
triplets	01	014	wordsfamiliarity	1	221	1.49	329.29	True	exact	True
triplets	01	014	wordsfamiliarity	2	221	1.49	329.29	True	exact	True
triplets	01	014	wordsfamiliarity	3	221	1.49	329.29	True	exact	True
triplets	01	015	triplets	1	248	1.49	369.52	True	exact	True
triplets	01	015	triplets	2	248	1.49	369.52	True	exact	True
triplets	01	015	triplets	3	248	1.49	369.52	True	exact	True
triplets	01	016	triplets	1	248	1.49	369.52	False	unmatched	True
triplets	01	016	triplets	2	248	1.49	369.52	False	unmatched	True
triplets	01	016	triplets	3	248	1.49	369.52	False	unmatched	True
triplets	01	017	triplets	1	248	1.49	369.52	True	exact	True
triplets	01	017	triplets	2	248	1.49	369.52	True	exact	True
triplets	01	017	triplets	3	248	1.49	369.52	True	exact	True
triplets	01	018	triplets	1	248	1.49	369.52	True	exact	True
triplets	01	018	triplets	2	248	1.49	369.52	True	exact	True
triplets	01	018	triplets	3	248	1.49	369.52	True	exact	True
triplets	01	019	wordsfamiliarity	1	221	1.49	329.29	True	exact	True
triplets	01	019	wordsfamiliarity	2	221	1.49	329.29	True	exact	True
triplets	01	019	wordsfamiliarity	3	221	1.49	329.29	True	exact	True
triplets	01	020	wordsfamiliarity	1	221	1.49	329.29	True	exact	True
triplets	01	020	wordsfamiliarity	2	221	1.49	329.29	True	exact	True
triplets	01	020	wordsfamiliarity	3	221	1.49	329.29	True	exact	True
triplets	01	021	wordsfamiliarity	1	221	1.49	329.29	True	exact	True
triplets	01	021	wordsfamiliarity	2	221	1.49	329.29	True	exact	True
triplets	01	021	wordsfamiliarity	3	221	1.49	329.29	True	exact	True
triplets	01	022	wordsfamiliarity	1	221	1.49	329.29	True	exact	True
triplets	01	022	wordsfamiliarity	2	221	1.49	329.29	True	exact	True
triplets	01	022	wordsfamiliarity	3	221	1.49	329.29	True	exact	True
triplets	01	023	wordsfamiliarity	1	221	1.49	329.29	True	exact	True
triplets	01	023	wordsfamiliarity	2	221	1.49	329.29	True	exact	True
triplets	01	023	wordsfamiliarity	3	221	1.49	329.29	True	exact	True
triplets	01	024	triplets	1	248	1.49	369.52	True	exact	True
triplets	01	024	triplets	2	248	1.49	369.52	True	exact	True
triplets	01	024	triplets	3	248	1.49	369.52	True	exact	True
triplets	01	025	triplets	1	248	1.49	369.52	True	exact	True
triplets	01	025	triplets	2	248	1.49	369.52	True	exact	True
triplets	01	025	triplets	3	248	1.49	369.52	True	exact	True
triplets	01	026	triplets	1	248	1.49	369.52	True	exact	True
triplets	01	026	triplets	2	248	1.49	369.52	True	exact	True
triplets	01	026	triplets	3	248	1.49	369.52	True	exact	True
triplets	01	027	triplets	1	248	1.49	369.52	True	exact	True
triplets	01	027	triplets	2	248	1.49	369.52	True	exact	True
triplets	01	027	triplets	3	248	1.49	369.52	True	exact	True
triplets	02	001	wordsfamiliarity	1	221	1.49	329.29	True	exact	True
triplets	02	001	wordsfamiliarity	2	221	1.49	329.29	True	exact	True
triplets	02	001	wordsfamiliarity	3	221	1.49	329.29	True	exact	True
triplets	02	002	wordsfamiliarity	1	221	1.49	329.29	True	exact	True
triplets	02	002	wordsfamiliarity	2	221	1.49	329.29	True	exact	True
triplets	02	002	wordsfamiliarity	3	221	1.49	329.29	True	exact	True
triplets	02	003	wordsfamiliarity	1	221	1.49	329.29	True	exact	True
triplets	02	003	wordsfamiliarity	2	221	1.49	329.29	True	exact	True
triplets	02	003	wordsfamiliarity	3	221	1.49	329.29	True	exact	True
triplets	02	004	wordsfamiliarity	1	221	1.49	329.29	True	exact	True
triplets	02	004	wordsfamiliarity	2	221	1.49	329.29	True	exact	True
triplets	02	004	wordsfamiliarity	3	221	1.49	329.29	True	exact	True
triplets	02	005	wordsfamiliarity	1	221	1.49	329.29	True	exact	True
triplets	02	005	wordsfamiliarity	2	221	1.49	329.29	True	exact	True
triplets	02	005	wordsfamiliarity	3	221	1.49	329.29	True	exact	True
triplets	02	006	triplets	1	248	1.49	369.52	True	exact	True
triplets	02	006	triplets	2	248	1.49	369.52	True	exact	True
triplets	02	006	triplets	3	248	1.49	369.52	True	exact	True
triplets	02	007	triplets	1	248	1.49	369.52	True	exact	True
triplets	02	007	triplets	2	248	1.49	369.52	True	exact	True
triplets	02	007	triplets	3	248	1.49	369.52	True	exact	True
triplets	02	008	triplets	1	248	1.49	369.52	True	exact	True
triplets	02	008	triplets	2	248	1.49	369.52	True	exact	True
triplets	02	008	triplets	3	248	1.49	369.52	True	exact	True
triplets	02	009	triplets	1	248	1.49	369.52	True	exact	True
triplets	02	009	triplets	2	248	1.49	369.52	True	exact	True
triplets	02	009	triplets	3	248	1.49	369.52	True	exact	True
triplets	02	010	wordsfamiliarity	1	221	1.49	329.29	True	exact	True
triplets	02	010	wordsfamiliarity	2	221	1.49	329.29	True	exact	True
triplets	02	010	wordsfamiliarity	3	221	1.49	329.29	True	exact	True
triplets	02	011	wordsfamiliarity	1	221	1.49	329.29	True	exact	True
triplets	02	011	wordsfamiliarity	2	221	1.49	329.29	True	exact	True
triplets	02	011	wordsfamiliarity	3	221	1.49	329.29	True	exact	True
triplets	02	012	wordsfamiliarity	1	221	1.49	329.29	True	exact	True
triplets	02	012	wordsfamiliarity	2	221	1.49	329.29	True	exact	True
triplets	02	012	wordsfamiliarity	3	221	1.49	329.29	True	exact	True
triplets	02	013	wordsfamiliarity	1	221	1.49	329.29	True	exact	True
triplets	02	013	wordsfamiliarity	2	221	1.49	329.29	True	exact	True
triplets	02	013	wordsfamiliarity	3	221	1.49	329.29	True	exact	True
triplets	02	014	wordsfamiliarity	1	221	1.49	329.29	True	exact	True
triplets	02	014	wordsfamiliarity	2	221	1.49	329.29	True	exact	True
triplets	02	014	wordsfamiliarity	3	221	1.49	329.29	True	exact	True
triplets	02	015	triplets	1	248	1.49	369.52	True	exact	True
triplets	02	015	triplets	2	248	1.49	369.52	True	exact	True
triplets	02	015	triplets	3	248	1.49	369.52	True	exact	True
triplets	02	016	triplets	1	248	1.49	369.52	True	exact	True
triplets	02	016	triplets	2	248	1.49	369.52	True	exact	True
triplets	02	016	triplets	3	248	1.49	369.52	True	exact	True
triplets	02	017	triplets	1	248	1.49	369.52	True	exact	True
triplets	02	017	triplets	2	248	1.49	369.52	True	exact	True
triplets	02	017	triplets	3	248	1.49	369.52	True	exact	True
triplets	02	018	triplets	1	248	1.49	369.52	True	exact	True
triplets	02	018	triplets	2	248	1.49	369.52	True	exact	True
triplets	02	018	triplets	3	248	1.49	369.52	True	exact	True
triplets	02	019	wordsfamiliarity	1	221	1.49	329.29	True	exact	True
triplets	02	019	wordsfamiliarity	2	221	1.49	329.29	True	exact	True
triplets	02	019	wordsfamiliarity	3	221	1.49	329.29	True	exact	True
triplets	02	020	wordsfamiliarity	1	221	1.49	329.29	True	exact	True
triplets	02	020	wordsfamiliarity	2	221	1.49	329.29	True	exact	True
triplets	02	020	wordsfamiliarity	3	221	1.49	329.29	True	exact	True
triplets	02	021	wordsfamiliarity	1	221	1.49	329.29	True	exact	True
triplets	02	021	wordsfamiliarity	2	221	1.49	329.29	True	exact	True
triplets	02	021	wordsfamiliarity	3	221	1.49	329.29	True	exact	True
triplets	02	022	wordsfamiliarity	1	221	1.49	329.29	True	exact	True
triplets	02	022	wordsfamiliarity	2	221	1.49	329.29	True	exact	True
triplets	02	022	wordsfamiliarity	3	221	1.49	329.29	True	exact	True
triplets	02	023	wordsfamiliarity	1	221	1.49	329.29	True	exact	True
triplets	02	023	wordsfamiliarity	2	221	1.49	329.29	True	exact	True
triplets	02	023	wordsfamiliarity	3	221	1.49	329.29	True	exact	True
triplets	02	024	triplets	1	248	1.49	369.52	True	exact	True
triplets	02	024	triplets	2	248	1.49	369.52	True	exact	True
triplets	02	024	triplets	3	248	1.49	369.52	True	exact	True
triplets	02	025	triplets	1	248	1.49	369.52	True	exact	True
triplets	02	025	triplets	2	248	1.49	369.52	True	exact	True
triplets	02	025	triplets	3	248	1.49	369.52	True	exact	True
triplets	02	026	triplets	1	248	1.49	369.52	True	exact	True
triplets	02	026	triplets	2	248	1.49	369.52	True	exact	True
triplets	02	026	triplets	3	248	1.49	369.52	True	exact	True
triplets	02	027	triplets	1	248	1.49	369.52	True	exact	True
triplets	02	027	triplets	2	248	1.49	369.52	True	exact	True
triplets	02	027	triplets	3	248	1.49	369.52	True	exact	True
triplets	03	001	wordsfamiliarity	1	215	1.49	320.35	True	exact	True
triplets	03	001	wordsfamiliarity	2	215	1.49	320.35	True	exact	True
triplets	03	001	wordsfamiliarity	3	215	1.49	320.35	True	exact	True
triplets	03	002	wordsfamiliarity	1	221	1.49	329.29	False	unmatched	True
triplets	03	002	wordsfamiliarity	2	226	1.49	336.74	False	unmatched	True
triplets	03	002	wordsfamiliarity	3	221	1.49	329.29	False	unmatched	True
triplets	03	003	wordsfamiliarity	1	221	1.49	329.29	True	exact	True
triplets	03	003	wordsfamiliarity	2	221	1.49	329.29	True	exact	True
triplets	03	003	wordsfamiliarity	3	221	1.49	329.29	True	exact	True
triplets	03	004	wordsfamiliarity	1	221	1.49	329.29	True	exact	True
triplets	03	004	wordsfamiliarity	2	221	1.49	329.29	True	exact	True
triplets	03	004	wordsfamiliarity	3	221	1.49	329.29	True	exact	True
triplets	03	005	wordsfamiliarity	1	221	1.49	329.29	True	exact	True
triplets	03	005	wordsfamiliarity	2	221	1.49	329.29	True	exact	True
triplets	03	005	wordsfamiliarity	3	221	1.49	329.29	True	exact	True
triplets	03	006	triplets	1	248	1.49	369.52	True	exact	True
triplets	03	006	triplets	2	248	1.49	369.52	True	exact	True
triplets	03	006	triplets	3	248	1.49	369.52	True	exact	True
triplets	03	007	triplets	1	248	1.49	369.52	True	exact	True
triplets	03	007	triplets	2	248	1.49	369.52	True	exact	True
triplets	03	007	triplets	3	248	1.49	369.52	True	exact	True
triplets	03	008	triplets	1	248	1.49	369.52	True	exact	True
triplets	03	008	triplets	2	248	1.49	369.52	True	exact	True
triplets	03	008	triplets	3	248	1.49	369.52	True	exact	True
triplets	03	009	triplets	1	248	1.49	369.52	True	exact	True
triplets	03	009	triplets	2	248	1.49	369.52	True	exact	True
triplets	03	009	triplets	3	248	1.49	369.52	True	exact	True
triplets	03	010	wordsfamiliarity	1	221	1.49	329.29	True	exact	True
triplets	03	010	wordsfamiliarity	2	221	1.49	329.29	True	exact	True
triplets	03	010	wordsfamiliarity	3	221	1.49	329.29	True	exact	True
triplets	03	011	wordsfamiliarity	1	221	1.49	329.29	True	exact	True
triplets	03	011	wordsfamiliarity	2	221	1.49	329.29	True	exact	True
triplets	03	011	wordsfamiliarity	3	221	1.49	329.29	True	exact	True
triplets	03	012	wordsfamiliarity	1	221	1.49	329.29	True	exact	True
triplets	03	012	wordsfamiliarity	2	221	1.49	329.29	True	exact	True
triplets	03	012	wordsfamiliarity	3	221	1.49	329.29	True	exact	True
triplets	03	013	wordsfamiliarity	1	228	1.49	339.71999999999997	False	unmatched	True
triplets	03	013	wordsfamiliarity	2	221	1.49	329.29	True	exact	True
triplets	03	013	wordsfamiliarity	3	221	1.49	329.29	True	exact	True
triplets	03	014	wordsfamiliarity	1	221	1.49	329.29	True	exact	True
triplets	03	014	wordsfamiliarity	2	221	1.49	329.29	True	exact	True
triplets	03	014	wordsfamiliarity	3	221	1.49	329.29	True	exact	True
triplets	03	015	triplets	1	248	1.49	369.52	True	exact	True
triplets	03	015	triplets	2	248	1.49	369.52	True	exact	True
triplets	03	015	triplets	3	248	1.49	369.52	True	exact	True
triplets	03	016	triplets	1	248	1.49	369.52	True	exact	True
triplets	03	016	triplets	2	248	1.49	369.52	True	exact	True
triplets	03	016	triplets	3	248	1.49	369.52	True	exact	True
triplets	03	017	triplets	1	248	1.49	369.52	True	exact	True
triplets	03	017	triplets	2	248	1.49	369.52	True	exact	True
triplets	03	017	triplets	3	248	1.49	369.52	True	exact	True
triplets	03	018	triplets	1	248	1.49	369.52	True	exact	True
triplets	03	018	triplets	2	248	1.49	369.52	True	exact	True
triplets	03	018	triplets	3	248	1.49	369.52	True	exact	True
triplets	03	019	wordsfamiliarity	1	221	1.49	329.29	True	exact	True
triplets	03	019	wordsfamiliarity	2	221	1.49	329.29	True	exact	True
triplets	03	019	wordsfamiliarity	3	221	1.49	329.29	True	exact	True
triplets	03	020	wordsfamiliarity	1	221	1.49	329.29	True	exact	True
triplets	03	020	wordsfamiliarity	2	221	1.49	329.29	True	exact	True
triplets	03	020	wordsfamiliarity	3	221	1.49	329.29	True	exact	True
triplets	03	021	wordsfamiliarity	1	221	1.49	329.29	True	exact	True
triplets	03	021	wordsfamiliarity	2	221	1.49	329.29	True	exact	True
triplets	03	021	wordsfamiliarity	3	221	1.49	329.29	True	exact	True
triplets	03	022	wordsfamiliarity	1	221	1.49	329.29	True	exact	True
triplets	03	022	wordsfamiliarity	2	221	1.49	329.29	True	exact	True
triplets	03	022	wordsfamiliarity	3	221	1.49	329.29	True	exact	True
triplets	03	023	wordsfamiliarity	1	221	1.49	329.29	True	exact	True
triplets	03	023	wordsfamiliarity	2	221	1.49	329.29	True	exact	True
triplets	03	023	wordsfamiliarity	3	221	1.49	329.29	True	exact	True
triplets	03	024	triplets	1	248	1.49	369.52	True	exact	True
triplets	03	024	triplets	2	248	1.49	369.52	True	exact	True
triplets	03	024	triplets	3	248	1.49	369.52	True	exact	True
triplets	03	025	triplets	1	248	1.49	369.52	True	exact	True
triplets	03	025	triplets	2	248	1.49	369.52	True	exact	True
triplets	03	025	triplets	3	248	1.49	369.52	True	exact	True
triplets	03	026	triplets	1	248	1.49	369.52	True	exact	True
triplets	03	026	triplets	2	248	1.49	369.52	True	exact	True
triplets	03	026	triplets	3	248	1.49	369.52	True	exact	True
triplets	03	027	triplets	1	248	1.49	369.52	True	exact	True
triplets	03	027	triplets	2	248	1.49	369.52	True	exact	True
triplets	03	027	triplets	3	248	1.49	369.52	True	exact	True
triplets	06	001	wordsfamiliarity	1	227	1.49	338.23	False	unmatched	True
triplets	06	001	wordsfamiliarity	2	221	1.49	329.29	True	exact	True
triplets	06	001	wordsfamiliarity	3	221	1.49	329.29	True	exact	True
triplets	06	002	wordsfamiliarity	1	221	1.49	329.29	True	exact	True
triplets	06	002	wordsfamiliarity	2	221	1.49	329.29	True	exact	True
triplets	06	002	wordsfamiliarity	3	221	1.49	329.29	True	exact	True
triplets	06	003	wordsfamiliarity	1	221	1.49	329.29	True	exact	True
triplets	06	003	wordsfamiliarity	2	221	1.49	329.29	True	exact	True
triplets	06	003	wordsfamiliarity	3	221	1.49	329.29	True	exact	True
triplets	06	004	wordsfamiliarity	1	221	1.49	329.29	True	exact	True
triplets	06	004	wordsfamiliarity	2	221	1.49	329.29	True	exact	True
triplets	06	004	wordsfamiliarity	3	221	1.49	329.29	True	exact	True
triplets	06	005	wordsfamiliarity	1	221	1.49	329.29	True	exact	True
triplets	06	005	wordsfamiliarity	2	221	1.49	329.29	True	exact	True
triplets	06	005	wordsfamiliarity	3	221	1.49	329.29	True	exact	True
triplets	06	006	triplets	1	248	1.49	369.52	False	unmatched	True
triplets	06	006	triplets	2	248	1.49	369.52	False	unmatched	True
triplets	06	006	triplets	3	248	1.49	369.52	False	unmatched	True
triplets	06	007	triplets	1	248	1.49	369.52	False	unmatched	True
triplets	06	007	triplets	2	248	1.49	369.52	False	unmatched	True
triplets	06	007	triplets	3	248	1.49	369.52	False	unmatched	True
triplets	06	008	triplets	1	248	1.49	369.52	True	exact	True
triplets	06	008	triplets	2	248	1.49	369.52	True	exact	True
triplets	06	008	triplets	3	248	1.49	369.52	True	exact	True
triplets	06	009	triplets	1	248	1.49	369.52	True	exact	True
triplets	06	009	triplets	2	248	1.49	369.52	True	exact	True
triplets	06	009	triplets	3	248	1.49	369.52	True	exact	True
triplets	06	010	wordsfamiliarity	1	221	1.49	329.29	True	exact	True
triplets	06	010	wordsfamiliarity	2	221	1.49	329.29	True	exact	True
triplets	06	010	wordsfamiliarity	3	221	1.49	329.29	True	exact	True
triplets	06	011	wordsfamiliarity	1	221	1.49	329.29	True	exact	True
triplets	06	011	wordsfamiliarity	2	221	1.49	329.29	True	exact	True
triplets	06	011	wordsfamiliarity	3	221	1.49	329.29	True	exact	True
triplets	06	012	wordsfamiliarity	1	221	1.49	329.29	True	exact	True
triplets	06	012	wordsfamiliarity	2	221	1.49	329.29	True	exact	True
triplets	06	012	wordsfamiliarity	3	221	1.49	329.29	True	exact	True
triplets	06	013	wordsfamiliarity	1	221	1.49	329.29	True	exact	True
triplets	06	013	wordsfamiliarity	2	221	1.49	329.29	True	exact	True
triplets	06	013	wordsfamiliarity	3	221	1.49	329.29	True	exact	True
triplets	06	014	wordsfamiliarity	1	221	1.49	329.29	True	exact	True
triplets	06	014	wordsfamiliarity	2	221	1.49	329.29	True	exact	True
triplets	06	014	wordsfamiliarity	3	221	1.49	329.29	True	exact	True
triplets	06	015	triplets	1	248	1.49	369.52	True	exact	True
triplets	06	015	triplets	2	248	1.49	369.52	True	exact	True
triplets	06	015	triplets	3	248	1.49	369.52	True	exact	True
triplets	06	016	triplets	1	248	1.49	369.52	True	exact	True
triplets	06	016	triplets	2	248	1.49	369.52	True	exact	True
triplets	06	016	triplets	3	248	1.49	369.52	True	exact	True
triplets	06	017	triplets	1	248	1.49	369.52	True	exact	True
triplets	06	017	triplets	2	248	1.49	369.52	True	exact	True
triplets	06	017	triplets	3	248	1.49	369.52	True	exact	True
triplets	06	018	triplets	1	248	1.49	369.52	True	exact	True
triplets	06	018	triplets	2	248	1.49	369.52	True	exact	True
triplets	06	018	triplets	3	248	1.49	369.52	True	exact	True
triplets	06	019	wordsfamiliarity	1	221	1.49	329.29	True	exact	True
triplets	06	019	wordsfamiliarity	2	221	1.49	329.29	True	exact	True
triplets	06	019	wordsfamiliarity	3	221	1.49	329.29	True	exact	True
triplets	06	020	wordsfamiliarity	1	221	1.49	329.29	True	exact	True
triplets	06	020	wordsfamiliarity	2	221	1.49	329.29	True	exact	True
triplets	06	020	wordsfamiliarity	3	221	1.49	329.29	True	exact	True
triplets	06	021	wordsfamiliarity	1	221	1.49	329.29	True	exact	True
triplets	06	021	wordsfamiliarity	2	221	1.49	329.29	True	exact	True
triplets	06	021	wordsfamiliarity	3	221	1.49	329.29	True	exact	True
triplets	06	022	wordsfamiliarity	1	221	1.49	329.29	True	exact	True
triplets	06	022	wordsfamiliarity	2	221	1.49	329.29	True	exact	True
triplets	06	022	wordsfamiliarity	3	221	1.49	329.29	True	exact	True
triplets	06	023	wordsfamiliarity	1	221	1.49	329.29	True	exact	True
triplets	06	023	wordsfamiliarity	2	221	1.49	329.29	True	exact	True
triplets	06	023	wordsfamiliarity	3	221	1.49	329.29	True	exact	True
triplets	06	024	triplets	1	248	1.49	369.52	True	exact	True
triplets	06	024	triplets	2	248	1.49	369.52	True	exact	True
triplets	06	024	triplets	3	248	1.49	369.52	True	exact	True
triplets	06	025	triplets	1	248	1.49	369.52	True	exact	True
triplets	06	025	triplets	2	248	1.49	369.52	True	exact	True
triplets	06	025	triplets	3	248	1.49	369.52	True	exact	True
triplets	06	026	triplets	1	248	1.49	369.52	True	exact	True
triplets	06	026	triplets	2	248	1.49	369.52	True	exact	True
triplets	06	026	triplets	3	248	1.49	369.52	True	exact	True
triplets	06	027	triplets	1	248	1.49	369.52	True	exact	True
triplets	06	027	triplets	2	248	1.49	369.52	True	exact	True
triplets	06	027	triplets	3	248	1.49	369.52	True	exact	True
