bin	n	median	q25	q75	mean	sd	network	gate	measure	n_edges_valid	n_edges_total	domain
within-subject / within-title	1579	0.9531870224674142	0.9415307527337645	0.9616146503508578	0.9503710675118481	0.016511162811738665	Vis	all	pearson	13041	13041	movies
within-subject / between-title	10983	0.9334974722898275	0.8924606545486395	0.949398518216476	0.9166984886870243	0.04575471160319445	Vis	all	pearson	13041	13041	movies
between-subject / within-title	7644	0.6922551498079608	0.6664870122786303	0.7257092467515973	0.6954254730047001	0.040045247863633324	Vis	all	pearson	13041	13041	movies
between-subject / between-title	52947	0.6871207243685501	0.6595708940579752	0.7187337392896038	0.6884582113052334	0.040515309682997644	Vis	all	pearson	13041	13041	movies
within-subject / within-title	1130	0.9563441517939495	0.9480193759802791	0.9638430984397413	0.9550148356169164	0.012634523693688244	Vis	gated	pearson	13041	13041	movies
within-subject / between-title	8024	0.9392274900224722	0.9032713958561345	0.9521362353380206	0.9235194031531339	0.04126705844191017	Vis	gated	pearson	13041	13041	movies
between-subject / within-title	5642	0.695718220356824	0.6716517845583592	0.7292056608335953	0.6996853459542983	0.03830952430953883	Vis	gated	pearson	13041	13041	movies
between-subject / between-title	38179	0.6905988463708062	0.6650441479019474	0.7223275790369807	0.6930426136700205	0.038756770783599445	Vis	gated	pearson	13041	13041	movies
within-subject / within-title	1130	0.9563441517939495	0.9480193759802791	0.9638430984397413	0.9550148356169164	0.012634523693688244	Vis	qc_covered	pearson	13041	13041	movies
within-subject / between-title	8024	0.9392274900224722	0.9032713958561345	0.9521362353380206	0.9235194031531339	0.04126705844191017	Vis	qc_covered	pearson	13041	13041	movies
between-subject / within-title	5642	0.695718220356824	0.6716517845583592	0.7292056608335953	0.6996853459542983	0.03830952430953883	Vis	qc_covered	pearson	13041	13041	movies
between-subject / between-title	38179	0.6905988463708062	0.6650441479019474	0.7223275790369807	0.6930426136700205	0.038756770783599445	Vis	qc_covered	pearson	13041	13041	movies
within-subject / within-title	345	0.9561796082211192	0.9486529777014291	0.962925654368507	0.9550548686405204	0.011480682052143362	Vis	low_motion	pearson	13041	13041	movies
within-subject / between-title	1966	0.9383055752689646	0.896623398772591	0.9531143539976095	0.922220222526831	0.042113331569476505	Vis	low_motion	pearson	13041	13041	movies
between-subject / within-title	1537	0.6960807496846112	0.6728900742701261	0.731441223351692	0.7010008504103997	0.038605955189543656	Vis	low_motion	pearson	13041	13041	movies
between-subject / between-title	9682	0.6889061763277491	0.664033074310931	0.7196778380936899	0.6914161358831572	0.038247451040318584	Vis	low_motion	pearson	13041	13041	movies
within-subject / within-title	328	0.9553586035888533	0.9490503548741134	0.9625566998951554	0.9547046146743634	0.010944048096199753	Vis	high_tsnr	pearson	13041	13041	movies
within-subject / between-title	1803	0.9390369113507658	0.9005432281898917	0.9527595793196704	0.9220086402653255	0.0434531881813545	Vis	high_tsnr	pearson	13041	13041	movies
between-subject / within-title	1392	0.6943048834835848	0.6706856598072699	0.7227461620087847	0.6972645954368217	0.036573264814888665	Vis	high_tsnr	pearson	13041	13041	movies
between-subject / between-title	8880	0.6886234572315215	0.6633715444293158	0.7183327685355929	0.690552343341768	0.0381714342208025	Vis	high_tsnr	pearson	13041	13041	movies
within-subject / within-title	1579	0.9164083775065104	0.8927534196065531	0.9352981250770342	0.90928257395204	0.03736773625409594	SomMot	all	pearson	18721	18721	movies
within-subject / between-title	10983	0.8878202537826936	0.8491855849832024	0.9155094000326496	0.8773526437550216	0.051293617494377795	SomMot	all	pearson	18721	18721	movies
between-subject / within-title	7644	0.6104089621088442	0.5670509385814748	0.6503511113444309	0.6073528862609736	0.06001606744222364	SomMot	all	pearson	18721	18721	movies
between-subject / between-title	52947	0.6076877629427113	0.5635406523004518	0.6478543914949675	0.6043244518036172	0.06105759472534329	SomMot	all	pearson	18721	18721	movies
within-subject / within-title	1130	0.9244523034584247	0.9050068482688596	0.9395058427626444	0.918319004253888	0.031088995312931057	SomMot	gated	pearson	18721	18721	movies
within-subject / between-title	8024	0.897049781624486	0.8598282196611888	0.9199821222738269	0.8859958072397046	0.04527823591487557	SomMot	gated	pearson	18721	18721	movies
between-subject / within-title	5642	0.6139835052792959	0.5684614920450469	0.654574041467535	0.6108116237108538	0.060340778457689245	SomMot	gated	pearson	18721	18721	movies
between-subject / between-title	38179	0.612022966338787	0.5681117796677859	0.6524584351562115	0.6088355174383882	0.06073405689996516	SomMot	gated	pearson	18721	18721	movies
within-subject / within-title	1130	0.9244523034584247	0.9050068482688596	0.9395058427626444	0.918319004253888	0.031088995312931057	SomMot	qc_covered	pearson	18721	18721	movies
within-subject / between-title	8024	0.897049781624486	0.8598282196611888	0.9199821222738269	0.8859958072397046	0.04527823591487557	SomMot	qc_covered	pearson	18721	18721	movies
between-subject / within-title	5642	0.6139835052792959	0.5684614920450469	0.654574041467535	0.6108116237108538	0.060340778457689245	SomMot	qc_covered	pearson	18721	18721	movies
between-subject / between-title	38179	0.612022966338787	0.5681117796677859	0.6524584351562115	0.6088355174383882	0.06073405689996516	SomMot	qc_covered	pearson	18721	18721	movies
within-subject / within-title	345	0.9190165263018509	0.8930150026768239	0.9331648934847642	0.9103028136986832	0.03398866200288837	SomMot	low_motion	pearson	18721	18721	movies
within-subject / between-title	1966	0.8937492492651224	0.8528046141188272	0.9188558219528037	0.8831294419771352	0.0459041921068354	SomMot	low_motion	pearson	18721	18721	movies
between-subject / within-title	1537	0.6118017080155702	0.5656946251750083	0.655839910357215	0.608738392706513	0.061101232039761165	SomMot	low_motion	pearson	18721	18721	movies
between-subject / between-title	9682	0.6152834611163358	0.5708127888342485	0.6537519556507249	0.6107015306475652	0.05894906295713318	SomMot	low_motion	pearson	18721	18721	movies
within-subject / within-title	328	0.9247163668786218	0.9042381175132923	0.9382231894877554	0.9172869275656784	0.03159158142743948	SomMot	high_tsnr	pearson	18721	18721	movies
within-subject / between-title	1803	0.8975028876117019	0.8573798148431316	0.921648199090585	0.8859412084669396	0.04654577358583	SomMot	high_tsnr	pearson	18721	18721	movies
between-subject / within-title	1392	0.607206655376684	0.5604384510852001	0.6462775722124111	0.6036414351187205	0.06034302983649717	SomMot	high_tsnr	pearson	18721	18721	movies
between-subject / between-title	8880	0.6094347324637575	0.565342859755314	0.6477071522986495	0.6051267830047347	0.06033917381105235	SomMot	high_tsnr	pearson	18721	18721	movies
within-subject / within-title	1579	0.9468036620740073	0.9293203849549164	0.9585093909701086	0.9418555094604141	0.022398348887053266	DorsAttn	all	pearson	7381	7381	movies
within-subject / between-title	10983	0.9284881468979123	0.9056144816582947	0.9464520372137804	0.9204400871319897	0.03718939521722045	DorsAttn	all	pearson	7381	7381	movies
between-subject / within-title	7644	0.5448251994365533	0.5070740822882749	0.5851664312783709	0.5440544382913333	0.04855370082994084	DorsAttn	all	pearson	7381	7381	movies
between-subject / between-title	52947	0.5389429183947614	0.5015983495352363	0.5789665718485715	0.5384538641528355	0.05004173494434409	DorsAttn	all	pearson	7381	7381	movies
within-subject / within-title	1130	0.9520812316186639	0.9368683711209886	0.9613907821708099	0.9479722379782018	0.018540735213025943	DorsAttn	gated	pearson	7381	7381	movies
within-subject / between-title	8024	0.9349333182318647	0.9141267004944064	0.9508163078185431	0.9274320961698151	0.03340957962257857	DorsAttn	gated	pearson	7381	7381	movies
between-subject / within-title	5642	0.5491226056587222	0.5114026730472625	0.5890176499952794	0.5482342178214858	0.04752004840345457	DorsAttn	gated	pearson	7381	7381	movies
between-subject / between-title	38179	0.5437958089841521	0.5067594263438003	0.5837492143462072	0.5435506222588813	0.04872648865782101	DorsAttn	gated	pearson	7381	7381	movies
within-subject / within-title	1130	0.9520812316186639	0.9368683711209886	0.9613907821708099	0.9479722379782018	0.018540735213025943	DorsAttn	qc_covered	pearson	7381	7381	movies
within-subject / between-title	8024	0.9349333182318647	0.9141267004944064	0.9508163078185431	0.9274320961698151	0.03340957962257857	DorsAttn	qc_covered	pearson	7381	7381	movies
between-subject / within-title	5642	0.5491226056587222	0.5114026730472625	0.5890176499952794	0.5482342178214858	0.04752004840345457	DorsAttn	qc_covered	pearson	7381	7381	movies
between-subject / between-title	38179	0.5437958089841521	0.5067594263438003	0.5837492143462072	0.5435506222588813	0.04872648865782101	DorsAttn	qc_covered	pearson	7381	7381	movies
within-subject / within-title	345	0.9504036436507987	0.9321191162599796	0.9607328491918817	0.9457117410899194	0.01961338641283325	DorsAttn	low_motion	pearson	7381	7381	movies
within-subject / between-title	1966	0.9349148023784373	0.9137074626448126	0.9509658175992979	0.9276992157320023	0.03278123864639089	DorsAttn	low_motion	pearson	7381	7381	movies
between-subject / within-title	1537	0.5495336342324658	0.509118880984688	0.5893325193499581	0.5474153980949198	0.04755216645410228	DorsAttn	low_motion	pearson	7381	7381	movies
between-subject / between-title	9682	0.5421719014960531	0.5038719644980115	0.5811423640298513	0.5414304149562476	0.04770113479887175	DorsAttn	low_motion	pearson	7381	7381	movies
within-subject / within-title	328	0.9505078659848736	0.9354597809325653	0.959768792943731	0.9462516807248489	0.018741625929772462	DorsAttn	high_tsnr	pearson	7381	7381	movies
within-subject / between-title	1803	0.9353706130157431	0.912307471713685	0.9525743848870352	0.9263336188757433	0.036310610082659615	DorsAttn	high_tsnr	pearson	7381	7381	movies
between-subject / within-title	1392	0.5478322339221497	0.5072738920823184	0.587228298823534	0.5449752445063553	0.04910629610261329	DorsAttn	high_tsnr	pearson	7381	7381	movies
between-subject / between-title	8880	0.5425663868803621	0.5028046406065927	0.5820151271944495	0.5407453896931173	0.04941793120824655	DorsAttn	high_tsnr	pearson	7381	7381	movies
within-subject / within-title	1579	0.9284334989364603	0.9059275862169536	0.9449406268790035	0.9234029028152498	0.0288371969345882	SalVentAttn	all	pearson	7260	7260	movies
within-subject / between-title	10983	0.9024894349946168	0.8658058422729313	0.9274223941583335	0.888097253169162	0.054820381200662474	SalVentAttn	all	pearson	7260	7260	movies
between-subject / within-title	7644	0.5386077500805367	0.4942834247047081	0.5971012257790724	0.5447774955421687	0.06513829429593634	SalVentAttn	all	pearson	7260	7260	movies
between-subject / between-title	52947	0.5348497230251841	0.4909239587289219	0.5919431235349764	0.5409269672042637	0.06481449776740204	SalVentAttn	all	pearson	7260	7260	movies
within-subject / within-title	1130	0.9355104604611881	0.9184165605307653	0.9493272831516348	0.9317505058750821	0.02346728344772311	SalVentAttn	gated	pearson	7260	7260	movies
within-subject / between-title	8024	0.910661653665884	0.8791426528648278	0.9319666750327269	0.8973575342966611	0.049208644884610755	SalVentAttn	gated	pearson	7260	7260	movies
between-subject / within-title	5642	0.5432121511920559	0.49934191167485853	0.6019439102296806	0.5497865796424718	0.06408471582840401	SalVentAttn	gated	pearson	7260	7260	movies
between-subject / between-title	38179	0.5386253497467073	0.49596596691217965	0.5956827420591533	0.5451768098547205	0.06378408475012051	SalVentAttn	gated	pearson	7260	7260	movies
within-subject / within-title	1130	0.9355104604611881	0.9184165605307653	0.9493272831516348	0.9317505058750821	0.02346728344772311	SalVentAttn	qc_covered	pearson	7260	7260	movies
within-subject / between-title	8024	0.910661653665884	0.8791426528648278	0.9319666750327269	0.8973575342966611	0.049208644884610755	SalVentAttn	qc_covered	pearson	7260	7260	movies
between-subject / within-title	5642	0.5432121511920559	0.49934191167485853	0.6019439102296806	0.5497865796424718	0.06408471582840401	SalVentAttn	qc_covered	pearson	7260	7260	movies
between-subject / between-title	38179	0.5386253497467073	0.49596596691217965	0.5956827420591533	0.5451768098547205	0.06378408475012051	SalVentAttn	qc_covered	pearson	7260	7260	movies
within-subject / within-title	345	0.9320188601351035	0.9132482493274133	0.9467612701906173	0.9278466588471102	0.024822862936363876	SalVentAttn	low_motion	pearson	7260	7260	movies
within-subject / between-title	1966	0.9089278220741499	0.8759306800991047	0.9306846109263017	0.8966076260775623	0.04815256518865812	SalVentAttn	low_motion	pearson	7260	7260	movies
between-subject / within-title	1537	0.5362283175621163	0.49519881411893657	0.610376216148591	0.548675220529552	0.0682898905376739	SalVentAttn	low_motion	pearson	7260	7260	movies
between-subject / between-title	9682	0.5305654938793994	0.4917119448853531	0.5962869632932432	0.5415043997597841	0.0649317626178686	SalVentAttn	low_motion	pearson	7260	7260	movies
within-subject / within-title	328	0.9309386800104142	0.9125482571083253	0.9466969665680516	0.9280657673354568	0.023430383747491682	SalVentAttn	high_tsnr	pearson	7260	7260	movies
within-subject / between-title	1803	0.9077322388558862	0.8743420747551873	0.9326413853020691	0.8963262534699055	0.04901088628826733	SalVentAttn	high_tsnr	pearson	7260	7260	movies
between-subject / within-title	1392	0.5254564159825468	0.48997394269423244	0.5875662410388688	0.5378728500204614	0.06320465266354147	SalVentAttn	high_tsnr	pearson	7260	7260	movies
between-subject / between-title	8880	0.5276960317480708	0.4896696391586006	0.5842993574304025	0.5361110244422752	0.062273471977179355	SalVentAttn	high_tsnr	pearson	7260	7260	movies
within-subject / within-title	1579	0.8703576390101002	0.8255995586255989	0.8993597567831525	0.8553094673600208	0.06266877975749366	Limbic	all	pearson	1770	1770	movies
within-subject / between-title	10983	0.813298828922878	0.5564995522138418	0.8666155851740088	0.725310042560496	0.18313581743034765	Limbic	all	pearson	1770	1770	movies
between-subject / within-title	7644	0.4757555243091856	0.42350106408180493	0.5275323756851493	0.47800620632619994	0.07306244231692442	Limbic	all	pearson	1770	1770	movies
between-subject / between-title	52947	0.442283424236457	0.37957957756933114	0.5016797465715535	0.44232166673473333	0.08686412776932388	Limbic	all	pearson	1770	1770	movies
within-subject / within-title	1130	0.8785685275089763	0.8379022386726609	0.9048133621612697	0.8655525936093996	0.05582105940513854	Limbic	gated	pearson	1770	1770	movies
within-subject / between-title	8024	0.8287201530012622	0.5796171982716429	0.873050951767737	0.7398277206872009	0.18036792871972857	Limbic	gated	pearson	1770	1770	movies
between-subject / within-title	5642	0.4784732770167158	0.42585370886224055	0.5288006215902816	0.47985610291470393	0.07153698994097137	Limbic	gated	pearson	1770	1770	movies
between-subject / between-title	38179	0.4482117463195076	0.3858507313005918	0.5054678596885727	0.44736493619208795	0.08524298761479954	Limbic	gated	pearson	1770	1770	movies
within-subject / within-title	1130	0.8785685275089763	0.8379022386726609	0.9048133621612697	0.8655525936093996	0.05582105940513854	Limbic	qc_covered	pearson	1770	1770	movies
within-subject / between-title	8024	0.8287201530012622	0.5796171982716429	0.873050951767737	0.7398277206872009	0.18036792871972857	Limbic	qc_covered	pearson	1770	1770	movies
between-subject / within-title	5642	0.4784732770167158	0.42585370886224055	0.5288006215902816	0.47985610291470393	0.07153698994097137	Limbic	qc_covered	pearson	1770	1770	movies
between-subject / between-title	38179	0.4482117463195076	0.3858507313005918	0.5054678596885727	0.44736493619208795	0.08524298761479954	Limbic	qc_covered	pearson	1770	1770	movies
within-subject / within-title	345	0.8836282054543694	0.8387279003815722	0.9053938488734491	0.8666003290874071	0.05568774709446981	Limbic	low_motion	pearson	1770	1770	movies
within-subject / between-title	1966	0.8238341541177852	0.5663216833357402	0.8717320374285766	0.7324925682660803	0.1800131775494511	Limbic	low_motion	pearson	1770	1770	movies
between-subject / within-title	1537	0.4669560438003893	0.4178449307735719	0.5201292275771431	0.4709042264143669	0.07163330555962784	Limbic	low_motion	pearson	1770	1770	movies
between-subject / between-title	9682	0.4458279805067779	0.3849617863508561	0.5021749015964948	0.4453507201468457	0.08453466123621159	Limbic	low_motion	pearson	1770	1770	movies
within-subject / within-title	328	0.8786210816055944	0.8270366049427621	0.9020583954434649	0.8601511822374937	0.05795153460237442	Limbic	high_tsnr	pearson	1770	1770	movies
within-subject / between-title	1803	0.828461495462629	0.5647276156557216	0.8712832583888335	0.7376306833141604	0.17893619574273603	Limbic	high_tsnr	pearson	1770	1770	movies
between-subject / within-title	1392	0.4622441026422278	0.413844951519406	0.5253936377669995	0.46995737308323043	0.07424137603002241	Limbic	high_tsnr	pearson	1770	1770	movies
between-subject / between-title	8880	0.4449961054968009	0.38501650407042265	0.5010518035222682	0.44523490447900593	0.08306019215268606	Limbic	high_tsnr	pearson	1770	1770	movies
within-subject / within-title	1579	0.9452913401099967	0.928387182266631	0.9589574067281998	0.9406220179198059	0.02539541321615229	Cont	all	pearson	8128	8128	movies
within-subject / between-title	10983	0.9274130174960905	0.8983664319728828	0.9453336251807958	0.9174671429027269	0.03882681701368252	Cont	all	pearson	8128	8128	movies
between-subject / within-title	7644	0.5088489150454272	0.4795840034076383	0.5478299955226272	0.5132153940200073	0.047213460321408	Cont	all	pearson	8128	8128	movies
between-subject / between-title	52947	0.5025453935621902	0.4725148294127304	0.5388959713441083	0.5059524113850451	0.04698373579470558	Cont	all	pearson	8128	8128	movies
within-subject / within-title	1130	0.9514537559493045	0.9377463522413139	0.9617762098134399	0.9473459780189397	0.02169697604647766	Cont	gated	pearson	8128	8128	movies
within-subject / between-title	8024	0.9334508647865036	0.9089841931978453	0.9490712734340743	0.9244280964314574	0.03493805330516574	Cont	gated	pearson	8128	8128	movies
between-subject / within-title	5642	0.5121033775180713	0.4835054183377477	0.552853176152857	0.5175905795050058	0.04709953023328189	Cont	gated	pearson	8128	8128	movies
between-subject / between-title	38179	0.5075429310541372	0.4773585344653237	0.5443143794732488	0.5108385329520068	0.04691366485650079	Cont	gated	pearson	8128	8128	movies
within-subject / within-title	1130	0.9514537559493045	0.9377463522413139	0.9617762098134399	0.9473459780189397	0.02169697604647766	Cont	qc_covered	pearson	8128	8128	movies
within-subject / between-title	8024	0.9334508647865036	0.9089841931978453	0.9490712734340743	0.9244280964314574	0.03493805330516574	Cont	qc_covered	pearson	8128	8128	movies
between-subject / within-title	5642	0.5121033775180713	0.4835054183377477	0.552853176152857	0.5175905795050058	0.04709953023328189	Cont	qc_covered	pearson	8128	8128	movies
between-subject / between-title	38179	0.5075429310541372	0.4773585344653237	0.5443143794732488	0.5108385329520068	0.04691366485650079	Cont	qc_covered	pearson	8128	8128	movies
within-subject / within-title	345	0.9483788439050341	0.9332272637725681	0.9615701625872347	0.9454816134194971	0.020841158419413898	Cont	low_motion	pearson	8128	8128	movies
within-subject / between-title	1966	0.934650436280983	0.9073454501577413	0.9500222661485084	0.9254861439119674	0.03373625334495791	Cont	low_motion	pearson	8128	8128	movies
between-subject / within-title	1537	0.507536973129837	0.4795313318373123	0.5514671974738499	0.5140735693911888	0.04768784424196303	Cont	low_motion	pearson	8128	8128	movies
between-subject / between-title	9682	0.5039568277169377	0.47474478187675456	0.5399076155934901	0.5075284817865439	0.04596094193678912	Cont	low_motion	pearson	8128	8128	movies
within-subject / within-title	328	0.946469766967554	0.933913912206336	0.9604980573634772	0.9428849649478459	0.02649504296958181	Cont	high_tsnr	pearson	8128	8128	movies
within-subject / between-title	1803	0.9332659489564985	0.9037707001010314	0.9495424911320196	0.9224945001622323	0.03845068788736267	Cont	high_tsnr	pearson	8128	8128	movies
between-subject / within-title	1392	0.5106623894897055	0.48134696588585074	0.5502609456836374	0.5152186668022731	0.04569061681552658	Cont	high_tsnr	pearson	8128	8128	movies
between-subject / between-title	8880	0.5032820634377579	0.47526175480604216	0.5371671952069742	0.5065098500071329	0.04472050106598099	Cont	high_tsnr	pearson	8128	8128	movies
within-subject / within-title	1579	0.9471525754211001	0.932459707799558	0.9589451371357437	0.9431296748341748	0.021102095079560835	Default	all	pearson	21736	21736	movies
within-subject / between-title	10983	0.9272470233443487	0.8911111449388531	0.9460029388086029	0.912198487349641	0.04767722263273385	Default	all	pearson	21736	21736	movies
between-subject / within-title	7644	0.5693649515868098	0.5401740480491528	0.6008483800798721	0.5691461333926661	0.039265847286719044	Default	all	pearson	21736	21736	movies
between-subject / between-title	52947	0.5566437087640799	0.5270918366531074	0.5890456328676186	0.556597602735416	0.04330152505868841	Default	all	pearson	21736	21736	movies
within-subject / within-title	1130	0.9514732670832616	0.940634067975069	0.961410271314592	0.9492933611888917	0.01653809337523498	Default	gated	pearson	21736	21736	movies
within-subject / between-title	8024	0.9340379662464161	0.9034059777822242	0.949112003258908	0.9205904956978146	0.040634407451333704	Default	gated	pearson	21736	21736	movies
between-subject / within-title	5642	0.5716340387308345	0.5441584622774249	0.6041156542308963	0.5727459502199603	0.037898259550468404	Default	gated	pearson	21736	21736	movies
between-subject / between-title	38179	0.5620846735277688	0.5343341515353545	0.5942106117212456	0.5628379535590916	0.040689334783353084	Default	gated	pearson	21736	21736	movies
within-subject / within-title	1130	0.9514732670832616	0.940634067975069	0.961410271314592	0.9492933611888917	0.01653809337523498	Default	qc_covered	pearson	21736	21736	movies
within-subject / between-title	8024	0.9340379662464161	0.9034059777822242	0.949112003258908	0.9205904956978146	0.040634407451333704	Default	qc_covered	pearson	21736	21736	movies
between-subject / within-title	5642	0.5716340387308345	0.5441584622774249	0.6041156542308963	0.5727459502199603	0.037898259550468404	Default	qc_covered	pearson	21736	21736	movies
between-subject / between-title	38179	0.5620846735277688	0.5343341515353545	0.5942106117212456	0.5628379535590916	0.040689334783353084	Default	qc_covered	pearson	21736	21736	movies
within-subject / within-title	345	0.9499919346086835	0.939158868869367	0.9612930078300427	0.9483663868641348	0.015878712738290036	Default	low_motion	pearson	21736	21736	movies
within-subject / between-title	1966	0.9330120867768501	0.9011794382651815	0.9495015999820309	0.9206765377919608	0.04007845378037366	Default	low_motion	pearson	21736	21736	movies
between-subject / within-title	1537	0.5752280118567827	0.5451030952118024	0.6056008746506396	0.5745708861758326	0.03837833279062929	Default	low_motion	pearson	21736	21736	movies
between-subject / between-title	9682	0.5617750058545676	0.5325486517116427	0.5953700802397119	0.5622457816015279	0.04111224801617286	Default	low_motion	pearson	21736	21736	movies
within-subject / within-title	328	0.9498167464961498	0.939238277016291	0.9612205698851977	0.9476699586271451	0.017655908430678487	Default	high_tsnr	pearson	21736	21736	movies
within-subject / between-title	1803	0.9334351729872349	0.9026169325407299	0.9499864573612167	0.9195290300060214	0.042821963263573855	Default	high_tsnr	pearson	21736	21736	movies
between-subject / within-title	1392	0.5770168568384376	0.5456738682426585	0.6059714222797539	0.5759668407536717	0.03667511040910676	Default	high_tsnr	pearson	21736	21736	movies
between-subject / between-title	8880	0.5606593666082678	0.5331874099962293	0.5939875643300966	0.5621187703673606	0.0410836781379268	Default	high_tsnr	pearson	21736	21736	movies
within-subject / within-title	1579	0.9377451366179475	0.9180518362935637	0.9508014873137601	0.9316750373835898	0.028585925626510113	cerebellum	all	pearson	3828	3828	movies
within-subject / between-title	10983	0.911495432291868	0.8371538751489807	0.9374668078899195	0.881124549645435	0.07716803505762426	cerebellum	all	pearson	3828	3828	movies
between-subject / within-title	7644	0.7087907540302334	0.6574491402119191	0.7450946036520354	0.6952861847291739	0.07261122080578092	cerebellum	all	pearson	3828	3828	movies
between-subject / between-title	52947	0.6983464932024684	0.6402883536516628	0.7362946088708782	0.6824894426305559	0.07838240607184388	cerebellum	all	pearson	3828	3828	movies
within-subject / within-title	1130	0.94209240163804	0.9261395737031467	0.9540099111268239	0.9374788781688884	0.02587731722435734	cerebellum	gated	pearson	3828	3828	movies
within-subject / between-title	8024	0.9200897361538047	0.8497161816283936	0.9414862719787123	0.8890441292779514	0.07521353033751581	cerebellum	gated	pearson	3828	3828	movies
between-subject / within-title	5642	0.7112150122514425	0.6571790541629202	0.7477526877463204	0.6967374572154331	0.07463555177922429	cerebellum	gated	pearson	3828	3828	movies
between-subject / between-title	38179	0.7026589176213903	0.6430043038607518	0.7402462036975961	0.6860409231509527	0.07943497721582854	cerebellum	gated	pearson	3828	3828	movies
within-subject / within-title	1130	0.94209240163804	0.9261395737031467	0.9540099111268239	0.9374788781688884	0.02587731722435734	cerebellum	qc_covered	pearson	3828	3828	movies
within-subject / between-title	8024	0.9200897361538047	0.8497161816283936	0.9414862719787123	0.8890441292779514	0.07521353033751581	cerebellum	qc_covered	pearson	3828	3828	movies
between-subject / within-title	5642	0.7112150122514425	0.6571790541629202	0.7477526877463204	0.6967374572154331	0.07463555177922429	cerebellum	qc_covered	pearson	3828	3828	movies
between-subject / between-title	38179	0.7026589176213903	0.6430043038607518	0.7402462036975961	0.6860409231509527	0.07943497721582854	cerebellum	qc_covered	pearson	3828	3828	movies
within-subject / within-title	345	0.9431116562799805	0.9276619227248285	0.9561361085546157	0.9372833896699951	0.027905626118007	cerebellum	low_motion	pearson	3828	3828	movies
within-subject / between-title	1966	0.9199200508884469	0.8409810642466277	0.9414770672003161	0.8883459415819848	0.07401580253349875	cerebellum	low_motion	pearson	3828	3828	movies
between-subject / within-title	1537	0.7121278960298711	0.6547913696294839	0.7517560715632204	0.6964238149458435	0.07731036405886071	cerebellum	low_motion	pearson	3828	3828	movies
between-subject / between-title	9682	0.7039414828901607	0.6425766938590535	0.7401393719906894	0.6852747195064148	0.08006730256116434	cerebellum	low_motion	pearson	3828	3828	movies
within-subject / within-title	328	0.9431635549480621	0.929487002523802	0.9545858817226338	0.9364853249506642	0.030078013681982645	cerebellum	high_tsnr	pearson	3828	3828	movies
within-subject / between-title	1803	0.9215811531779682	0.8429709479999019	0.9423078019855993	0.8896952111907384	0.07355314253344764	cerebellum	high_tsnr	pearson	3828	3828	movies
between-subject / within-title	1392	0.7138367132067149	0.6614276661032931	0.7499834383338595	0.7001443113735158	0.07173698006754296	cerebellum	high_tsnr	pearson	3828	3828	movies
between-subject / between-title	8880	0.7022403375373398	0.6458476926945951	0.7381095633216885	0.6863797400801724	0.0771827867992762	cerebellum	high_tsnr	pearson	3828	3828	movies
within-subject / within-title	1579	0.896949138825501	0.870752149820841	0.919655485980587	0.8903150794691161	0.04251747661954882	subcortex	all	pearson	1225	1225	movies
within-subject / between-title	10983	0.8663764903397315	0.810367277490859	0.9003261169566601	0.8473228239646361	0.07086144602205205	subcortex	all	pearson	1225	1225	movies
between-subject / within-title	7644	0.746742954202537	0.7018601185160742	0.7809246669728136	0.7373601900785022	0.06026347540105147	subcortex	all	pearson	1225	1225	movies
between-subject / between-title	52947	0.7345535702645525	0.691988575907138	0.7710466914608434	0.7280739255757057	0.05813883475246507	subcortex	all	pearson	1225	1225	movies
within-subject / within-title	1130	0.9055075175580398	0.8781987552325812	0.9244626069717568	0.8982188252138469	0.03783376034366329	subcortex	gated	pearson	1225	1225	movies
within-subject / between-title	8024	0.8754120806098424	0.8240784172302109	0.9068226566736187	0.8557147462627784	0.06949448871601381	subcortex	gated	pearson	1225	1225	movies
between-subject / within-title	5642	0.7517592177497245	0.7062504073612866	0.7854895535573483	0.7415646243937936	0.0595234655715084	subcortex	gated	pearson	1225	1225	movies
between-subject / between-title	38179	0.7411127656606726	0.6974603814276896	0.7769124992692047	0.7339378666739057	0.05720131824532915	subcortex	gated	pearson	1225	1225	movies
within-subject / within-title	1130	0.9055075175580398	0.8781987552325812	0.9244626069717568	0.8982188252138469	0.03783376034366329	subcortex	qc_covered	pearson	1225	1225	movies
within-subject / between-title	8024	0.8754120806098424	0.8240784172302109	0.9068226566736187	0.8557147462627784	0.06949448871601381	subcortex	qc_covered	pearson	1225	1225	movies
between-subject / within-title	5642	0.7517592177497245	0.7062504073612866	0.7854895535573483	0.7415646243937936	0.0595234655715084	subcortex	qc_covered	pearson	1225	1225	movies
between-subject / between-title	38179	0.7411127656606726	0.6974603814276896	0.7769124992692047	0.7339378666739057	0.05720131824532915	subcortex	qc_covered	pearson	1225	1225	movies
within-subject / within-title	345	0.898810134788452	0.867369526926003	0.9186889106524273	0.8896260609478238	0.039879840340914546	subcortex	low_motion	pearson	1225	1225	movies
within-subject / between-title	1966	0.8735485649098169	0.8216991145066834	0.9039390974247725	0.8541404257813873	0.06723433583891217	subcortex	low_motion	pearson	1225	1225	movies
between-subject / within-title	1537	0.7505592657418012	0.7031577546450113	0.7857954037162544	0.7410689263522913	0.06052732310950559	subcortex	low_motion	pearson	1225	1225	movies
between-subject / between-title	9682	0.7431063794302459	0.7009960304580971	0.7784182074602506	0.7361683262682173	0.05665319860493135	subcortex	low_motion	pearson	1225	1225	movies
within-subject / within-title	328	0.9052781223612125	0.8774933039901949	0.9224373538614444	0.8973567394622303	0.03610192852842725	subcortex	high_tsnr	pearson	1225	1225	movies
within-subject / between-title	1803	0.8751189294756724	0.8269236160041118	0.9060752120095971	0.856411674856464	0.06649370049067467	subcortex	high_tsnr	pearson	1225	1225	movies
between-subject / within-title	1392	0.7546422355950877	0.708551185345403	0.7866196049425819	0.7441715668164124	0.056952578760998386	subcortex	high_tsnr	pearson	1225	1225	movies
between-subject / between-title	8880	0.7399895030844599	0.6993203684906955	0.7747684610802951	0.7341509352125675	0.05401353873281956	subcortex	high_tsnr	pearson	1225	1225	movies
within-subject / within-dataset	1596	0.9381376851495705	0.9194135822609718	0.9514458505354522	0.9321486478512769	0.027827508200505346	Vis	all	pearson	13041	13041	videogames
within-subject / between-dataset	839	0.8583973158021697	0.8340405544433831	0.9023029375236731	0.8646692963669355	0.04125217778095065	Vis	all	pearson	13041	13041	videogames
between-subject / within-dataset	6202	0.644447833644608	0.6137282872580471	0.680305760396634	0.6486085700988288	0.05029032944943627	Vis	all	pearson	13041	13041	videogames
between-subject / between-dataset	4729	0.6227493762709226	0.5879393021631346	0.6591376809327282	0.6262103194537003	0.05031727303107208	Vis	all	pearson	13041	13041	videogames
within-subject / within-dataset	1240	0.9391472553410369	0.922259636397065	0.9526621681216411	0.9343042004894924	0.02663890026048094	Vis	gated	pearson	13041	13041	videogames
within-subject / between-dataset	429	0.8486124463063146	0.8314915225648177	0.8659428812923794	0.849040987272765	0.02689735403107548	Vis	gated	pearson	13041	13041	videogames
between-subject / within-dataset	4821	0.647105986302722	0.6178846370333181	0.6835254495451445	0.6523445122487628	0.048203461136739005	Vis	gated	pearson	13041	13041	videogames
between-subject / between-dataset	2963	0.6282982435645077	0.5933527700914336	0.6598320545852322	0.6281230395907977	0.04715768876057306	Vis	gated	pearson	13041	13041	videogames
within-subject / within-dataset	136	0.950967223447438	0.9392197691644468	0.9620662045129942	0.9495572864588167	0.015358583695917786	Vis	qc_covered	pearson	13041	13041	videogames
within-subject / between-dataset	0						Vis	qc_covered	pearson	13041	13041	videogames
between-subject / within-dataset	329	0.6444459872409177	0.5925616840001756	0.6876638278133743	0.6401827160941818	0.054152737037583706	Vis	qc_covered	pearson	13041	13041	videogames
between-subject / between-dataset	0						Vis	qc_covered	pearson	13041	13041	videogames
within-subject / within-dataset	35	0.9612361061494483	0.9535007416629797	0.9679112803845362	0.9599713086848561	0.009572447241741297	Vis	low_motion	pearson	13041	13041	videogames
within-subject / between-dataset	0						Vis	low_motion	pearson	13041	13041	videogames
between-subject / within-dataset	85	0.6484757461641012	0.5994192186536296	0.6811722804633118	0.6424365068799391	0.04629096457791916	Vis	low_motion	pearson	13041	13041	videogames
between-subject / between-dataset	0						Vis	low_motion	pearson	13041	13041	videogames
within-subject / within-dataset	26	0.9576035613593981	0.952420879867316	0.9682280857691737	0.959158079856928	0.010929551717467541	Vis	high_tsnr	pearson	13041	13041	videogames
within-subject / between-dataset	0						Vis	high_tsnr	pearson	13041	13041	videogames
between-subject / within-dataset	65	0.6548028976117811	0.6111662324851908	0.6882765529488825	0.6465648487465957	0.04895106557216543	Vis	high_tsnr	pearson	13041	13041	videogames
between-subject / between-dataset	0						Vis	high_tsnr	pearson	13041	13041	videogames
within-subject / within-dataset	1596	0.902453303335141	0.8651302336778474	0.9308135294937099	0.89218344150949	0.049340091073051796	SomMot	all	pearson	18721	18721	videogames
within-subject / between-dataset	839	0.8465434413548303	0.8133795581564798	0.8893120160745894	0.8448576553706758	0.05068302289670603	SomMot	all	pearson	18721	18721	videogames
between-subject / within-dataset	6202	0.5222729302501585	0.48413396025051736	0.5601917680612069	0.5222802271397953	0.061221193593942055	SomMot	all	pearson	18721	18721	videogames
between-subject / between-dataset	4729	0.5208420569237417	0.4710440184565069	0.5613719318230354	0.516221122649389	0.06607473312547249	SomMot	all	pearson	18721	18721	videogames
within-subject / within-dataset	1240	0.903943273090003	0.8662994205557366	0.9316925193837579	0.8930204462176365	0.05046956929498096	SomMot	gated	pearson	18721	18721	videogames
within-subject / between-dataset	429	0.8316537449899503	0.8042024361567552	0.8508663676968099	0.8259449101485217	0.03812041418221077	SomMot	gated	pearson	18721	18721	videogames
between-subject / within-dataset	4821	0.5231313938157466	0.48365005484761653	0.5622593921601784	0.522968020622747	0.06284528587356367	SomMot	gated	pearson	18721	18721	videogames
between-subject / between-dataset	2963	0.5245601400423759	0.4704411825314419	0.5597498037196998	0.5146953089968369	0.06633169641037731	SomMot	gated	pearson	18721	18721	videogames
within-subject / within-dataset	136	0.9286777264646062	0.9145232777677821	0.941277058874749	0.9243156911581285	0.02438135220602969	SomMot	qc_covered	pearson	18721	18721	videogames
within-subject / between-dataset	0						SomMot	qc_covered	pearson	18721	18721	videogames
between-subject / within-dataset	329	0.5303225540383316	0.4709641298275724	0.5871047802042112	0.5272939428821302	0.07226958605408337	SomMot	qc_covered	pearson	18721	18721	videogames
between-subject / between-dataset	0						SomMot	qc_covered	pearson	18721	18721	videogames
within-subject / within-dataset	35	0.9378267208693154	0.9282720611492388	0.9441887503546738	0.9368914419543204	0.011690987599101749	SomMot	low_motion	pearson	18721	18721	videogames
within-subject / between-dataset	0						SomMot	low_motion	pearson	18721	18721	videogames
between-subject / within-dataset	85	0.5628867908306813	0.47451558013940465	0.6117390980039107	0.5430406748231583	0.07754867738043303	SomMot	low_motion	pearson	18721	18721	videogames
between-subject / between-dataset	0						SomMot	low_motion	pearson	18721	18721	videogames
within-subject / within-dataset	26	0.9375016693436338	0.9277236922362592	0.9461007673035721	0.9368732448893056	0.012951830363502012	SomMot	high_tsnr	pearson	18721	18721	videogames
within-subject / between-dataset	0						SomMot	high_tsnr	pearson	18721	18721	videogames
between-subject / within-dataset	65	0.5719837495272181	0.485568393616783	0.6276306859595059	0.5542219004922916	0.07832476047142331	SomMot	high_tsnr	pearson	18721	18721	videogames
between-subject / between-dataset	0						SomMot	high_tsnr	pearson	18721	18721	videogames
within-subject / within-dataset	1596	0.9416190871334488	0.9194427605173444	0.957030726832329	0.9337639512513495	0.033272030223220415	DorsAttn	all	pearson	7381	7381	videogames
within-subject / between-dataset	839	0.877040377918496	0.8554100780095611	0.8938800914741345	0.8710407113300832	0.033864036117148145	DorsAttn	all	pearson	7381	7381	videogames
between-subject / within-dataset	6202	0.5237259248944636	0.48751824700975643	0.5772323719344971	0.5304035391286694	0.0594308512836622	DorsAttn	all	pearson	7381	7381	videogames
between-subject / between-dataset	4729	0.5240116483982056	0.4737151200110046	0.571403246300591	0.5188696802121472	0.06487065956107167	DorsAttn	all	pearson	7381	7381	videogames
within-subject / within-dataset	1240	0.9437762205980235	0.9232522949882563	0.9587710089067499	0.935820959121532	0.034075388012485525	DorsAttn	gated	pearson	7381	7381	videogames
within-subject / between-dataset	429	0.8792583321920465	0.8606900854274963	0.8941821390158674	0.8734444677074241	0.031024361478290945	DorsAttn	gated	pearson	7381	7381	videogames
between-subject / within-dataset	4821	0.5249551853364776	0.4900904154319423	0.5828146179970755	0.5337625642655495	0.058585027696191505	DorsAttn	gated	pearson	7381	7381	videogames
between-subject / between-dataset	2963	0.5307291383011873	0.48112206103049193	0.5766132256295102	0.5264118526391094	0.06236989391716686	DorsAttn	gated	pearson	7381	7381	videogames
within-subject / within-dataset	136	0.9618785241667078	0.9471248181964532	0.9702706331605336	0.9587924434758679	0.014331719108482554	DorsAttn	qc_covered	pearson	7381	7381	videogames
within-subject / between-dataset	0						DorsAttn	qc_covered	pearson	7381	7381	videogames
between-subject / within-dataset	329	0.503386668570653	0.45394991881490004	0.5347379684603814	0.49554973763407106	0.045754044453420344	DorsAttn	qc_covered	pearson	7381	7381	videogames
between-subject / between-dataset	0						DorsAttn	qc_covered	pearson	7381	7381	videogames
within-subject / within-dataset	35	0.9693480649726557	0.958572995643403	0.9760463567773303	0.9671276397762408	0.010161134725193971	DorsAttn	low_motion	pearson	7381	7381	videogames
within-subject / between-dataset	0						DorsAttn	low_motion	pearson	7381	7381	videogames
between-subject / within-dataset	85	0.4892541194764575	0.46865572910740394	0.5286136523460877	0.49620230032515117	0.03992178414182542	DorsAttn	low_motion	pearson	7381	7381	videogames
between-subject / between-dataset	0						DorsAttn	low_motion	pearson	7381	7381	videogames
within-subject / within-dataset	26	0.9721657320040746	0.9588958408475884	0.9777902802707565	0.9674430963062572	0.01189427561578001	DorsAttn	high_tsnr	pearson	7381	7381	videogames
within-subject / between-dataset	0						DorsAttn	high_tsnr	pearson	7381	7381	videogames
between-subject / within-dataset	65	0.49152350833515024	0.4575727054955321	0.5286136523460877	0.49335210682198904	0.04346086518691748	DorsAttn	high_tsnr	pearson	7381	7381	videogames
between-subject / between-dataset	0						DorsAttn	high_tsnr	pearson	7381	7381	videogames
within-subject / within-dataset	1596	0.8923114441835498	0.8600583821122088	0.9166980214264903	0.8839929766857547	0.04374032958860755	SalVentAttn	all	pearson	7260	7260	videogames
within-subject / between-dataset	839	0.8438677779145497	0.8161782394207986	0.8645339057502341	0.8373075626207728	0.038962561099792174	SalVentAttn	all	pearson	7260	7260	videogames
between-subject / within-dataset	6202	0.455000078046629	0.39420133587138007	0.5058046387202698	0.45011890080521083	0.06891978939089434	SalVentAttn	all	pearson	7260	7260	videogames
between-subject / between-dataset	4729	0.4561413557645447	0.3772233787129986	0.5085473652647594	0.44404032968503004	0.07625204193407703	SalVentAttn	all	pearson	7260	7260	videogames
within-subject / within-dataset	1240	0.8938586943033269	0.8626068295608884	0.9180347992572315	0.8859513023608045	0.044087576430161465	SalVentAttn	gated	pearson	7260	7260	videogames
within-subject / between-dataset	429	0.8469210617990897	0.8183847864430664	0.8643629111652484	0.8389370902449954	0.03598830288930043	SalVentAttn	gated	pearson	7260	7260	videogames
between-subject / within-dataset	4821	0.4527393546486205	0.39541886895187	0.5028808994668829	0.4493924891821206	0.06524727196471442	SalVentAttn	gated	pearson	7260	7260	videogames
between-subject / between-dataset	2963	0.4480008518418192	0.378241701172352	0.502587550923916	0.44011830458566786	0.0703506449330923	SalVentAttn	gated	pearson	7260	7260	videogames
within-subject / within-dataset	136	0.9304577015861046	0.9139306763490825	0.9437398734889925	0.928145769949495	0.01879005939017705	SalVentAttn	qc_covered	pearson	7260	7260	videogames
within-subject / between-dataset	0						SalVentAttn	qc_covered	pearson	7260	7260	videogames
between-subject / within-dataset	329	0.3948251063366818	0.3655297170982523	0.47089395470547996	0.411248842781694	0.06353535385984596	SalVentAttn	qc_covered	pearson	7260	7260	videogames
between-subject / between-dataset	0						SalVentAttn	qc_covered	pearson	7260	7260	videogames
within-subject / within-dataset	35	0.9405373085809309	0.9306166594752532	0.9481443094134736	0.9385143372078953	0.012712689770073457	SalVentAttn	low_motion	pearson	7260	7260	videogames
within-subject / between-dataset	0						SalVentAttn	low_motion	pearson	7260	7260	videogames
between-subject / within-dataset	85	0.3948251063366818	0.3649558183619957	0.4698239317434391	0.40324758165410723	0.059877776402293297	SalVentAttn	low_motion	pearson	7260	7260	videogames
between-subject / between-dataset	0						SalVentAttn	low_motion	pearson	7260	7260	videogames
within-subject / within-dataset	26	0.9414788842407114	0.923183341631368	0.9490997999452866	0.9358249278580845	0.018829370813678397	SalVentAttn	high_tsnr	pearson	7260	7260	videogames
within-subject / between-dataset	0						SalVentAttn	high_tsnr	pearson	7260	7260	videogames
between-subject / within-dataset	65	0.39175739582710417	0.3665252578825217	0.4698239317434391	0.404659054194759	0.05792427936161619	SalVentAttn	high_tsnr	pearson	7260	7260	videogames
between-subject / between-dataset	0						SalVentAttn	high_tsnr	pearson	7260	7260	videogames
within-subject / within-dataset	1596	0.8539016466377922	0.8098804554211978	0.8890261058912727	0.845032935698983	0.05971259309611055	Limbic	all	pearson	1770	1770	videogames
within-subject / between-dataset	839	0.8283525099079855	0.7005916555636544	0.8671030402464583	0.7769479716358699	0.11766312930830587	Limbic	all	pearson	1770	1770	videogames
between-subject / within-dataset	6202	0.4817156034646302	0.43197664902262434	0.5474358418550028	0.4912092745227838	0.08467717135602419	Limbic	all	pearson	1770	1770	videogames
between-subject / between-dataset	4729	0.4495084822178751	0.4008629966845288	0.5165552720258997	0.4628363365426561	0.09147663518488752	Limbic	all	pearson	1770	1770	videogames
within-subject / within-dataset	1240	0.857884864476601	0.8186696676034899	0.8922428045035659	0.8496239921353264	0.05877849535135397	Limbic	gated	pearson	1770	1770	videogames
within-subject / between-dataset	429	0.7668281986000528	0.6217509984201991	0.8717214678099524	0.7467630891576145	0.13519329851375955	Limbic	gated	pearson	1770	1770	videogames
between-subject / within-dataset	4821	0.48050625299386224	0.4319701202637289	0.5480110697077514	0.4914489600603543	0.08553122105351955	Limbic	gated	pearson	1770	1770	videogames
between-subject / between-dataset	2963	0.42532482886841555	0.3836734724731339	0.4684266913955476	0.42593968303997587	0.06646616730972923	Limbic	gated	pearson	1770	1770	videogames
within-subject / within-dataset	136	0.7840628685398443	0.7214464160708505	0.8806687858745291	0.7964505571883106	0.0902783766670324	Limbic	qc_covered	pearson	1770	1770	videogames
within-subject / between-dataset	0						Limbic	qc_covered	pearson	1770	1770	videogames
between-subject / within-dataset	329	0.3672794635417107	0.32970498909360085	0.41347290853375	0.3790832757674192	0.06646984277005993	Limbic	qc_covered	pearson	1770	1770	videogames
between-subject / between-dataset	0						Limbic	qc_covered	pearson	1770	1770	videogames
within-subject / within-dataset	35	0.8107527176408617	0.777084030609575	0.9208357656068227	0.8271657510318269	0.08124445122732982	Limbic	low_motion	pearson	1770	1770	videogames
within-subject / between-dataset	0						Limbic	low_motion	pearson	1770	1770	videogames
between-subject / within-dataset	85	0.3618411443279984	0.32219284931710207	0.4070330641000096	0.3657091218585347	0.048214070470260044	Limbic	low_motion	pearson	1770	1770	videogames
between-subject / between-dataset	0						Limbic	low_motion	pearson	1770	1770	videogames
within-subject / within-dataset	26	0.8150292618464965	0.7763295130928991	0.9139015264272872	0.8262464938416254	0.08011540122633466	Limbic	high_tsnr	pearson	1770	1770	videogames
within-subject / between-dataset	0						Limbic	high_tsnr	pearson	1770	1770	videogames
between-subject / within-dataset	65	0.3662235989542815	0.3439538840617616	0.41816276216286086	0.3775822176828044	0.04360277842347394	Limbic	high_tsnr	pearson	1770	1770	videogames
between-subject / between-dataset	0						Limbic	high_tsnr	pearson	1770	1770	videogames
within-subject / within-dataset	1596	0.9004082956518926	0.8641177363628272	0.9281020135523994	0.8911716550419472	0.05012638136993795	Cont	all	pearson	8128	8128	videogames
within-subject / between-dataset	839	0.857629327214462	0.8321640139591205	0.8764232109976655	0.8477715623636792	0.047254579731203734	Cont	all	pearson	8128	8128	videogames
between-subject / within-dataset	6202	0.4694766400959714	0.4240437622621446	0.5173258682626938	0.47154563764366236	0.06022615403170465	Cont	all	pearson	8128	8128	videogames
between-subject / between-dataset	4729	0.4603486402039176	0.41867380282211186	0.5046823921607663	0.46512660955982565	0.06100530162019045	Cont	all	pearson	8128	8128	videogames
within-subject / within-dataset	1240	0.9020982448599687	0.8657283231821016	0.9295266223586227	0.8923271408880968	0.05130103950411807	Cont	gated	pearson	8128	8128	videogames
within-subject / between-dataset	429	0.8594734159716481	0.8372778509411586	0.8765630269406823	0.8487142601180651	0.04702667140440811	Cont	gated	pearson	8128	8128	videogames
between-subject / within-dataset	4821	0.4718372311472263	0.4262716558234728	0.5188447628589945	0.4726430129378602	0.05865622409203724	Cont	gated	pearson	8128	8128	videogames
between-subject / between-dataset	2963	0.4465408738556707	0.4091699793999156	0.4891432143993234	0.45194937066509877	0.05690543494586876	Cont	gated	pearson	8128	8128	videogames
within-subject / within-dataset	136	0.9444017548518525	0.9279293194184479	0.954817382204016	0.9399587734680579	0.020709761427426095	Cont	qc_covered	pearson	8128	8128	videogames
within-subject / between-dataset	0						Cont	qc_covered	pearson	8128	8128	videogames
between-subject / within-dataset	329	0.46204630033453953	0.41110181774074167	0.5080756636778625	0.45997730445898544	0.05852676663702345	Cont	qc_covered	pearson	8128	8128	videogames
between-subject / between-dataset	0						Cont	qc_covered	pearson	8128	8128	videogames
within-subject / within-dataset	35	0.9556719418321148	0.9442273147146101	0.9627396511949733	0.9536650245630168	0.012047429048889228	Cont	low_motion	pearson	8128	8128	videogames
within-subject / between-dataset	0						Cont	low_motion	pearson	8128	8128	videogames
between-subject / within-dataset	85	0.46204630033453953	0.41532589626787686	0.5090179955364016	0.4604386916349804	0.05440260512828628	Cont	low_motion	pearson	8128	8128	videogames
between-subject / between-dataset	0						Cont	low_motion	pearson	8128	8128	videogames
within-subject / within-dataset	26	0.9571518009929206	0.9472275398295507	0.9654269920140512	0.9511077374195452	0.020638792708936093	Cont	high_tsnr	pearson	8128	8128	videogames
within-subject / between-dataset	0						Cont	high_tsnr	pearson	8128	8128	videogames
between-subject / within-dataset	65	0.4662320302141143	0.4071261558349917	0.5090179955364016	0.45493913565250194	0.05621033122843729	Cont	high_tsnr	pearson	8128	8128	videogames
between-subject / between-dataset	0						Cont	high_tsnr	pearson	8128	8128	videogames
within-subject / within-dataset	1596	0.9049548937646923	0.8691518170320206	0.9347659262130718	0.8978505216465573	0.04775748004594576	Default	all	pearson	21736	21736	videogames
within-subject / between-dataset	839	0.8766292597577098	0.8423164843750812	0.9014849130382137	0.8638821856466862	0.05394295192347213	Default	all	pearson	21736	21736	videogames
between-subject / within-dataset	6202	0.4943132164350059	0.457114327018237	0.5271145929974209	0.49171703568128433	0.0520841707232125	Default	all	pearson	21736	21736	videogames
between-subject / between-dataset	4729	0.4860039671194259	0.44414331575473875	0.5203602240912876	0.47988335776375085	0.05980616892775408	Default	all	pearson	21736	21736	videogames
within-subject / within-dataset	1240	0.9082311303848445	0.8715861605160722	0.9377446943510228	0.9000241448391687	0.048508349338261245	Default	gated	pearson	21736	21736	videogames
within-subject / between-dataset	429	0.8771465889611277	0.8436337003942446	0.9061152087698676	0.8661182567898865	0.054197385407190185	Default	gated	pearson	21736	21736	videogames
between-subject / within-dataset	4821	0.4949407487355868	0.4582753416668666	0.5279828109595487	0.4926358335569898	0.053068456437119375	Default	gated	pearson	21736	21736	videogames
between-subject / between-dataset	2963	0.47658952550842065	0.4214811427680677	0.5123972412849942	0.46608793473182325	0.0602859257161911	Default	gated	pearson	21736	21736	videogames
within-subject / within-dataset	136	0.9479284489559576	0.9290324476910571	0.9678378736424444	0.9446033825775049	0.02531554922605597	Default	qc_covered	pearson	21736	21736	videogames
within-subject / between-dataset	0						Default	qc_covered	pearson	21736	21736	videogames
between-subject / within-dataset	329	0.4310905744911542	0.4160668024267034	0.45582320866136494	0.4361645826869497	0.03258755915132857	Default	qc_covered	pearson	21736	21736	videogames
between-subject / between-dataset	0						Default	qc_covered	pearson	21736	21736	videogames
within-subject / within-dataset	35	0.9693191902549902	0.9528987325730758	0.9721210522204823	0.9617387365173287	0.014846823561908093	Default	low_motion	pearson	21736	21736	videogames
within-subject / between-dataset	0						Default	low_motion	pearson	21736	21736	videogames
between-subject / within-dataset	85	0.4418337128008069	0.42238518524372676	0.4617220848840796	0.44200205139194904	0.021258790514490117	Default	low_motion	pearson	21736	21736	videogames
between-subject / between-dataset	0						Default	low_motion	pearson	21736	21736	videogames
within-subject / within-dataset	26	0.9622340297014873	0.9458185017053812	0.9709334322518263	0.95820065314588	0.015091728351284415	Default	high_tsnr	pearson	21736	21736	videogames
within-subject / between-dataset	0						Default	high_tsnr	pearson	21736	21736	videogames
between-subject / within-dataset	65	0.4465148928814325	0.42238518524372676	0.4617220848840796	0.44361669050158514	0.021137553733535683	Default	high_tsnr	pearson	21736	21736	videogames
between-subject / between-dataset	0						Default	high_tsnr	pearson	21736	21736	videogames
within-subject / within-dataset	1596	0.937727050048416	0.9130228355174935	0.954226983178714	0.9296355061102792	0.033963354947062124	cerebellum	all	pearson	3828	3828	videogames
within-subject / between-dataset	839	0.911410875471154	0.876271187451398	0.9374074762550204	0.9035987743443483	0.04061538614242935	cerebellum	all	pearson	3828	3828	videogames
between-subject / within-dataset	6202	0.753855950216253	0.7038406478977681	0.7907496695595346	0.7426820943382144	0.0631383720125925	cerebellum	all	pearson	3828	3828	videogames
between-subject / between-dataset	4729	0.7362951284530428	0.6903091109402819	0.7700182895801359	0.7226958592181401	0.06876325401528248	cerebellum	all	pearson	3828	3828	videogames
within-subject / within-dataset	1240	0.9419060428167642	0.9197680122543066	0.9562414278197472	0.9334084730427655	0.032919603884013375	cerebellum	gated	pearson	3828	3828	videogames
within-subject / between-dataset	429	0.9014599639106982	0.873201014795257	0.9351323157912316	0.9010045479261333	0.0395517265371167	cerebellum	gated	pearson	3828	3828	videogames
between-subject / within-dataset	4821	0.7588012426477847	0.7081624450742504	0.7948847716027511	0.7464972827951787	0.06263734495045133	cerebellum	gated	pearson	3828	3828	videogames
between-subject / between-dataset	2963	0.7259718595399312	0.674401129349252	0.7609557936707716	0.7088621463350406	0.07258804002451719	cerebellum	gated	pearson	3828	3828	videogames
within-subject / within-dataset	136	0.9493910443569843	0.9207946686001695	0.965946031051536	0.9420342099899386	0.029968605696777957	cerebellum	qc_covered	pearson	3828	3828	videogames
within-subject / between-dataset	0						cerebellum	qc_covered	pearson	3828	3828	videogames
between-subject / within-dataset	329	0.6993201822938359	0.6270233269658059	0.788659989917558	0.7013233904203638	0.08594235130715448	cerebellum	qc_covered	pearson	3828	3828	videogames
between-subject / between-dataset	0						cerebellum	qc_covered	pearson	3828	3828	videogames
within-subject / within-dataset	35	0.9654177607596647	0.9586254026231937	0.9694322771410415	0.964228528975119	0.009636191708399295	cerebellum	low_motion	pearson	3828	3828	videogames
within-subject / between-dataset	0						cerebellum	low_motion	pearson	3828	3828	videogames
between-subject / within-dataset	85	0.6707314140453535	0.6376977537805454	0.8010721488464573	0.7025167177832646	0.0816291734644862	cerebellum	low_motion	pearson	3828	3828	videogames
between-subject / between-dataset	0						cerebellum	low_motion	pearson	3828	3828	videogames
within-subject / within-dataset	26	0.9621004239512578	0.951224575275527	0.9694229917212462	0.9592486447640707	0.01731023328965039	cerebellum	high_tsnr	pearson	3828	3828	videogames
within-subject / between-dataset	0						cerebellum	high_tsnr	pearson	3828	3828	videogames
between-subject / within-dataset	65	0.6628859045663597	0.6187981617605448	0.7980294323516276	0.6966800071444675	0.08818413512845492	cerebellum	high_tsnr	pearson	3828	3828	videogames
between-subject / between-dataset	0						cerebellum	high_tsnr	pearson	3828	3828	videogames
within-subject / within-dataset	1596	0.9072619841881622	0.8687446951676376	0.9323598456746212	0.8937292359585554	0.05361373723425105	subcortex	all	pearson	1225	1225	videogames
within-subject / between-dataset	839	0.8866977182387237	0.8288647007447593	0.9169923385274676	0.8671432328174249	0.06433848210529751	subcortex	all	pearson	1225	1225	videogames
between-subject / within-dataset	6202	0.7594213914132967	0.7047456444184901	0.7990646082878504	0.7489615817056466	0.06884721901146244	subcortex	all	pearson	1225	1225	videogames
between-subject / between-dataset	4729	0.7404217540916415	0.6876348167218329	0.7812757700169374	0.7296335428518971	0.06686433294834444	subcortex	all	pearson	1225	1225	videogames
within-subject / within-dataset	1240	0.9078179136987101	0.8672765466006813	0.9335679394760987	0.8936077348636317	0.05429041206587223	subcortex	gated	pearson	1225	1225	videogames
within-subject / between-dataset	429	0.8652384030492715	0.8220580942834647	0.9063522087912883	0.8584052458506151	0.05800007272181611	subcortex	gated	pearson	1225	1225	videogames
between-subject / within-dataset	4821	0.7634019735062866	0.7047912502902952	0.8019085994278938	0.7506831140942417	0.06934001456427147	subcortex	gated	pearson	1225	1225	videogames
between-subject / between-dataset	2963	0.7309339223673208	0.6785541327359169	0.7712404376533637	0.7206903207095848	0.06753700843824097	subcortex	gated	pearson	1225	1225	videogames
within-subject / within-dataset	136	0.9117263600102412	0.8772187799536246	0.9423916568362942	0.9005268378385324	0.04944948801976989	subcortex	qc_covered	pearson	1225	1225	videogames
within-subject / between-dataset	0						subcortex	qc_covered	pearson	1225	1225	videogames
between-subject / within-dataset	329	0.6885652582240109	0.6224144262299024	0.765340080474256	0.6884037906719883	0.07486559895065745	subcortex	qc_covered	pearson	1225	1225	videogames
between-subject / between-dataset	0						subcortex	qc_covered	pearson	1225	1225	videogames
within-subject / within-dataset	35	0.9319110640809396	0.9083970412072013	0.9474101861014033	0.9117049628421846	0.05777967310038543	subcortex	low_motion	pearson	1225	1225	videogames
within-subject / between-dataset	0						subcortex	low_motion	pearson	1225	1225	videogames
between-subject / within-dataset	85	0.6545889673811252	0.6135277122984065	0.728679614806978	0.6707625962779028	0.0700475041913233	subcortex	low_motion	pearson	1225	1225	videogames
between-subject / between-dataset	0						subcortex	low_motion	pearson	1225	1225	videogames
within-subject / within-dataset	26	0.9221584653981884	0.9085334012829352	0.9431916345322995	0.9227436861104363	0.021788630874046887	subcortex	high_tsnr	pearson	1225	1225	videogames
within-subject / between-dataset	0						subcortex	high_tsnr	pearson	1225	1225	videogames
between-subject / within-dataset	65	0.6694012380629752	0.6224345863617555	0.755375068702679	0.6859335284641334	0.07204293696982524	subcortex	high_tsnr	pearson	1225	1225	videogames
between-subject / between-dataset	0						subcortex	high_tsnr	pearson	1225	1225	videogames
within-subject / within-dataset	15	0.9393436515715949	0.9188607908097536	0.9502830404808127	0.9337929958269412	0.021963230707555348	Vis	all	pearson	13041	13041	stories
within-subject / between-dataset	15	0.81329707201012	0.7624403689828674	0.8219203747682505	0.8021068664263384	0.04874278077694293	Vis	all	pearson	13041	13041	stories
between-subject / within-dataset	100	0.6595637534978167	0.6064169549441046	0.6765904492717008	0.6401527931898622	0.06709537754572382	Vis	all	pearson	13041	13041	stories
between-subject / between-dataset	60	0.6383558766200935	0.5755694168747729	0.6683735818567328	0.623338503143289	0.05906388200769015	Vis	all	pearson	13041	13041	stories
within-subject / within-dataset	13	0.9393436515715949	0.9128436336387373	0.951037972296645	0.9326064819041687	0.023154598818824236	Vis	gated	pearson	13041	13041	stories
within-subject / between-dataset	14	0.8063576447966543	0.7592496238396881	0.8213189242768064	0.7962667948462866	0.045099515831586855	Vis	gated	pearson	13041	13041	stories
between-subject / within-dataset	88	0.6529532053174134	0.598511451981249	0.6728928237265689	0.6345253355442377	0.06826433582542264	Vis	gated	pearson	13041	13041	stories
between-subject / between-dataset	56	0.6345539567324165	0.5741542340768051	0.6630596576795543	0.6190657252307842	0.058265704126355206	Vis	gated	pearson	13041	13041	stories
within-subject / within-dataset	13	0.9393436515715949	0.9128436336387373	0.951037972296645	0.9326064819041687	0.023154598818824236	Vis	qc_covered	pearson	13041	13041	stories
within-subject / between-dataset	0						Vis	qc_covered	pearson	13041	13041	stories
between-subject / within-dataset	78	0.6529532053174134	0.5947303568372332	0.6724377965595396	0.6322672389132434	0.0709738518660387	Vis	qc_covered	pearson	13041	13041	stories
between-subject / between-dataset	0						Vis	qc_covered	pearson	13041	13041	stories
within-subject / within-dataset	15	0.9391745962094525	0.9256452683380078	0.950582669104888	0.9336490112158281	0.029340153524426957	SomMot	all	pearson	18721	18721	stories
within-subject / between-dataset	15	0.7819418014111437	0.7724797871289113	0.826986376514738	0.7989896766684372	0.03932965439048817	SomMot	all	pearson	18721	18721	stories
between-subject / within-dataset	100	0.5621105060741329	0.5005754735788759	0.6086435357540771	0.5650959254855239	0.09729896124146775	SomMot	all	pearson	18721	18721	stories
between-subject / between-dataset	60	0.46911873636195295	0.433760416545775	0.5396214561295518	0.4780724923838344	0.07247531819540501	SomMot	all	pearson	18721	18721	stories
within-subject / within-dataset	13	0.9374072174846756	0.9177514721735076	0.9468837303871936	0.9312011124126223	0.030739411326259045	SomMot	gated	pearson	18721	18721	stories
within-subject / between-dataset	14	0.7814167617129932	0.772161805383398	0.819312799755143	0.7939298769919025	0.03568312469914868	SomMot	gated	pearson	18721	18721	stories
between-subject / within-dataset	88	0.5621105060741329	0.5053559510214716	0.6109771306740316	0.5689282275624583	0.09936148001275684	SomMot	gated	pearson	18721	18721	stories
between-subject / between-dataset	56	0.4673392535758278	0.4330141110430129	0.5418198206797694	0.47754325644863066	0.07427750689290825	SomMot	gated	pearson	18721	18721	stories
within-subject / within-dataset	13	0.9374072174846756	0.9177514721735076	0.9468837303871936	0.9312011124126223	0.030739411326259045	SomMot	qc_covered	pearson	18721	18721	stories
within-subject / between-dataset	0						SomMot	qc_covered	pearson	18721	18721	stories
between-subject / within-dataset	78	0.5668551612229829	0.5087802496576521	0.6123224434908554	0.5760641732931229	0.09835008548971957	SomMot	qc_covered	pearson	18721	18721	stories
between-subject / between-dataset	0						SomMot	qc_covered	pearson	18721	18721	stories
within-subject / within-dataset	15	0.9301988489128779	0.9186997548329503	0.9476627087549849	0.9316948886581217	0.01697656393178972	DorsAttn	all	pearson	7381	7381	stories
within-subject / between-dataset	15	0.7961673353109622	0.7779424984590548	0.8298857206673013	0.7956000219316741	0.042966674517605885	DorsAttn	all	pearson	7381	7381	stories
between-subject / within-dataset	100	0.4685659175917297	0.43410016859518824	0.48523443945513095	0.4555430455073092	0.05129187117787657	DorsAttn	all	pearson	7381	7381	stories
between-subject / between-dataset	60	0.45402513250504994	0.41850302713933263	0.4935067965919284	0.4540345019229714	0.046454046615370795	DorsAttn	all	pearson	7381	7381	stories
within-subject / within-dataset	13	0.9288601073373483	0.9158067913743533	0.9365623054898106	0.9283829038329166	0.015814762224551814	DorsAttn	gated	pearson	7381	7381	stories
within-subject / between-dataset	14	0.7946022757285816	0.7774696634541548	0.8204544499755474	0.7910234074771602	0.04078996096277183	DorsAttn	gated	pearson	7381	7381	stories
between-subject / within-dataset	88	0.4687616096671608	0.43410016859518824	0.48621050637117524	0.4562377719767015	0.05262634591465851	DorsAttn	gated	pearson	7381	7381	stories
between-subject / between-dataset	56	0.4572095911960845	0.4230468021215874	0.49479200614173446	0.4559825517100518	0.046287529715972345	DorsAttn	gated	pearson	7381	7381	stories
within-subject / within-dataset	13	0.9288601073373483	0.9158067913743533	0.9365623054898106	0.9283829038329166	0.015814762224551814	DorsAttn	qc_covered	pearson	7381	7381	stories
within-subject / between-dataset	0						DorsAttn	qc_covered	pearson	7381	7381	stories
between-subject / within-dataset	78	0.4636582678036443	0.4176296046064418	0.48274840656859097	0.45065037527921803	0.05233145829570236	DorsAttn	qc_covered	pearson	7381	7381	stories
between-subject / between-dataset	0						DorsAttn	qc_covered	pearson	7381	7381	stories
within-subject / within-dataset	15	0.9175672802417177	0.9132398637475128	0.9305089450711406	0.919743575585283	0.020723778754329725	SalVentAttn	all	pearson	7260	7260	stories
within-subject / between-dataset	15	0.8651333550219094	0.8374954939920167	0.8813264189546025	0.846265937070407	0.046220414054398314	SalVentAttn	all	pearson	7260	7260	stories
between-subject / within-dataset	100	0.47455227010997647	0.4147408300985823	0.5418642130979373	0.4829515637146461	0.07506283978202324	SalVentAttn	all	pearson	7260	7260	stories
between-subject / between-dataset	60	0.49248156536893367	0.42797598444478235	0.5686778207876396	0.4960024800794062	0.07961602524492432	SalVentAttn	all	pearson	7260	7260	stories
within-subject / within-dataset	13	0.925753997970223	0.9135161524403573	0.9318780826451988	0.9216632214629641	0.02125051285756032	SalVentAttn	gated	pearson	7260	7260	stories
within-subject / between-dataset	14	0.8572784231005701	0.8354747386682738	0.8795518542123141	0.8433464396819891	0.046487304319255345	SalVentAttn	gated	pearson	7260	7260	stories
between-subject / within-dataset	88	0.46493588838438893	0.4147408300985823	0.5400944535861929	0.4790218366799277	0.0734861500379444	SalVentAttn	gated	pearson	7260	7260	stories
between-subject / between-dataset	56	0.4835588004374695	0.42797598444478235	0.5639030168521204	0.49430222444263744	0.07967783481091235	SalVentAttn	gated	pearson	7260	7260	stories
within-subject / within-dataset	13	0.925753997970223	0.9135161524403573	0.9318780826451988	0.9216632214629641	0.02125051285756032	SalVentAttn	qc_covered	pearson	7260	7260	stories
within-subject / between-dataset	0						SalVentAttn	qc_covered	pearson	7260	7260	stories
between-subject / within-dataset	78	0.4460175339240852	0.411878339354807	0.5280328945673534	0.4699307285682387	0.06607501307850422	SalVentAttn	qc_covered	pearson	7260	7260	stories
between-subject / between-dataset	0						SalVentAttn	qc_covered	pearson	7260	7260	stories
within-subject / within-dataset	15	0.8655785600419281	0.7938009965802229	0.884177886863939	0.8444992752271147	0.0547935348340766	Limbic	all	pearson	1770	1770	stories
within-subject / between-dataset	15	0.6519147078119343	0.60663285900924	0.7301257086745845	0.6653839329633637	0.08107462600390361	Limbic	all	pearson	1770	1770	stories
between-subject / within-dataset	100	0.4392872234394246	0.40153579211490664	0.48040505183029303	0.4426576760782659	0.057553356999697054	Limbic	all	pearson	1770	1770	stories
between-subject / between-dataset	60	0.4273525130125638	0.3779820261921419	0.48268269721779966	0.4336317412643055	0.07124770859990047	Limbic	all	pearson	1770	1770	stories
within-subject / within-dataset	13	0.8655785600419281	0.8100721271954401	0.8839114092122978	0.8438990634882638	0.049780299471799495	Limbic	gated	pearson	1770	1770	stories
within-subject / between-dataset	14	0.6397690438511667	0.6016570613448752	0.7105320613743143	0.6592800836327244	0.08052171828960711	Limbic	gated	pearson	1770	1770	stories
between-subject / within-dataset	88	0.4308196124615782	0.39513440093518953	0.4591228697117826	0.4355821714052461	0.05590517519872789	Limbic	gated	pearson	1770	1770	stories
between-subject / between-dataset	56	0.433601962979587	0.37986032378448603	0.4835638711893836	0.4353506316530899	0.07263547787647238	Limbic	gated	pearson	1770	1770	stories
within-subject / within-dataset	13	0.8655785600419281	0.8100721271954401	0.8839114092122978	0.8438990634882638	0.049780299471799495	Limbic	qc_covered	pearson	1770	1770	stories
within-subject / between-dataset	0						Limbic	qc_covered	pearson	1770	1770	stories
between-subject / within-dataset	78	0.4275872608340864	0.3896234696100206	0.45273525749386145	0.42791051807828706	0.047793100694108984	Limbic	qc_covered	pearson	1770	1770	stories
between-subject / between-dataset	0						Limbic	qc_covered	pearson	1770	1770	stories
within-subject / within-dataset	15	0.9400616985339288	0.9302192754773021	0.9498560606047038	0.9384986727203892	0.014264546763247466	Cont	all	pearson	8128	8128	stories
within-subject / between-dataset	15	0.8952421554745409	0.8462231238726046	0.9003145699915946	0.8693796834104366	0.04305166767358925	Cont	all	pearson	8128	8128	stories
between-subject / within-dataset	100	0.5176751738874664	0.47681790388602885	0.5648593111060832	0.5172192964667633	0.049155701356264944	Cont	all	pearson	8128	8128	stories
between-subject / between-dataset	60	0.49747156218747324	0.4597769145844993	0.538708842958329	0.49479281551403365	0.04818600450164019	Cont	all	pearson	8128	8128	stories
within-subject / within-dataset	13	0.94497905284935	0.9335197571861271	0.9517853356545956	0.9417981020733129	0.01234459943801017	Cont	gated	pearson	8128	8128	stories
within-subject / between-dataset	14	0.8906430176715388	0.8440885654072585	0.9017869270171259	0.8674024305864628	0.04389979686649712	Cont	gated	pearson	8128	8128	stories
between-subject / within-dataset	88	0.511805922944206	0.47351245441632733	0.5634573451246965	0.5146243433527039	0.05014958661197012	Cont	gated	pearson	8128	8128	stories
between-subject / between-dataset	56	0.49747156218747324	0.45591386683165547	0.5318405094005433	0.4937010402631081	0.04903563892569918	Cont	gated	pearson	8128	8128	stories
within-subject / within-dataset	13	0.94497905284935	0.9335197571861271	0.9517853356545956	0.9417981020733129	0.01234459943801017	Cont	qc_covered	pearson	8128	8128	stories
within-subject / between-dataset	0						Cont	qc_covered	pearson	8128	8128	stories
between-subject / within-dataset	78	0.5163821374899897	0.4758107904794634	0.5666702808990411	0.5172368003313428	0.0506049132948355	Cont	qc_covered	pearson	8128	8128	stories
between-subject / between-dataset	0						Cont	qc_covered	pearson	8128	8128	stories
within-subject / within-dataset	15	0.9263654341633568	0.9207412087692779	0.9321501348859548	0.9253862501205142	0.016477629997995874	Default	all	pearson	21736	21736	stories
within-subject / between-dataset	15	0.8590595356152636	0.847572800569901	0.8771806941203737	0.8602623399107064	0.024621223506214134	Default	all	pearson	21736	21736	stories
between-subject / within-dataset	100	0.5396288743181056	0.5205620549066685	0.5616805954062384	0.5394297704086654	0.02964513903937688	Default	all	pearson	21736	21736	stories
between-subject / between-dataset	60	0.5113565131167814	0.48289058581584143	0.536066684983544	0.515049151228849	0.03817399114115106	Default	all	pearson	21736	21736	stories
within-subject / within-dataset	13	0.9286373255955322	0.9249071112915882	0.9332328610039284	0.9305462027903614	0.010539104829463132	Default	gated	pearson	21736	21736	stories
within-subject / between-dataset	14	0.8586684171515881	0.8452841003381365	0.8775205884917252	0.860348254503238	0.02548321524276911	Default	gated	pearson	21736	21736	stories
between-subject / within-dataset	88	0.5388469693403866	0.5204175047103972	0.5574284552176718	0.5390039506063325	0.030141780932559797	Default	gated	pearson	21736	21736	stories
between-subject / between-dataset	56	0.5116484355716826	0.48359750698293574	0.5402646365138728	0.5172816651848415	0.038092568760760434	Default	gated	pearson	21736	21736	stories
within-subject / within-dataset	13	0.9286373255955322	0.9249071112915882	0.9332328610039284	0.9305462027903614	0.010539104829463132	Default	qc_covered	pearson	21736	21736	stories
within-subject / between-dataset	0						Default	qc_covered	pearson	21736	21736	stories
between-subject / within-dataset	78	0.5398756974938281	0.5221949221746112	0.5619868412167633	0.5413273154090636	0.02897068472815486	Default	qc_covered	pearson	21736	21736	stories
between-subject / between-dataset	0						Default	qc_covered	pearson	21736	21736	stories
within-subject / within-dataset	15	0.9344125933670656	0.9201896464495738	0.9509145733952588	0.9288657946545672	0.031651325285116855	cerebellum	all	pearson	3828	3828	stories
within-subject / between-dataset	15	0.8540895904962139	0.830405639170273	0.8743096785264388	0.8406807530855633	0.06108736915670763	cerebellum	all	pearson	3828	3828	stories
between-subject / within-dataset	100	0.6559982168854359	0.5946389510244126	0.7042172626366079	0.6494716928639127	0.07328250894461381	cerebellum	all	pearson	3828	3828	stories
between-subject / between-dataset	60	0.6434472962535204	0.5947441070881331	0.6967359956963521	0.6443092209209953	0.0738216045332707	cerebellum	all	pearson	3828	3828	stories
within-subject / within-dataset	13	0.931231591915953	0.9193797285045042	0.9441555176624243	0.9235505296702529	0.030725165411030337	cerebellum	gated	pearson	3828	3828	stories
within-subject / between-dataset	14	0.8537384905982319	0.8296211096828777	0.8746338683443854	0.8387585632617958	0.06279165616568409	cerebellum	gated	pearson	3828	3828	stories
between-subject / within-dataset	88	0.6581539205423694	0.5904557395599848	0.7167382361109135	0.650948467372418	0.07720916681464732	cerebellum	gated	pearson	3828	3828	stories
between-subject / between-dataset	56	0.6434472962535204	0.5947441070881331	0.6967359956963521	0.6433315859142082	0.07474494121030006	cerebellum	gated	pearson	3828	3828	stories
within-subject / within-dataset	13	0.931231591915953	0.9193797285045042	0.9441555176624243	0.9235505296702529	0.030725165411030337	cerebellum	qc_covered	pearson	3828	3828	stories
within-subject / between-dataset	0						cerebellum	qc_covered	pearson	3828	3828	stories
between-subject / within-dataset	78	0.6541600554653737	0.5795370496472569	0.7180278568457195	0.6497924642407866	0.07979403896594017	cerebellum	qc_covered	pearson	3828	3828	stories
between-subject / between-dataset	0						cerebellum	qc_covered	pearson	3828	3828	stories
within-subject / within-dataset	15	0.9214866214285093	0.8796887706484433	0.9338882868798442	0.8968394830443567	0.06487185231582826	subcortex	all	pearson	1225	1225	stories
within-subject / between-dataset	15	0.8841831526325898	0.7908916837228517	0.9070248495027595	0.8507014232608163	0.06931476473404406	subcortex	all	pearson	1225	1225	stories
between-subject / within-dataset	100	0.7641441301670466	0.6548425698082116	0.8057223425758178	0.7253406097816721	0.1029317963638383	subcortex	all	pearson	1225	1225	stories
between-subject / between-dataset	60	0.7610064915830701	0.6609529516059832	0.806273069852844	0.7311977912879903	0.08982416442837256	subcortex	all	pearson	1225	1225	stories
within-subject / within-dataset	13	0.9214866214285093	0.873759461634648	0.939217380542868	0.8931304997791615	0.06889668513058744	subcortex	gated	pearson	1225	1225	stories
within-subject / between-dataset	14	0.8655367428100795	0.7812553983880194	0.8982084266618219	0.8460914284873449	0.06949055345442744	subcortex	gated	pearson	1225	1225	stories
between-subject / within-dataset	88	0.7641441301670466	0.6488722633009013	0.8067012800392135	0.721542685776555	0.10723875086134102	subcortex	gated	pearson	1225	1225	stories
between-subject / between-dataset	56	0.7610696862672116	0.6557172878774571	0.8078628730273016	0.730034048445119	0.09262456512207282	subcortex	gated	pearson	1225	1225	stories
within-subject / within-dataset	13	0.9214866214285093	0.873759461634648	0.939217380542868	0.8931304997791615	0.06889668513058744	subcortex	qc_covered	pearson	1225	1225	stories
within-subject / between-dataset	0						subcortex	qc_covered	pearson	1225	1225	stories
between-subject / within-dataset	78	0.7584403790338251	0.6311953775108918	0.8081423245561135	0.7165158422303476	0.11044155594119719	subcortex	qc_covered	pearson	1225	1225	stories
between-subject / between-dataset	0						subcortex	qc_covered	pearson	1225	1225	stories
within-subject / within-dataset	4396	0.9151216217037049	0.8558353588996735	0.9387205282587765	0.8877522776381365	0.07025751089114005	Vis	all	pearson	13041	13041	taskscapes
within-subject / between-dataset	7739	0.748551376009603	0.6892982898033997	0.8060882637924704	0.7428603408239421	0.08287555483209301	Vis	all	pearson	13041	13041	taskscapes
between-subject / within-dataset	14305	0.6303814722906602	0.5763791024742556	0.6697101024119833	0.6187361283309741	0.06760258215446162	Vis	all	pearson	13041	13041	taskscapes
between-subject / between-dataset	27188	0.555886002503946	0.5094201572719588	0.5969860584412717	0.5517723230670384	0.066377877363885	Vis	all	pearson	13041	13041	taskscapes
within-subject / within-dataset	283	0.8968498640561804	0.8668552962932564	0.9189379857652042	0.8886474505881946	0.04044163069645015	Vis	gated	pearson	13041	13041	taskscapes
within-subject / between-dataset	0						Vis	gated	pearson	13041	13041	taskscapes
between-subject / within-dataset	893	0.6184412998562177	0.5942221480295669	0.6415498715652529	0.6200899067446876	0.038181188605926376	Vis	gated	pearson	13041	13041	taskscapes
between-subject / between-dataset	0						Vis	gated	pearson	13041	13041	taskscapes
within-subject / within-dataset	69	0.8915540270052379	0.8652418707749161	0.9105754070741702	0.887837964329077	0.029735435029186044	Vis	qc_covered	pearson	13041	13041	taskscapes
within-subject / between-dataset	0						Vis	qc_covered	pearson	13041	13041	taskscapes
between-subject / within-dataset	36	0.6119045379148385	0.5946705571800716	0.6211530171298618	0.6071342163599741	0.02084975221161121	Vis	qc_covered	pearson	13041	13041	taskscapes
between-subject / between-dataset	0						Vis	qc_covered	pearson	13041	13041	taskscapes
within-subject / within-dataset	15	0.895774811638824	0.8852891457285417	0.904516627543072	0.8955375532279182	0.022511019594009037	Vis	low_motion	pearson	13041	13041	taskscapes
within-subject / between-dataset	0						Vis	low_motion	pearson	13041	13041	taskscapes
between-subject / within-dataset	0						Vis	low_motion	pearson	13041	13041	taskscapes
between-subject / between-dataset	0						Vis	low_motion	pearson	13041	13041	taskscapes
within-subject / within-dataset	15	0.8968498640561804	0.8483681914577272	0.9129315868814276	0.8848644457828884	0.03884704857116044	Vis	high_tsnr	pearson	13041	13041	taskscapes
within-subject / between-dataset	0						Vis	high_tsnr	pearson	13041	13041	taskscapes
between-subject / within-dataset	0						Vis	high_tsnr	pearson	13041	13041	taskscapes
between-subject / between-dataset	0						Vis	high_tsnr	pearson	13041	13041	taskscapes
within-subject / within-dataset	4396	0.8447190011571535	0.8010693245692042	0.8822578526696596	0.8343449736326689	0.06251901577921733	SomMot	all	pearson	18721	18721	taskscapes
within-subject / between-dataset	7739	0.7953524486508985	0.7477064618663598	0.8286493543863032	0.7789447567017598	0.07050514579922205	SomMot	all	pearson	18721	18721	taskscapes
between-subject / within-dataset	14305	0.4599669477505023	0.40166473400278774	0.5081555436918092	0.45359878707559925	0.07352960789275745	SomMot	all	pearson	18721	18721	taskscapes
between-subject / between-dataset	27188	0.4541239143018623	0.403860026374943	0.49784322017191784	0.45008043260320213	0.0708037724820692	SomMot	all	pearson	18721	18721	taskscapes
within-subject / within-dataset	283	0.8654577517224721	0.8261231726239906	0.8905054345716907	0.8520701289254523	0.05116472921018006	SomMot	gated	pearson	18721	18721	taskscapes
within-subject / between-dataset	0						SomMot	gated	pearson	18721	18721	taskscapes
between-subject / within-dataset	893	0.4936156717954442	0.4540828077989269	0.5282867582703262	0.48801457956879585	0.057816287040447965	SomMot	gated	pearson	18721	18721	taskscapes
between-subject / between-dataset	0						SomMot	gated	pearson	18721	18721	taskscapes
within-subject / within-dataset	69	0.844042481894655	0.8146983833354895	0.8872402852840168	0.8441595094732196	0.05325269619773695	SomMot	qc_covered	pearson	18721	18721	taskscapes
within-subject / between-dataset	0						SomMot	qc_covered	pearson	18721	18721	taskscapes
between-subject / within-dataset	36	0.4192701335907585	0.31717540391426524	0.4535584203202522	0.39266997599755915	0.07890425070124343	SomMot	qc_covered	pearson	18721	18721	taskscapes
between-subject / between-dataset	0						SomMot	qc_covered	pearson	18721	18721	taskscapes
within-subject / within-dataset	15	0.8634776809577602	0.8292734908853041	0.8886274949838984	0.8546747481504977	0.04197168395447781	SomMot	low_motion	pearson	18721	18721	taskscapes
within-subject / between-dataset	0						SomMot	low_motion	pearson	18721	18721	taskscapes
between-subject / within-dataset	0						SomMot	low_motion	pearson	18721	18721	taskscapes
between-subject / between-dataset	0						SomMot	low_motion	pearson	18721	18721	taskscapes
within-subject / within-dataset	15	0.8582194236636372	0.8373573411085471	0.8892762633790177	0.8563088141491703	0.04318659327833271	SomMot	high_tsnr	pearson	18721	18721	taskscapes
within-subject / between-dataset	0						SomMot	high_tsnr	pearson	18721	18721	taskscapes
between-subject / within-dataset	0						SomMot	high_tsnr	pearson	18721	18721	taskscapes
between-subject / between-dataset	0						SomMot	high_tsnr	pearson	18721	18721	taskscapes
within-subject / within-dataset	4396	0.8950544528831208	0.8380348432837316	0.9223676831631331	0.8714686560202198	0.07002435741176355	DorsAttn	all	pearson	7381	7381	taskscapes
within-subject / between-dataset	7739	0.7693562501156238	0.7332593877010505	0.804676589595092	0.7667998613202837	0.05176280044089568	DorsAttn	all	pearson	7381	7381	taskscapes
between-subject / within-dataset	14305	0.4662644098886497	0.42700547616025786	0.5137106002978626	0.4675582842134145	0.057228305447525656	DorsAttn	all	pearson	7381	7381	taskscapes
between-subject / between-dataset	27188	0.439886292892995	0.397821728522348	0.48028978188683047	0.43871810125656807	0.05437067127546642	DorsAttn	all	pearson	7381	7381	taskscapes
within-subject / within-dataset	283	0.9001627430904572	0.874179604314552	0.9172305226045276	0.8824529316105	0.06688570691541385	DorsAttn	gated	pearson	7381	7381	taskscapes
within-subject / between-dataset	0						DorsAttn	gated	pearson	7381	7381	taskscapes
between-subject / within-dataset	893	0.49123041356534775	0.4526842641700044	0.5259037588703835	0.4883732726193362	0.050294031855643934	DorsAttn	gated	pearson	7381	7381	taskscapes
between-subject / between-dataset	0						DorsAttn	gated	pearson	7381	7381	taskscapes
within-subject / within-dataset	69	0.8894053533631454	0.8591842266672731	0.9118653039480095	0.8849958846811987	0.035068272769980625	DorsAttn	qc_covered	pearson	7381	7381	taskscapes
within-subject / between-dataset	0						DorsAttn	qc_covered	pearson	7381	7381	taskscapes
between-subject / within-dataset	36	0.4606597377672226	0.44042909653423	0.47544915944697214	0.4602622150088642	0.02518224789799626	DorsAttn	qc_covered	pearson	7381	7381	taskscapes
between-subject / between-dataset	0						DorsAttn	qc_covered	pearson	7381	7381	taskscapes
within-subject / within-dataset	15	0.872038217351875	0.8529184044883177	0.9067028301585682	0.8812141547615651	0.034691500886359236	DorsAttn	low_motion	pearson	7381	7381	taskscapes
within-subject / between-dataset	0						DorsAttn	low_motion	pearson	7381	7381	taskscapes
between-subject / within-dataset	0						DorsAttn	low_motion	pearson	7381	7381	taskscapes
between-subject / between-dataset	0						DorsAttn	low_motion	pearson	7381	7381	taskscapes
within-subject / within-dataset	15	0.8977274065643119	0.855271085315571	0.9070238430694508	0.8826464108349618	0.038615687886397944	DorsAttn	high_tsnr	pearson	7381	7381	taskscapes
within-subject / between-dataset	0						DorsAttn	high_tsnr	pearson	7381	7381	taskscapes
between-subject / within-dataset	0						DorsAttn	high_tsnr	pearson	7381	7381	taskscapes
between-subject / between-dataset	0						DorsAttn	high_tsnr	pearson	7381	7381	taskscapes
within-subject / within-dataset	4396	0.8529540713062846	0.8118964918269634	0.8836841189207608	0.8406837923466113	0.06114325181542653	SalVentAttn	all	pearson	7260	7260	taskscapes
within-subject / between-dataset	7739	0.7937583207623348	0.7605046439796267	0.8211386814131711	0.7881975849969951	0.04796613150764297	SalVentAttn	all	pearson	7260	7260	taskscapes
between-subject / within-dataset	14305	0.4551625617559298	0.4140516275611657	0.49863281978237806	0.4541124922302724	0.05649903399718133	SalVentAttn	all	pearson	7260	7260	taskscapes
between-subject / between-dataset	27188	0.4442190157435598	0.4042134389979392	0.48538003058931106	0.44396930269894774	0.055183235161936746	SalVentAttn	all	pearson	7260	7260	taskscapes
within-subject / within-dataset	283	0.8678278857111356	0.83288120887517	0.893262006539917	0.8546664241352244	0.05758991782009147	SalVentAttn	gated	pearson	7260	7260	taskscapes
within-subject / between-dataset	0						SalVentAttn	gated	pearson	7260	7260	taskscapes
between-subject / within-dataset	893	0.4530815664190703	0.41647061989031053	0.4937654084208099	0.4549036413779125	0.05053580804430923	SalVentAttn	gated	pearson	7260	7260	taskscapes
between-subject / between-dataset	0						SalVentAttn	gated	pearson	7260	7260	taskscapes
within-subject / within-dataset	69	0.867249542226193	0.845341842966766	0.886765298883844	0.8659936879269228	0.03183958233046844	SalVentAttn	qc_covered	pearson	7260	7260	taskscapes
within-subject / between-dataset	0						SalVentAttn	qc_covered	pearson	7260	7260	taskscapes
between-subject / within-dataset	36	0.40751234438067363	0.39390556029027585	0.4190026004493734	0.40841779070601925	0.021665899351241646	SalVentAttn	qc_covered	pearson	7260	7260	taskscapes
between-subject / between-dataset	0						SalVentAttn	qc_covered	pearson	7260	7260	taskscapes
within-subject / within-dataset	15	0.8581706287882228	0.8499235032281132	0.8952178213457704	0.8695852078680064	0.029114680506959083	SalVentAttn	low_motion	pearson	7260	7260	taskscapes
within-subject / between-dataset	0						SalVentAttn	low_motion	pearson	7260	7260	taskscapes
between-subject / within-dataset	0						SalVentAttn	low_motion	pearson	7260	7260	taskscapes
between-subject / between-dataset	0						SalVentAttn	low_motion	pearson	7260	7260	taskscapes
within-subject / within-dataset	15	0.87478001740452	0.8563378961388417	0.8894038012481369	0.8728592053665306	0.0260458482387663	SalVentAttn	high_tsnr	pearson	7260	7260	taskscapes
within-subject / between-dataset	0						SalVentAttn	high_tsnr	pearson	7260	7260	taskscapes
between-subject / within-dataset	0						SalVentAttn	high_tsnr	pearson	7260	7260	taskscapes
between-subject / between-dataset	0						SalVentAttn	high_tsnr	pearson	7260	7260	taskscapes
within-subject / within-dataset	4396	0.8196033865794325	0.7522875632504225	0.8740903418479107	0.8029605433318092	0.09189288230477116	Limbic	all	pearson	1770	1770	taskscapes
within-subject / between-dataset	7739	0.7688497851495102	0.6923811483255897	0.8238116553525792	0.7531429045324909	0.08825786892177859	Limbic	all	pearson	1770	1770	taskscapes
between-subject / within-dataset	14305	0.4393202907490238	0.39257672385252546	0.4893935641280226	0.441913107253281	0.07262815318318432	Limbic	all	pearson	1770	1770	taskscapes
between-subject / between-dataset	27188	0.43950876862560917	0.3915461206252163	0.49362435760689916	0.44355893630925464	0.07298489377573136	Limbic	all	pearson	1770	1770	taskscapes
within-subject / within-dataset	283	0.8037966939944654	0.7651483264999154	0.835022006332532	0.7995093960722424	0.05654218588888551	Limbic	gated	pearson	1770	1770	taskscapes
within-subject / between-dataset	0						Limbic	gated	pearson	1770	1770	taskscapes
between-subject / within-dataset	893	0.42521834235007816	0.3802743919894404	0.4788640355660691	0.4324468658787467	0.06778356460446067	Limbic	gated	pearson	1770	1770	taskscapes
between-subject / between-dataset	0						Limbic	gated	pearson	1770	1770	taskscapes
within-subject / within-dataset	69	0.8037966939944654	0.7751431369104281	0.8325933932831956	0.8005619155032991	0.042401193118086836	Limbic	qc_covered	pearson	1770	1770	taskscapes
within-subject / between-dataset	0						Limbic	qc_covered	pearson	1770	1770	taskscapes
between-subject / within-dataset	36	0.4552657151442895	0.4396505974751918	0.47525257379640684	0.45823064784817813	0.027310792042365615	Limbic	qc_covered	pearson	1770	1770	taskscapes
between-subject / between-dataset	0						Limbic	qc_covered	pearson	1770	1770	taskscapes
within-subject / within-dataset	15	0.8148459746175182	0.7890840806408177	0.8300881664309785	0.8148828197782678	0.0312616692105503	Limbic	low_motion	pearson	1770	1770	taskscapes
within-subject / between-dataset	0						Limbic	low_motion	pearson	1770	1770	taskscapes
between-subject / within-dataset	0						Limbic	low_motion	pearson	1770	1770	taskscapes
between-subject / between-dataset	0						Limbic	low_motion	pearson	1770	1770	taskscapes
within-subject / within-dataset	15	0.8141969669328162	0.7934436535734921	0.8300881664309785	0.8158569276879486	0.029828843619780825	Limbic	high_tsnr	pearson	1770	1770	taskscapes
within-subject / between-dataset	0						Limbic	high_tsnr	pearson	1770	1770	taskscapes
between-subject / within-dataset	0						Limbic	high_tsnr	pearson	1770	1770	taskscapes
between-subject / between-dataset	0						Limbic	high_tsnr	pearson	1770	1770	taskscapes
within-subject / within-dataset	4396	0.8997756144365165	0.8551815950590772	0.9219682118369459	0.882599170602252	0.05361891485173229	Cont	all	pearson	8128	8128	taskscapes
within-subject / between-dataset	7739	0.7831302950261162	0.7457712364012503	0.8152609705235823	0.7782987917886853	0.0503556038403547	Cont	all	pearson	8128	8128	taskscapes
between-subject / within-dataset	14305	0.49850033756911094	0.4487253463510989	0.5413207149200646	0.495922191536352	0.07046262343785335	Cont	all	pearson	8128	8128	taskscapes
between-subject / between-dataset	27188	0.46350929687076337	0.4224769448318799	0.5066774520451469	0.4643667496827632	0.06206783795619373	Cont	all	pearson	8128	8128	taskscapes
within-subject / within-dataset	283	0.8979288880192549	0.8762626620074481	0.9176182308956449	0.885327482088187	0.04900833107199323	Cont	gated	pearson	8128	8128	taskscapes
within-subject / between-dataset	0						Cont	gated	pearson	8128	8128	taskscapes
between-subject / within-dataset	893	0.530210165880033	0.48901639782687306	0.5572712800102998	0.5230070576585062	0.046594969767758336	Cont	gated	pearson	8128	8128	taskscapes
between-subject / between-dataset	0						Cont	gated	pearson	8128	8128	taskscapes
within-subject / within-dataset	69	0.8824799247998211	0.8397986464564625	0.9027960205605013	0.8666718226679891	0.0543815711199631	Cont	qc_covered	pearson	8128	8128	taskscapes
within-subject / between-dataset	0						Cont	qc_covered	pearson	8128	8128	taskscapes
between-subject / within-dataset	36	0.4667571940163066	0.4531582522812383	0.4796054012265416	0.46562615291961573	0.023383496980712102	Cont	qc_covered	pearson	8128	8128	taskscapes
between-subject / between-dataset	0						Cont	qc_covered	pearson	8128	8128	taskscapes
within-subject / within-dataset	15	0.8573858207682253	0.8012429049386322	0.8912519299323807	0.8407808524023703	0.0649740216474801	Cont	low_motion	pearson	8128	8128	taskscapes
within-subject / between-dataset	0						Cont	low_motion	pearson	8128	8128	taskscapes
between-subject / within-dataset	0						Cont	low_motion	pearson	8128	8128	taskscapes
between-subject / between-dataset	0						Cont	low_motion	pearson	8128	8128	taskscapes
within-subject / within-dataset	15	0.8567920460644098	0.803964186141159	0.8999810972693636	0.8435119440618257	0.07130467001157773	Cont	high_tsnr	pearson	8128	8128	taskscapes
within-subject / between-dataset	0						Cont	high_tsnr	pearson	8128	8128	taskscapes
between-subject / within-dataset	0						Cont	high_tsnr	pearson	8128	8128	taskscapes
between-subject / between-dataset	0						Cont	high_tsnr	pearson	8128	8128	taskscapes
within-subject / within-dataset	4396	0.8667688235646915	0.8216361802836645	0.8961228281671545	0.8526267247158126	0.059886926645918916	Default	all	pearson	21736	21736	taskscapes
within-subject / between-dataset	7739	0.7815180089997997	0.7456564359655216	0.8110869041905315	0.7753488126654727	0.04923562508772318	Default	all	pearson	21736	21736	taskscapes
between-subject / within-dataset	14305	0.4825822813257905	0.44315115450384085	0.5183173271252448	0.4795943906915935	0.0519891463932264	Default	all	pearson	21736	21736	taskscapes
between-subject / between-dataset	27188	0.46033431956172705	0.4255270122527805	0.49075533998199383	0.45573055829264375	0.04754316469597181	Default	all	pearson	21736	21736	taskscapes
within-subject / within-dataset	283	0.8749337999491517	0.8373242578499416	0.8987740361510457	0.8633138057142417	0.05214840562984961	Default	gated	pearson	21736	21736	taskscapes
within-subject / between-dataset	0						Default	gated	pearson	21736	21736	taskscapes
between-subject / within-dataset	893	0.5201194335160115	0.47874179690649016	0.5448908918723493	0.5111503132509149	0.045674734971016505	Default	gated	pearson	21736	21736	taskscapes
between-subject / between-dataset	0						Default	gated	pearson	21736	21736	taskscapes
within-subject / within-dataset	69	0.8686441449245825	0.8294180716954744	0.8916897508507485	0.8620858669683905	0.04246685422015036	Default	qc_covered	pearson	21736	21736	taskscapes
within-subject / between-dataset	0						Default	qc_covered	pearson	21736	21736	taskscapes
between-subject / within-dataset	36	0.4910076966435059	0.4775025804265816	0.5091042537503787	0.4910835423967359	0.023200829507084162	Default	qc_covered	pearson	21736	21736	taskscapes
between-subject / between-dataset	0						Default	qc_covered	pearson	21736	21736	taskscapes
within-subject / within-dataset	15	0.8640092154291069	0.8117528203346887	0.8914308763532669	0.8562593265502021	0.05268657266321471	Default	low_motion	pearson	21736	21736	taskscapes
within-subject / between-dataset	0						Default	low_motion	pearson	21736	21736	taskscapes
between-subject / within-dataset	0						Default	low_motion	pearson	21736	21736	taskscapes
between-subject / between-dataset	0						Default	low_motion	pearson	21736	21736	taskscapes
within-subject / within-dataset	15	0.8465576413526265	0.8226710650523656	0.8888538139997505	0.8522572548879848	0.05137890269619856	Default	high_tsnr	pearson	21736	21736	taskscapes
within-subject / between-dataset	0						Default	high_tsnr	pearson	21736	21736	taskscapes
between-subject / within-dataset	0						Default	high_tsnr	pearson	21736	21736	taskscapes
between-subject / between-dataset	0						Default	high_tsnr	pearson	21736	21736	taskscapes
within-subject / within-dataset	4396	0.9106477371229125	0.8739890004722276	0.9365584040545112	0.8992157803821147	0.05084229289331598	cerebellum	all	pearson	3828	3828	taskscapes
within-subject / between-dataset	7739	0.8772592660147099	0.8338562607803035	0.9069734390044893	0.8627035764077141	0.06079161163202004	cerebellum	all	pearson	3828	3828	taskscapes
between-subject / within-dataset	14305	0.6614699304790707	0.6034158497232629	0.7080962968578364	0.651181038195638	0.07179077485386003	cerebellum	all	pearson	3828	3828	taskscapes
between-subject / between-dataset	27188	0.6604875891343114	0.6042084422829707	0.7044991554628268	0.6497985674726207	0.07295944389468964	cerebellum	all	pearson	3828	3828	taskscapes
within-subject / within-dataset	283	0.9068919845606026	0.8778847032868349	0.9294131660513401	0.8998380822429585	0.03705558200754284	cerebellum	gated	pearson	3828	3828	taskscapes
within-subject / between-dataset	0						cerebellum	gated	pearson	3828	3828	taskscapes
between-subject / within-dataset	893	0.6712636000526412	0.6360941978417557	0.7108996248847083	0.6718330547906398	0.05718835128396985	cerebellum	gated	pearson	3828	3828	taskscapes
between-subject / between-dataset	0						cerebellum	gated	pearson	3828	3828	taskscapes
within-subject / within-dataset	69	0.8920990089837769	0.8719465821003918	0.914352161574466	0.8911783189302105	0.036553015263321394	cerebellum	qc_covered	pearson	3828	3828	taskscapes
within-subject / between-dataset	0						cerebellum	qc_covered	pearson	3828	3828	taskscapes
between-subject / within-dataset	36	0.7008263396699634	0.6718294891010174	0.730747584668515	0.7024607680590405	0.03868102054664987	cerebellum	qc_covered	pearson	3828	3828	taskscapes
between-subject / between-dataset	0						cerebellum	qc_covered	pearson	3828	3828	taskscapes
within-subject / within-dataset	15	0.9071197761834212	0.8306468707364004	0.92280626352365	0.8899308524208448	0.048096092405233465	cerebellum	low_motion	pearson	3828	3828	taskscapes
within-subject / between-dataset	0						cerebellum	low_motion	pearson	3828	3828	taskscapes
between-subject / within-dataset	0						cerebellum	low_motion	pearson	3828	3828	taskscapes
between-subject / between-dataset	0						cerebellum	low_motion	pearson	3828	3828	taskscapes
within-subject / within-dataset	15	0.9044751154091896	0.8974737450298749	0.9150223610215034	0.9083412700241394	0.02332653720337877	cerebellum	high_tsnr	pearson	3828	3828	taskscapes
within-subject / between-dataset	0						cerebellum	high_tsnr	pearson	3828	3828	taskscapes
between-subject / within-dataset	0						cerebellum	high_tsnr	pearson	3828	3828	taskscapes
between-subject / between-dataset	0						cerebellum	high_tsnr	pearson	3828	3828	taskscapes
within-subject / within-dataset	4396	0.8562885291223041	0.7992291822962607	0.8970487416211191	0.8439545616558052	0.06784588671156905	subcortex	all	pearson	1225	1225	taskscapes
within-subject / between-dataset	7739	0.8306093373621982	0.7696302158385497	0.8733402546735373	0.818145635129983	0.06929329284486467	subcortex	all	pearson	1225	1225	taskscapes
between-subject / within-dataset	14305	0.6934432455308656	0.6080950858458449	0.7556900221996946	0.6799711124284309	0.09561141098925029	subcortex	all	pearson	1225	1225	taskscapes
between-subject / between-dataset	27188	0.6925161765786615	0.6138754744579102	0.7509848477091814	0.6798024494363973	0.09186634198019089	subcortex	all	pearson	1225	1225	taskscapes
within-subject / within-dataset	283	0.8723212047759137	0.834459019759638	0.9035722547552465	0.8619132223079012	0.0586380299601066	subcortex	gated	pearson	1225	1225	taskscapes
within-subject / between-dataset	0						subcortex	gated	pearson	1225	1225	taskscapes
between-subject / within-dataset	893	0.7579384947679365	0.6607247761070253	0.7909044816760381	0.7286220925563458	0.08851667378969919	subcortex	gated	pearson	1225	1225	taskscapes
between-subject / between-dataset	0						subcortex	gated	pearson	1225	1225	taskscapes
within-subject / within-dataset	69	0.875043600303573	0.8468822762847252	0.8894431831456239	0.8685983922107499	0.037922988305644015	subcortex	qc_covered	pearson	1225	1225	taskscapes
within-subject / between-dataset	0						subcortex	qc_covered	pearson	1225	1225	taskscapes
between-subject / within-dataset	36	0.7868957880612856	0.7472919074832567	0.8121276146252581	0.7769161816479903	0.0512400758887592	subcortex	qc_covered	pearson	1225	1225	taskscapes
between-subject / between-dataset	0						subcortex	qc_covered	pearson	1225	1225	taskscapes
within-subject / within-dataset	15	0.8663943827952242	0.8577068766454583	0.878531369563625	0.8692816460047285	0.02152956958821696	subcortex	low_motion	pearson	1225	1225	taskscapes
within-subject / between-dataset	0						subcortex	low_motion	pearson	1225	1225	taskscapes
between-subject / within-dataset	0						subcortex	low_motion	pearson	1225	1225	taskscapes
between-subject / between-dataset	0						subcortex	low_motion	pearson	1225	1225	taskscapes
within-subject / within-dataset	15	0.8661013732393993	0.8325920965762503	0.8809713718535499	0.8606761045378928	0.03226293878526188	subcortex	high_tsnr	pearson	1225	1225	taskscapes
within-subject / between-dataset	0						subcortex	high_tsnr	pearson	1225	1225	taskscapes
between-subject / within-dataset	0						subcortex	high_tsnr	pearson	1225	1225	taskscapes
between-subject / between-dataset	0						subcortex	high_tsnr	pearson	1225	1225	taskscapes
within-subject / within-dataset	393	0.9259865421229645	0.9032631174134275	0.9410032703100769	0.9143362776309976	0.04511034755278785	Vis	all	pearson	13041	13041	localizers
within-subject / between-dataset	760	0.7355354520492433	0.6848066388253762	0.7863176780906761	0.7228401990501676	0.08670628012373062	Vis	all	pearson	13041	13041	localizers
between-subject / within-dataset	1909	0.6864147662424727	0.6562517189917396	0.7124433054772579	0.6802095854731525	0.04923873095963531	Vis	all	pearson	13041	13041	localizers
between-subject / between-dataset	3379	0.5946452644977137	0.5273263930520683	0.6459889842602516	0.5823354216107014	0.08207330522999268	Vis	all	pearson	13041	13041	localizers
within-subject / within-dataset	189	0.9303491737165868	0.9115545303995426	0.9436956523987672	0.926194522658808	0.024750923681564015	Vis	gated	pearson	13041	13041	localizers
within-subject / between-dataset	0						Vis	gated	pearson	13041	13041	localizers
between-subject / within-dataset	1036	0.6938752582230929	0.6691356815735287	0.7191203883690817	0.6897317966109786	0.044313842244611545	Vis	gated	pearson	13041	13041	localizers
between-subject / between-dataset	0						Vis	gated	pearson	13041	13041	localizers
within-subject / within-dataset	189	0.9303491737165868	0.9115545303995426	0.9436956523987672	0.926194522658808	0.024750923681564015	Vis	qc_covered	pearson	13041	13041	localizers
within-subject / between-dataset	0						Vis	qc_covered	pearson	13041	13041	localizers
between-subject / within-dataset	1036	0.6938752582230929	0.6691356815735287	0.7191203883690817	0.6897317966109786	0.044313842244611545	Vis	qc_covered	pearson	13041	13041	localizers
between-subject / between-dataset	0						Vis	qc_covered	pearson	13041	13041	localizers
within-subject / within-dataset	49	0.9370125779782144	0.9166560280926644	0.9474204205497365	0.9325116777925275	0.02143862539107558	Vis	low_motion	pearson	13041	13041	localizers
within-subject / between-dataset	0						Vis	low_motion	pearson	13041	13041	localizers
between-subject / within-dataset	302	0.685243022380994	0.658964161033909	0.7078861201599895	0.6823335564150487	0.04445056025367975	Vis	low_motion	pearson	13041	13041	localizers
between-subject / between-dataset	0						Vis	low_motion	pearson	13041	13041	localizers
within-subject / within-dataset	34	0.939960424485599	0.9296563558375777	0.9519403496777539	0.939232374477597	0.017670197549638358	Vis	high_tsnr	pearson	13041	13041	localizers
within-subject / between-dataset	0						Vis	high_tsnr	pearson	13041	13041	localizers
between-subject / within-dataset	219	0.6885235752695789	0.6670579067539177	0.707394367116597	0.6843642599267535	0.04154089541828875	Vis	high_tsnr	pearson	13041	13041	localizers
between-subject / between-dataset	0						Vis	high_tsnr	pearson	13041	13041	localizers
within-subject / within-dataset	393	0.8762607538990267	0.8055261716606072	0.9026995131365467	0.8473501405047479	0.08120493048866462	SomMot	all	pearson	18721	18721	localizers
within-subject / between-dataset	760	0.7103273724048926	0.660374021569141	0.7512652387014142	0.7007886506083559	0.06893214627654196	SomMot	all	pearson	18721	18721	localizers
between-subject / within-dataset	1909	0.5403535768247473	0.45275297617723376	0.5859570309381074	0.5174341653639558	0.08793642403810469	SomMot	all	pearson	18721	18721	localizers
between-subject / between-dataset	3379	0.4356509226534751	0.3869038329395882	0.48872440155260505	0.43496023336391076	0.07136252436496769	SomMot	all	pearson	18721	18721	localizers
within-subject / within-dataset	189	0.893770401438793	0.8756045015269381	0.91456065151996	0.8917267483701967	0.03177513420821939	SomMot	gated	pearson	18721	18721	localizers
within-subject / between-dataset	0						SomMot	gated	pearson	18721	18721	localizers
between-subject / within-dataset	1036	0.5676872392537298	0.5121235991094014	0.5981548172754423	0.5515163304109322	0.06444325541800779	SomMot	gated	pearson	18721	18721	localizers
between-subject / between-dataset	0						SomMot	gated	pearson	18721	18721	localizers
within-subject / within-dataset	189	0.893770401438793	0.8756045015269381	0.91456065151996	0.8917267483701967	0.03177513420821939	SomMot	qc_covered	pearson	18721	18721	localizers
within-subject / between-dataset	0						SomMot	qc_covered	pearson	18721	18721	localizers
between-subject / within-dataset	1036	0.5676872392537298	0.5121235991094014	0.5981548172754423	0.5515163304109322	0.06444325541800779	SomMot	qc_covered	pearson	18721	18721	localizers
between-subject / between-dataset	0						SomMot	qc_covered	pearson	18721	18721	localizers
within-subject / within-dataset	49	0.9074905310409564	0.8847068516511024	0.9242285677488772	0.9000203331442701	0.03316074170413569	SomMot	low_motion	pearson	18721	18721	localizers
within-subject / between-dataset	0						SomMot	low_motion	pearson	18721	18721	localizers
between-subject / within-dataset	302	0.5648028245743504	0.5062987597247426	0.593424765953382	0.545393430467081	0.06799566810713288	SomMot	low_motion	pearson	18721	18721	localizers
between-subject / between-dataset	0						SomMot	low_motion	pearson	18721	18721	localizers
within-subject / within-dataset	34	0.9073728219373838	0.8926232698441603	0.9219179617052665	0.9065433142363705	0.01982853735044367	SomMot	high_tsnr	pearson	18721	18721	localizers
within-subject / between-dataset	0						SomMot	high_tsnr	pearson	18721	18721	localizers
between-subject / within-dataset	219	0.5686905540453459	0.511837977004898	0.6012666694199145	0.5512264720717509	0.06535178797781321	SomMot	high_tsnr	pearson	18721	18721	localizers
between-subject / between-dataset	0						SomMot	high_tsnr	pearson	18721	18721	localizers
within-subject / within-dataset	393	0.9156268846881424	0.8689664259029171	0.936106500053887	0.8940072299289556	0.0600441086569794	DorsAttn	all	pearson	7381	7381	localizers
within-subject / between-dataset	760	0.7499567452367871	0.7074663224879889	0.8006018960433475	0.7541167872453965	0.060647215296077736	DorsAttn	all	pearson	7381	7381	localizers
between-subject / within-dataset	1909	0.494423600626824	0.45291428954013313	0.534033507982053	0.48871294374596813	0.06526802591299052	DorsAttn	all	pearson	7381	7381	localizers
between-subject / between-dataset	3379	0.4133676592941313	0.37428779689711084	0.4577715934942596	0.41650409806537475	0.061321468269876236	DorsAttn	all	pearson	7381	7381	localizers
within-subject / within-dataset	189	0.9317015006473358	0.9177966913594564	0.9450256649554326	0.9303379545443274	0.020843700147118074	DorsAttn	gated	pearson	7381	7381	localizers
within-subject / between-dataset	0						DorsAttn	gated	pearson	7381	7381	localizers
between-subject / within-dataset	1036	0.5075668987824984	0.4764284755447462	0.5410442450413688	0.5117882934466496	0.04638667461507598	DorsAttn	gated	pearson	7381	7381	localizers
between-subject / between-dataset	0						DorsAttn	gated	pearson	7381	7381	localizers
within-subject / within-dataset	189	0.9317015006473358	0.9177966913594564	0.9450256649554326	0.9303379545443274	0.020843700147118074	DorsAttn	qc_covered	pearson	7381	7381	localizers
within-subject / between-dataset	0						DorsAttn	qc_covered	pearson	7381	7381	localizers
between-subject / within-dataset	1036	0.5075668987824984	0.4764284755447462	0.5410442450413688	0.5117882934466496	0.04638667461507598	DorsAttn	qc_covered	pearson	7381	7381	localizers
between-subject / between-dataset	0						DorsAttn	qc_covered	pearson	7381	7381	localizers
within-subject / within-dataset	49	0.9400776841208629	0.9284920357134564	0.9512726056828208	0.9383149696176024	0.0175294175253539	DorsAttn	low_motion	pearson	7381	7381	localizers
within-subject / between-dataset	0						DorsAttn	low_motion	pearson	7381	7381	localizers
between-subject / within-dataset	302	0.4958287638877001	0.473663543280615	0.5263532518963969	0.5006657422736793	0.040930695199231	DorsAttn	low_motion	pearson	7381	7381	localizers
between-subject / between-dataset	0						DorsAttn	low_motion	pearson	7381	7381	localizers
within-subject / within-dataset	34	0.9450325395614023	0.9341488577562733	0.9522977094039315	0.9433151686235344	0.013259434160468006	DorsAttn	high_tsnr	pearson	7381	7381	localizers
within-subject / between-dataset	0						DorsAttn	high_tsnr	pearson	7381	7381	localizers
between-subject / within-dataset	219	0.5038734151743491	0.47784420170045616	0.5348910803580642	0.5063202220022228	0.03943542477530587	DorsAttn	high_tsnr	pearson	7381	7381	localizers
between-subject / between-dataset	0						DorsAttn	high_tsnr	pearson	7381	7381	localizers
within-subject / within-dataset	393	0.8891611389630086	0.8264472255873896	0.9099973932374942	0.8657286755883997	0.06556900813703945	SalVentAttn	all	pearson	7260	7260	localizers
within-subject / between-dataset	760	0.7568591445849713	0.7196822584474758	0.7936447598875125	0.7544163279368105	0.057979025227944375	SalVentAttn	all	pearson	7260	7260	localizers
between-subject / within-dataset	1909	0.4870541173667636	0.4514423383907718	0.5233384651793405	0.4856895903243198	0.05893716106345611	SalVentAttn	all	pearson	7260	7260	localizers
between-subject / between-dataset	3379	0.43031538332650693	0.3878168908331482	0.4696643342049418	0.43041500207080363	0.05678532354266947	SalVentAttn	all	pearson	7260	7260	localizers
within-subject / within-dataset	189	0.9072460536631693	0.8921156875383718	0.9273762785814155	0.9074693669864846	0.025933020684706452	SalVentAttn	gated	pearson	7260	7260	localizers
within-subject / between-dataset	0						SalVentAttn	gated	pearson	7260	7260	localizers
between-subject / within-dataset	1036	0.4984595407347061	0.4695959495235862	0.5307838202284646	0.5033716357095775	0.0483199882406196	SalVentAttn	gated	pearson	7260	7260	localizers
between-subject / between-dataset	0						SalVentAttn	gated	pearson	7260	7260	localizers
within-subject / within-dataset	189	0.9072460536631693	0.8921156875383718	0.9273762785814155	0.9074693669864846	0.025933020684706452	SalVentAttn	qc_covered	pearson	7260	7260	localizers
within-subject / between-dataset	0						SalVentAttn	qc_covered	pearson	7260	7260	localizers
between-subject / within-dataset	1036	0.4984595407347061	0.4695959495235862	0.5307838202284646	0.5033716357095775	0.0483199882406196	SalVentAttn	qc_covered	pearson	7260	7260	localizers
between-subject / between-dataset	0						SalVentAttn	qc_covered	pearson	7260	7260	localizers
within-subject / within-dataset	49	0.9149536128318767	0.8941673525540138	0.9279983874396501	0.9125856576522832	0.023789659695609894	SalVentAttn	low_motion	pearson	7260	7260	localizers
within-subject / between-dataset	0						SalVentAttn	low_motion	pearson	7260	7260	localizers
between-subject / within-dataset	302	0.49867413603195	0.47232934872227333	0.5357635223421923	0.504708526248325	0.04616234088382471	SalVentAttn	low_motion	pearson	7260	7260	localizers
between-subject / between-dataset	0						SalVentAttn	low_motion	pearson	7260	7260	localizers
within-subject / within-dataset	34	0.9159326224026689	0.9058427451684646	0.9324064738851419	0.9170660807837201	0.0218171748823178	SalVentAttn	high_tsnr	pearson	7260	7260	localizers
within-subject / between-dataset	0						SalVentAttn	high_tsnr	pearson	7260	7260	localizers
between-subject / within-dataset	219	0.4970624849267964	0.4695631148706903	0.527646910669739	0.5023120329031451	0.053676155488278816	SalVentAttn	high_tsnr	pearson	7260	7260	localizers
between-subject / between-dataset	0						SalVentAttn	high_tsnr	pearson	7260	7260	localizers
within-subject / within-dataset	393	0.8138449674020528	0.7329989218734242	0.8676748264176399	0.7941531477894975	0.09688878119946942	Limbic	all	pearson	1770	1770	localizers
within-subject / between-dataset	760	0.702169082861545	0.6110049897040769	0.7862834003823032	0.6920451952758286	0.11560953893350573	Limbic	all	pearson	1770	1770	localizers
between-subject / within-dataset	1909	0.47639385580326854	0.4253951452044668	0.5199424414067668	0.47247900065765724	0.07703305461088031	Limbic	all	pearson	1770	1770	localizers
between-subject / between-dataset	3379	0.41885448181596746	0.37417213598456545	0.4693642940325436	0.42260525418322537	0.07331136259932161	Limbic	all	pearson	1770	1770	localizers
within-subject / within-dataset	189	0.8315310368447849	0.783680097420746	0.8616612433733079	0.8200187076882235	0.06220147235404415	Limbic	gated	pearson	1770	1770	localizers
within-subject / between-dataset	0						Limbic	gated	pearson	1770	1770	localizers
between-subject / within-dataset	1036	0.4969814022057296	0.45461509131708894	0.53073580321973	0.4977191168085361	0.060618726745702095	Limbic	gated	pearson	1770	1770	localizers
between-subject / between-dataset	0						Limbic	gated	pearson	1770	1770	localizers
within-subject / within-dataset	189	0.8315310368447849	0.783680097420746	0.8616612433733079	0.8200187076882235	0.06220147235404415	Limbic	qc_covered	pearson	1770	1770	localizers
within-subject / between-dataset	0						Limbic	qc_covered	pearson	1770	1770	localizers
between-subject / within-dataset	1036	0.4969814022057296	0.45461509131708894	0.53073580321973	0.4977191168085361	0.060618726745702095	Limbic	qc_covered	pearson	1770	1770	localizers
between-subject / between-dataset	0						Limbic	qc_covered	pearson	1770	1770	localizers
within-subject / within-dataset	49	0.8310792740964672	0.7927701955829578	0.8559280721335495	0.8234994088853791	0.04987944929889702	Limbic	low_motion	pearson	1770	1770	localizers
within-subject / between-dataset	0						Limbic	low_motion	pearson	1770	1770	localizers
between-subject / within-dataset	302	0.4976075447636237	0.4541333303211994	0.5334066758776782	0.49885087652416105	0.05970557347758455	Limbic	low_motion	pearson	1770	1770	localizers
between-subject / between-dataset	0						Limbic	low_motion	pearson	1770	1770	localizers
within-subject / within-dataset	34	0.8342147075526349	0.7984717554422851	0.8815241269030222	0.8325863302599795	0.05803820431211891	Limbic	high_tsnr	pearson	1770	1770	localizers
within-subject / between-dataset	0						Limbic	high_tsnr	pearson	1770	1770	localizers
between-subject / within-dataset	219	0.5014395188630053	0.4639814344677017	0.5390892331351714	0.5071783406599384	0.05933498173868289	Limbic	high_tsnr	pearson	1770	1770	localizers
between-subject / between-dataset	0						Limbic	high_tsnr	pearson	1770	1770	localizers
within-subject / within-dataset	393	0.9231792473772362	0.8719260759130295	0.9423807758877465	0.9013849130494437	0.05690419797931681	Cont	all	pearson	8128	8128	localizers
within-subject / between-dataset	760	0.8156010700608999	0.7664655528680755	0.8490849472208322	0.8008510503328036	0.0631465908786169	Cont	all	pearson	8128	8128	localizers
between-subject / within-dataset	1909	0.5101462767187225	0.47958245043785586	0.5476445517743312	0.5087566710923456	0.05467623275134379	Cont	all	pearson	8128	8128	localizers
between-subject / between-dataset	3379	0.4641404136253049	0.4263040060779158	0.5065852435225043	0.4626871324661903	0.06066113743233073	Cont	all	pearson	8128	8128	localizers
within-subject / within-dataset	189	0.9403815314106867	0.9286058684498207	0.9498907505033883	0.9372517502153224	0.017869220461328408	Cont	gated	pearson	8128	8128	localizers
within-subject / between-dataset	0						Cont	gated	pearson	8128	8128	localizers
between-subject / within-dataset	1036	0.5146115862237575	0.4925005206191596	0.5470329306680641	0.51880448612048	0.03919154252996111	Cont	gated	pearson	8128	8128	localizers
between-subject / between-dataset	0						Cont	gated	pearson	8128	8128	localizers
within-subject / within-dataset	189	0.9403815314106867	0.9286058684498207	0.9498907505033883	0.9372517502153224	0.017869220461328408	Cont	qc_covered	pearson	8128	8128	localizers
within-subject / between-dataset	0						Cont	qc_covered	pearson	8128	8128	localizers
between-subject / within-dataset	1036	0.5146115862237575	0.4925005206191596	0.5470329306680641	0.51880448612048	0.03919154252996111	Cont	qc_covered	pearson	8128	8128	localizers
between-subject / between-dataset	0						Cont	qc_covered	pearson	8128	8128	localizers
within-subject / within-dataset	49	0.9446780976730312	0.9369315279292438	0.9514337979377191	0.9435520508706644	0.012653380757739344	Cont	low_motion	pearson	8128	8128	localizers
within-subject / between-dataset	0						Cont	low_motion	pearson	8128	8128	localizers
between-subject / within-dataset	302	0.5155964157292057	0.49473647250065617	0.548909638057322	0.5201987565731497	0.03551180517075161	Cont	low_motion	pearson	8128	8128	localizers
between-subject / between-dataset	0						Cont	low_motion	pearson	8128	8128	localizers
within-subject / within-dataset	34	0.9454595295466982	0.9380002248356069	0.951769020634594	0.9444105243450089	0.012792075394085653	Cont	high_tsnr	pearson	8128	8128	localizers
within-subject / between-dataset	0						Cont	high_tsnr	pearson	8128	8128	localizers
between-subject / within-dataset	219	0.5167118278334385	0.49597193406141765	0.5447571451123391	0.5197964727592824	0.03688648460601282	Cont	high_tsnr	pearson	8128	8128	localizers
between-subject / between-dataset	0						Cont	high_tsnr	pearson	8128	8128	localizers
within-subject / within-dataset	393	0.9145409678332646	0.8595261474316956	0.934542865503996	0.8897922401506236	0.06310794459654831	Default	all	pearson	21736	21736	localizers
within-subject / between-dataset	760	0.7878213752639469	0.7417021807168667	0.8224098869532861	0.776953772928421	0.06572771735187835	Default	all	pearson	21736	21736	localizers
between-subject / within-dataset	1909	0.5298348796513115	0.49272302203806334	0.5570487585788344	0.5182396082948552	0.05637943636432777	Default	all	pearson	21736	21736	localizers
between-subject / between-dataset	3379	0.4715916854032204	0.43150117895995954	0.5036310085991422	0.4640024640666839	0.0547568767286295	Default	all	pearson	21736	21736	localizers
within-subject / within-dataset	189	0.9317021512011849	0.9154429456377204	0.944941952232404	0.9268460504992707	0.024545839579203078	Default	gated	pearson	21736	21736	localizers
within-subject / between-dataset	0						Default	gated	pearson	21736	21736	localizers
between-subject / within-dataset	1036	0.5435205639225302	0.5225415981274742	0.5669476934083717	0.5421646665406297	0.031987551609648585	Default	gated	pearson	21736	21736	localizers
between-subject / between-dataset	0						Default	gated	pearson	21736	21736	localizers
within-subject / within-dataset	189	0.9317021512011849	0.9154429456377204	0.944941952232404	0.9268460504992707	0.024545839579203078	Default	qc_covered	pearson	21736	21736	localizers
within-subject / between-dataset	0						Default	qc_covered	pearson	21736	21736	localizers
between-subject / within-dataset	1036	0.5435205639225302	0.5225415981274742	0.5669476934083717	0.5421646665406297	0.031987551609648585	Default	qc_covered	pearson	21736	21736	localizers
between-subject / between-dataset	0						Default	qc_covered	pearson	21736	21736	localizers
within-subject / within-dataset	49	0.937609121643458	0.9244780210797332	0.9479665353444687	0.9368827077270898	0.015087389106072898	Default	low_motion	pearson	21736	21736	localizers
within-subject / between-dataset	0						Default	low_motion	pearson	21736	21736	localizers
between-subject / within-dataset	302	0.5401091431600786	0.5221258082735889	0.56730581766601	0.5408594644325767	0.031194648585948774	Default	low_motion	pearson	21736	21736	localizers
between-subject / between-dataset	0						Default	low_motion	pearson	21736	21736	localizers
within-subject / within-dataset	34	0.936191809182616	0.9277886487948062	0.947509061551703	0.9358593090187582	0.018169522959352157	Default	high_tsnr	pearson	21736	21736	localizers
within-subject / between-dataset	0						Default	high_tsnr	pearson	21736	21736	localizers
between-subject / within-dataset	219	0.5435481350168604	0.5215188700483817	0.5650729396627903	0.5431513308908887	0.029807650182083135	Default	high_tsnr	pearson	21736	21736	localizers
between-subject / between-dataset	0						Default	high_tsnr	pearson	21736	21736	localizers
within-subject / within-dataset	393	0.9170085560261717	0.8861254284381879	0.9405052752898561	0.9040183662435968	0.05422443502557089	cerebellum	all	pearson	3828	3828	localizers
within-subject / between-dataset	760	0.8574709337515749	0.8230458247666721	0.8879535090128007	0.8482055210718165	0.05439210809135637	cerebellum	all	pearson	3828	3828	localizers
between-subject / within-dataset	1909	0.7179547330483232	0.6688326517002521	0.7569127245036936	0.702856341065045	0.07547481567639933	cerebellum	all	pearson	3828	3828	localizers
between-subject / between-dataset	3379	0.650558436300647	0.594351856601295	0.698096438343504	0.6424587160083628	0.07243518124582171	cerebellum	all	pearson	3828	3828	localizers
within-subject / within-dataset	189	0.9281312778092131	0.9117351091484592	0.9455822164371667	0.9264960485679606	0.02389463765303996	cerebellum	gated	pearson	3828	3828	localizers
within-subject / between-dataset	0						cerebellum	gated	pearson	3828	3828	localizers
between-subject / within-dataset	1036	0.7445358390782381	0.7089854464934945	0.7733779012181994	0.7391343097931752	0.04358262757061172	cerebellum	gated	pearson	3828	3828	localizers
between-subject / between-dataset	0						cerebellum	gated	pearson	3828	3828	localizers
within-subject / within-dataset	189	0.9281312778092131	0.9117351091484592	0.9455822164371667	0.9264960485679606	0.02389463765303996	cerebellum	qc_covered	pearson	3828	3828	localizers
within-subject / between-dataset	0						cerebellum	qc_covered	pearson	3828	3828	localizers
between-subject / within-dataset	1036	0.7445358390782381	0.7089854464934945	0.7733779012181994	0.7391343097931752	0.04358262757061172	cerebellum	qc_covered	pearson	3828	3828	localizers
between-subject / between-dataset	0						cerebellum	qc_covered	pearson	3828	3828	localizers
within-subject / within-dataset	49	0.9375128942501131	0.9167706951678689	0.9477568198205751	0.9318718308471338	0.01913505033353946	cerebellum	low_motion	pearson	3828	3828	localizers
within-subject / between-dataset	0						cerebellum	low_motion	pearson	3828	3828	localizers
between-subject / within-dataset	302	0.7342916874504413	0.7054002279124691	0.7634667859616532	0.7322250695185628	0.04155829632006411	cerebellum	low_motion	pearson	3828	3828	localizers
between-subject / between-dataset	0						cerebellum	low_motion	pearson	3828	3828	localizers
within-subject / within-dataset	34	0.9301476135695423	0.9183706953102202	0.9426784514149323	0.9310757156157223	0.018340379441113205	cerebellum	high_tsnr	pearson	3828	3828	localizers
within-subject / between-dataset	0						cerebellum	high_tsnr	pearson	3828	3828	localizers
between-subject / within-dataset	219	0.7405230350684385	0.7022907805485716	0.7655022738509967	0.7343864142736648	0.043471098395614596	cerebellum	high_tsnr	pearson	3828	3828	localizers
between-subject / between-dataset	0						cerebellum	high_tsnr	pearson	3828	3828	localizers
within-subject / within-dataset	393	0.8729568708981201	0.7939951034254482	0.9126672356045733	0.8445325658085385	0.08866768400414649	subcortex	all	pearson	1225	1225	localizers
within-subject / between-dataset	760	0.7592233589094044	0.6945351526508309	0.8300537755736899	0.7560560432761747	0.0894178161249996	subcortex	all	pearson	1225	1225	localizers
between-subject / within-dataset	1909	0.7584069892169956	0.6783631687431433	0.803980921203134	0.7296917129568892	0.09953249482832832	subcortex	all	pearson	1225	1225	localizers
between-subject / between-dataset	3379	0.6724582814127469	0.5889679898031412	0.7347876364068238	0.6587320382786179	0.09613816163036236	subcortex	all	pearson	1225	1225	localizers
within-subject / within-dataset	189	0.9059812322949913	0.875249491641385	0.9256402804919964	0.897237936998239	0.04010116561372852	subcortex	gated	pearson	1225	1225	localizers
within-subject / between-dataset	0						subcortex	gated	pearson	1225	1225	localizers
between-subject / within-dataset	1036	0.7937260991124143	0.7452964354980824	0.8213984942200548	0.7777460810838218	0.0594891499834685	subcortex	gated	pearson	1225	1225	localizers
between-subject / between-dataset	0						subcortex	gated	pearson	1225	1225	localizers
within-subject / within-dataset	189	0.9059812322949913	0.875249491641385	0.9256402804919964	0.897237936998239	0.04010116561372852	subcortex	qc_covered	pearson	1225	1225	localizers
within-subject / between-dataset	0						subcortex	qc_covered	pearson	1225	1225	localizers
between-subject / within-dataset	1036	0.7937260991124143	0.7452964354980824	0.8213984942200548	0.7777460810838218	0.0594891499834685	subcortex	qc_covered	pearson	1225	1225	localizers
between-subject / between-dataset	0						subcortex	qc_covered	pearson	1225	1225	localizers
within-subject / within-dataset	49	0.9037466536447223	0.8729568708981201	0.9289538452854323	0.8993906484262189	0.03824151544392944	subcortex	low_motion	pearson	1225	1225	localizers
within-subject / between-dataset	0						subcortex	low_motion	pearson	1225	1225	localizers
between-subject / within-dataset	302	0.792368251787161	0.7490353586499183	0.8189018045319156	0.7796098235396534	0.05558336991269412	subcortex	low_motion	pearson	1225	1225	localizers
between-subject / between-dataset	0						subcortex	low_motion	pearson	1225	1225	localizers
within-subject / within-dataset	34	0.9110268220959361	0.8851374888450481	0.9303101295737273	0.9056733597278613	0.03431148265601156	subcortex	high_tsnr	pearson	1225	1225	localizers
within-subject / between-dataset	0						subcortex	high_tsnr	pearson	1225	1225	localizers
between-subject / within-dataset	219	0.7991763774146778	0.7498596935057015	0.8284204317159835	0.7858443161927628	0.05825324897460205	subcortex	high_tsnr	pearson	1225	1225	localizers
between-subject / between-dataset	0						subcortex	high_tsnr	pearson	1225	1225	localizers
