lag_value	n	median	q25	q75	lag_type	network	gate	measure	pair_type
0	1522	0.9530676417446895	0.941673606991966	0.9615944520685443	season	Vis	all	pearson	within-subject
1	2612	0.948603854760259	0.9371782567291915	0.9582789482264946	season	Vis	all	pearson	within-subject
2	1937	0.9454782293330469	0.9341208964202855	0.9545685161579763	season	Vis	all	pearson	within-subject
3	1503	0.9413648994891273	0.929368347597364	0.9509735513514366	season	Vis	all	pearson	within-subject
4	1026	0.9384514360522045	0.924986654954414	0.9474670902930675	season	Vis	all	pearson	within-subject
5	529	0.9323775695506601	0.9198957280256362	0.9425395268568141	season	Vis	all	pearson	within-subject
0	1699	0.9535959220421903	0.9419361606433294	0.9623570061962194	session_gap_decile	Vis	all	pearson	within-subject
1	1494	0.9504390745805327	0.9391326219777052	0.9592368688968295	session_gap_decile	Vis	all	pearson	within-subject
2	1528	0.9464783068280209	0.9343059158097393	0.955786689253855	session_gap_decile	Vis	all	pearson	within-subject
3	1435	0.9440090876231186	0.931475562265244	0.9534609569003323	session_gap_decile	Vis	all	pearson	within-subject
4	1539	0.9406932069038482	0.9286756140753649	0.9498252253731267	session_gap_decile	Vis	all	pearson	within-subject
5	1434	0.9367431497119731	0.9238762274370453	0.9461824173950328	session_gap_decile	Vis	all	pearson	within-subject
0	7248	0.691273870746527	0.6657624059906806	0.7243488616545612	season	Vis	all	pearson	between-subject
1	11803	0.6924597567709428	0.6646372318507443	0.725951248345436	season	Vis	all	pearson	between-subject
2	9423	0.6926854601135444	0.6661091170119597	0.7252823431389703	season	Vis	all	pearson	between-subject
3	7319	0.6918957336703042	0.6658420835655612	0.7209666362528754	season	Vis	all	pearson	between-subject
4	5254	0.6892580246424804	0.6649229609315755	0.7184009313426514	season	Vis	all	pearson	between-subject
5	2799	0.6886684441042906	0.6653495803068219	0.7141739920139553	season	Vis	all	pearson	between-subject
0	8157	0.6974143556131641	0.6687409656873015	0.7285804333248503	session_gap_decile	Vis	all	pearson	between-subject
1	6994	0.6950830188136651	0.6669556649494718	0.7266618258433012	session_gap_decile	Vis	all	pearson	between-subject
2	7233	0.6928863682480374	0.6654294382988676	0.724613392873552	session_gap_decile	Vis	all	pearson	between-subject
3	6963	0.6906217804632868	0.6649588368761575	0.7229563352568622	session_gap_decile	Vis	all	pearson	between-subject
4	7590	0.688844813498003	0.6637002990980807	0.719543774566856	session_gap_decile	Vis	all	pearson	between-subject
5	6909	0.6854018576864267	0.6642944481665692	0.711429037606135	session_gap_decile	Vis	all	pearson	between-subject
0	1098	0.9562263565623528	0.9480193759802791	0.9638290488559687	season	Vis	gated	pearson	within-subject
1	1920	0.9519908513831004	0.9427374599418737	0.960551080009979	season	Vis	gated	pearson	within-subject
2	1487	0.9482375128114937	0.9388195820901054	0.9562396326101104	season	Vis	gated	pearson	within-subject
3	1137	0.9444445745795743	0.9340585146968094	0.9527933458503288	season	Vis	gated	pearson	within-subject
4	766	0.941548157319048	0.9297508555066588	0.9491197635838677	season	Vis	gated	pearson	within-subject
5	427	0.9349951414458789	0.9241881330949981	0.9442322102157306	season	Vis	gated	pearson	within-subject
0	1287	0.9566699214443629	0.9475716995167316	0.9640290986342747	session_gap_decile	Vis	gated	pearson	within-subject
1	1132	0.9529636805853692	0.9437431831663747	0.9608535718871382	session_gap_decile	Vis	gated	pearson	within-subject
2	1117	0.9493236754253311	0.9393168440397571	0.9577364838819282	session_gap_decile	Vis	gated	pearson	within-subject
3	1082	0.9471490908909584	0.9360978481323277	0.9553774325348628	session_gap_decile	Vis	gated	pearson	within-subject
4	1093	0.9432315324255814	0.9331700162795081	0.9518920740146937	session_gap_decile	Vis	gated	pearson	within-subject
5	1124	0.9410063198392422	0.9301215401601648	0.9486835307373569	session_gap_decile	Vis	gated	pearson	within-subject
0	5411	0.6949988706261964	0.6711759170313516	0.7283643201782781	season	Vis	gated	pearson	between-subject
1	8830	0.6956031666675931	0.670047412564767	0.7291301063821312	season	Vis	gated	pearson	between-subject
2	7206	0.6957611472047361	0.6702723655364775	0.7276680395730615	season	Vis	gated	pearson	between-subject
3	5486	0.6939390917848118	0.6690772378726794	0.7238984868236781	season	Vis	gated	pearson	between-subject
4	3781	0.6916385024276798	0.6690259839224199	0.7226432897227967	season	Vis	gated	pearson	between-subject
5	2072	0.6897710909729254	0.6670093111831267	0.7160765124117975	season	Vis	gated	pearson	between-subject
0	6316	0.7004287586111291	0.67377158202424	0.7315666026248433	session_gap_decile	Vis	gated	pearson	between-subject
1	5279	0.6980850574327567	0.6717569727874693	0.7292744467956916	session_gap_decile	Vis	gated	pearson	between-subject
2	5365	0.695410268939302	0.6693514812984726	0.7275737791132101	session_gap_decile	Vis	gated	pearson	between-subject
3	5232	0.6935677120530822	0.6685395929421137	0.7272886195001771	session_gap_decile	Vis	gated	pearson	between-subject
4	5253	0.6920113566494862	0.6680360436865245	0.7238744182014296	session_gap_decile	Vis	gated	pearson	between-subject
5	5341	0.6876547254614723	0.667843955300416	0.7130846544351332	session_gap_decile	Vis	gated	pearson	between-subject
0	1098	0.9562263565623528	0.9480193759802791	0.9638290488559687	season	Vis	qc_covered	pearson	within-subject
1	1920	0.9519908513831004	0.9427374599418737	0.960551080009979	season	Vis	qc_covered	pearson	within-subject
2	1487	0.9482375128114937	0.9388195820901054	0.9562396326101104	season	Vis	qc_covered	pearson	within-subject
3	1137	0.9444445745795743	0.9340585146968094	0.9527933458503288	season	Vis	qc_covered	pearson	within-subject
4	766	0.941548157319048	0.9297508555066588	0.9491197635838677	season	Vis	qc_covered	pearson	within-subject
5	427	0.9349951414458789	0.9241881330949981	0.9442322102157306	season	Vis	qc_covered	pearson	within-subject
0	1287	0.9566699214443629	0.9475716995167316	0.9640290986342747	session_gap_decile	Vis	qc_covered	pearson	within-subject
1	1132	0.9529636805853692	0.9437431831663747	0.9608535718871382	session_gap_decile	Vis	qc_covered	pearson	within-subject
2	1117	0.9493236754253311	0.9393168440397571	0.9577364838819282	session_gap_decile	Vis	qc_covered	pearson	within-subject
3	1082	0.9471490908909584	0.9360978481323277	0.9553774325348628	session_gap_decile	Vis	qc_covered	pearson	within-subject
4	1093	0.9432315324255814	0.9331700162795081	0.9518920740146937	session_gap_decile	Vis	qc_covered	pearson	within-subject
5	1124	0.9410063198392422	0.9301215401601648	0.9486835307373569	session_gap_decile	Vis	qc_covered	pearson	within-subject
0	5411	0.6949988706261964	0.6711759170313516	0.7283643201782781	season	Vis	qc_covered	pearson	between-subject
1	8830	0.6956031666675931	0.670047412564767	0.7291301063821312	season	Vis	qc_covered	pearson	between-subject
2	7206	0.6957611472047361	0.6702723655364775	0.7276680395730615	season	Vis	qc_covered	pearson	between-subject
3	5486	0.6939390917848118	0.6690772378726794	0.7238984868236781	season	Vis	qc_covered	pearson	between-subject
4	3781	0.6916385024276798	0.6690259839224199	0.7226432897227967	season	Vis	qc_covered	pearson	between-subject
5	2072	0.6897710909729254	0.6670093111831267	0.7160765124117975	season	Vis	qc_covered	pearson	between-subject
0	6316	0.7004287586111291	0.67377158202424	0.7315666026248433	session_gap_decile	Vis	qc_covered	pearson	between-subject
1	5279	0.6980850574327567	0.6717569727874693	0.7292744467956916	session_gap_decile	Vis	qc_covered	pearson	between-subject
2	5365	0.695410268939302	0.6693514812984726	0.7275737791132101	session_gap_decile	Vis	qc_covered	pearson	between-subject
3	5232	0.6935677120530822	0.6685395929421137	0.7272886195001771	session_gap_decile	Vis	qc_covered	pearson	between-subject
4	5253	0.6920113566494862	0.6680360436865245	0.7238744182014296	session_gap_decile	Vis	qc_covered	pearson	between-subject
5	5341	0.6876547254614723	0.667843955300416	0.7130846544351332	session_gap_decile	Vis	qc_covered	pearson	between-subject
0	337	0.9561705291917061	0.9486529777014291	0.962925654368507	season	Vis	low_motion	pearson	within-subject
1	490	0.9547243785480413	0.9440905775982202	0.9619456324250991	season	Vis	low_motion	pearson	within-subject
2	260	0.9519518462310324	0.9425695223190713	0.959544693598485	season	Vis	low_motion	pearson	within-subject
3	229	0.9452254259863604	0.9351324866019349	0.9534200700221471	season	Vis	low_motion	pearson	within-subject
4	255	0.9393274693217779	0.9258386063102216	0.9475135483113248	season	Vis	low_motion	pearson	within-subject
5	147	0.9329345022144125	0.9222978471681813	0.9428192105569101	season	Vis	low_motion	pearson	within-subject
0	306	0.9564952851200773	0.9486111933989767	0.9629231856017557	session_gap_decile	Vis	low_motion	pearson	within-subject
1	311	0.9552475912712388	0.9453418561762348	0.9626075072408484	session_gap_decile	Vis	low_motion	pearson	within-subject
2	249	0.9534335475473151	0.9436282371020986	0.9609121027265819	session_gap_decile	Vis	low_motion	pearson	within-subject
3	290	0.9499659230616007	0.9396111810970228	0.9593914285905403	session_gap_decile	Vis	low_motion	pearson	within-subject
4	285	0.941187799169302	0.9294086072819839	0.9494971746327412	session_gap_decile	Vis	low_motion	pearson	within-subject
5	277	0.9378873576024895	0.9267561562122241	0.9475126035428323	session_gap_decile	Vis	low_motion	pearson	within-subject
0	1481	0.6957131421001895	0.672307502134701	0.7312195725876677	season	Vis	low_motion	pearson	between-subject
1	2105	0.6965929943922665	0.6747310841567699	0.7323950122869504	season	Vis	low_motion	pearson	between-subject
2	1446	0.6970132637390805	0.6736166965292525	0.7275258211965058	season	Vis	low_motion	pearson	between-subject
3	1426	0.6903736838935223	0.6647382006139246	0.7181031331737846	season	Vis	low_motion	pearson	between-subject
4	1274	0.6897324381596521	0.6648493553923132	0.7221929455341396	season	Vis	low_motion	pearson	between-subject
5	703	0.6870620065712587	0.6645794859220555	0.7117622242288385	season	Vis	low_motion	pearson	between-subject
0	1615	0.7018118989132813	0.6770865991303016	0.7339514019355553	session_gap_decile	Vis	low_motion	pearson	between-subject
1	1338	0.6993011577633794	0.6736765329734848	0.7300287156997876	session_gap_decile	Vis	low_motion	pearson	between-subject
2	1365	0.6949537941293573	0.6682598059116314	0.7257036262458233	session_gap_decile	Vis	low_motion	pearson	between-subject
3	1403	0.6912003180602341	0.6671182980134363	0.7258386320851269	session_gap_decile	Vis	low_motion	pearson	between-subject
4	1384	0.6902185043851432	0.6663068274775438	0.7229054549673501	session_gap_decile	Vis	low_motion	pearson	between-subject
5	1330	0.6847749859274199	0.6656919974008023	0.7078103364412964	session_gap_decile	Vis	low_motion	pearson	between-subject
0	322	0.9553226259712292	0.9490744781166598	0.9624763114002464	season	Vis	high_tsnr	pearson	within-subject
1	491	0.9529155734983209	0.9442090953997813	0.9607171813999361	season	Vis	high_tsnr	pearson	within-subject
2	250	0.9503402109594193	0.9399486457283327	0.9569174372939159	season	Vis	high_tsnr	pearson	within-subject
3	236	0.9437617509198937	0.9338784435652386	0.9520446276969421	season	Vis	high_tsnr	pearson	within-subject
4	226	0.9399666201472914	0.9280325563149959	0.9479232159589444	season	Vis	high_tsnr	pearson	within-subject
5	105	0.9289275452320606	0.9192092257194322	0.9386379781680414	season	Vis	high_tsnr	pearson	within-subject
0	309	0.9556040985194216	0.9488466368894345	0.9624956607789458	session_gap_decile	Vis	high_tsnr	pearson	within-subject
1	248	0.9544576102347339	0.947884583536154	0.9606609080866327	session_gap_decile	Vis	high_tsnr	pearson	within-subject
2	261	0.9509619822168089	0.9407114029659845	0.9602942808157078	session_gap_decile	Vis	high_tsnr	pearson	within-subject
3	284	0.9488193822217679	0.9378025646819819	0.9576586651422888	session_gap_decile	Vis	high_tsnr	pearson	within-subject
4	265	0.9415389733433738	0.9307625173613708	0.9504480066356119	session_gap_decile	Vis	high_tsnr	pearson	within-subject
5	263	0.9380046482392955	0.9270562385191307	0.9479360459017045	session_gap_decile	Vis	high_tsnr	pearson	within-subject
0	1356	0.6936584417357435	0.6701971506937314	0.7220457004722243	season	Vis	high_tsnr	pearson	between-subject
1	2027	0.6942074945083211	0.6696536492856453	0.7262395646618909	season	Vis	high_tsnr	pearson	between-subject
2	1375	0.6963804700270751	0.6715877735613279	0.7255957105222468	season	Vis	high_tsnr	pearson	between-subject
3	1371	0.6940655219032424	0.669288599560624	0.7191513263757555	season	Vis	high_tsnr	pearson	between-subject
4	1244	0.6903680427958787	0.6666480190640176	0.7193880195321463	season	Vis	high_tsnr	pearson	between-subject
5	588	0.6831431995445058	0.6599765256786251	0.717370415356253	season	Vis	high_tsnr	pearson	between-subject
0	1329	0.6999167004856643	0.6746496789766078	0.7267496215642765	session_gap_decile	Vis	high_tsnr	pearson	between-subject
1	1470	0.6959951300607585	0.6696513178443092	0.7240841670367788	session_gap_decile	Vis	high_tsnr	pearson	between-subject
2	1241	0.6970802815291188	0.6685225551475787	0.7251248322919865	session_gap_decile	Vis	high_tsnr	pearson	between-subject
3	1309	0.6915568702649803	0.6665467386627649	0.7226432897227967	session_gap_decile	Vis	high_tsnr	pearson	between-subject
4	1387	0.6906467734832595	0.6674729096344332	0.7202732740256657	session_gap_decile	Vis	high_tsnr	pearson	between-subject
5	1225	0.6854301300698034	0.6657956034163485	0.7102682686748489	session_gap_decile	Vis	high_tsnr	pearson	between-subject
0	1522	0.9161927134638207	0.8929153677898448	0.9351053729580333	season	SomMot	all	pearson	within-subject
1	2612	0.9112674858481288	0.8840516832182557	0.9286111676344598	season	SomMot	all	pearson	within-subject
2	1937	0.906486838419087	0.8830784448479266	0.9238605910815366	season	SomMot	all	pearson	within-subject
3	1503	0.9022012478424575	0.8780703445819913	0.91913049594574	season	SomMot	all	pearson	within-subject
4	1026	0.8970970133359599	0.8724177610796441	0.9153850499204857	season	SomMot	all	pearson	within-subject
5	529	0.8905992337540096	0.8622513143547021	0.909441074528893	season	SomMot	all	pearson	within-subject
0	1699	0.9190165263018509	0.8966669782530456	0.9367969546998753	session_gap_decile	SomMot	all	pearson	within-subject
1	1494	0.9119044637638735	0.8872507973840719	0.9295560565444455	session_gap_decile	SomMot	all	pearson	within-subject
2	1528	0.9076008334173346	0.8829930546982898	0.9247619060952705	session_gap_decile	SomMot	all	pearson	within-subject
3	1435	0.9024993945118895	0.8776257632089828	0.9211327938870608	session_gap_decile	SomMot	all	pearson	within-subject
4	1539	0.9007400786080124	0.8769775631337953	0.9188389454681127	session_gap_decile	SomMot	all	pearson	within-subject
5	1434	0.8948414781423817	0.8665199443597417	0.9136091172786804	session_gap_decile	SomMot	all	pearson	within-subject
0	7248	0.6097784317849095	0.5667994716461924	0.6489151538909657	season	SomMot	all	pearson	between-subject
1	11803	0.6126699256791095	0.5701006999204088	0.6516414209145713	season	SomMot	all	pearson	between-subject
2	9423	0.6107482119960491	0.5681946462916458	0.6507285918816397	season	SomMot	all	pearson	between-subject
3	7319	0.608140393520424	0.5644789581472446	0.6479204346292798	season	SomMot	all	pearson	between-subject
4	5254	0.6065676140026361	0.5607100182896056	0.6434048628089032	season	SomMot	all	pearson	between-subject
5	2799	0.6005329607672594	0.5583182138531599	0.6360359917766056	season	SomMot	all	pearson	between-subject
0	8157	0.6055606202623597	0.5614835848366451	0.6440787941642193	session_gap_decile	SomMot	all	pearson	between-subject
1	6994	0.6048306157611496	0.5604370497262053	0.643586211570146	session_gap_decile	SomMot	all	pearson	between-subject
2	7233	0.603916903763332	0.5625137752339202	0.6442486193006222	session_gap_decile	SomMot	all	pearson	between-subject
3	6963	0.6058501731561822	0.5635671385022315	0.6451476353102459	session_gap_decile	SomMot	all	pearson	between-subject
4	7590	0.6081990481560107	0.5659232238789541	0.6475163141494883	session_gap_decile	SomMot	all	pearson	between-subject
5	6909	0.6263448234488389	0.5882479815203652	0.6623250407992621	session_gap_decile	SomMot	all	pearson	between-subject
0	1098	0.9241796820298787	0.9051761973610322	0.9393554463313838	season	SomMot	gated	pearson	within-subject
1	1920	0.9177366114266339	0.8969912726797191	0.9325983572475063	season	SomMot	gated	pearson	within-subject
2	1487	0.9114305601596416	0.8921680423456169	0.9266533571720814	season	SomMot	gated	pearson	within-subject
3	1137	0.9076312228148686	0.8872644860670692	0.9222405770612241	season	SomMot	gated	pearson	within-subject
4	766	0.9024020275845364	0.8803815824098141	0.9176838291265247	season	SomMot	gated	pearson	within-subject
5	427	0.8937266118476276	0.8703494578145028	0.9109041038753143	season	SomMot	gated	pearson	within-subject
0	1287	0.9255058622665834	0.907182035241711	0.939991562233307	session_gap_decile	SomMot	gated	pearson	within-subject
1	1132	0.9174944648104217	0.8986471495544582	0.9329236326721828	session_gap_decile	SomMot	gated	pearson	within-subject
2	1117	0.9133392820638924	0.893155276553279	0.9281590622225098	session_gap_decile	SomMot	gated	pearson	within-subject
3	1082	0.9079914776545133	0.8860583736029873	0.9243176806636266	session_gap_decile	SomMot	gated	pearson	within-subject
4	1093	0.9069273056210371	0.884605811631922	0.9221684993612097	session_gap_decile	SomMot	gated	pearson	within-subject
5	1124	0.9031835034504087	0.8805473213063095	0.917426401653107	session_gap_decile	SomMot	gated	pearson	within-subject
0	5411	0.6138507027145276	0.568594879421639	0.6539307683959892	season	SomMot	gated	pearson	between-subject
1	8830	0.6158619796441471	0.5730472051963731	0.6550083752336848	season	SomMot	gated	pearson	between-subject
2	7206	0.6143650930217763	0.5725764046379642	0.6552455391199912	season	SomMot	gated	pearson	between-subject
3	5486	0.6117485812237151	0.5682590997337349	0.6518529471130923	season	SomMot	gated	pearson	between-subject
4	3781	0.6115869365052203	0.5657702600480486	0.6475583071816389	season	SomMot	gated	pearson	between-subject
5	2072	0.6078072327057128	0.5709032257943212	0.6436516700501747	season	SomMot	gated	pearson	between-subject
0	6316	0.6099244030510043	0.5629625450866869	0.6473932177419788	session_gap_decile	SomMot	gated	pearson	between-subject
1	5279	0.608002490264322	0.5632365230472678	0.6475771255588834	session_gap_decile	SomMot	gated	pearson	between-subject
2	5365	0.6070384678155967	0.565129587124748	0.6479762038897242	session_gap_decile	SomMot	gated	pearson	between-subject
3	5232	0.6099412841020323	0.5679586774376175	0.649827341039926	session_gap_decile	SomMot	gated	pearson	between-subject
4	5253	0.6126454505471716	0.5714780274617057	0.6521043531756285	session_gap_decile	SomMot	gated	pearson	between-subject
5	5341	0.632745372076897	0.5951525513253219	0.6673358199617314	session_gap_decile	SomMot	gated	pearson	between-subject
0	1098	0.9241796820298787	0.9051761973610322	0.9393554463313838	season	SomMot	qc_covered	pearson	within-subject
1	1920	0.9177366114266339	0.8969912726797191	0.9325983572475063	season	SomMot	qc_covered	pearson	within-subject
2	1487	0.9114305601596416	0.8921680423456169	0.9266533571720814	season	SomMot	qc_covered	pearson	within-subject
3	1137	0.9076312228148686	0.8872644860670692	0.9222405770612241	season	SomMot	qc_covered	pearson	within-subject
4	766	0.9024020275845364	0.8803815824098141	0.9176838291265247	season	SomMot	qc_covered	pearson	within-subject
5	427	0.8937266118476276	0.8703494578145028	0.9109041038753143	season	SomMot	qc_covered	pearson	within-subject
0	1287	0.9255058622665834	0.907182035241711	0.939991562233307	session_gap_decile	SomMot	qc_covered	pearson	within-subject
1	1132	0.9174944648104217	0.8986471495544582	0.9329236326721828	session_gap_decile	SomMot	qc_covered	pearson	within-subject
2	1117	0.9133392820638924	0.893155276553279	0.9281590622225098	session_gap_decile	SomMot	qc_covered	pearson	within-subject
3	1082	0.9079914776545133	0.8860583736029873	0.9243176806636266	session_gap_decile	SomMot	qc_covered	pearson	within-subject
4	1093	0.9069273056210371	0.884605811631922	0.9221684993612097	session_gap_decile	SomMot	qc_covered	pearson	within-subject
5	1124	0.9031835034504087	0.8805473213063095	0.917426401653107	session_gap_decile	SomMot	qc_covered	pearson	within-subject
0	5411	0.6138507027145276	0.568594879421639	0.6539307683959892	season	SomMot	qc_covered	pearson	between-subject
1	8830	0.6158619796441471	0.5730472051963731	0.6550083752336848	season	SomMot	qc_covered	pearson	between-subject
2	7206	0.6143650930217763	0.5725764046379642	0.6552455391199912	season	SomMot	qc_covered	pearson	between-subject
3	5486	0.6117485812237151	0.5682590997337349	0.6518529471130923	season	SomMot	qc_covered	pearson	between-subject
4	3781	0.6115869365052203	0.5657702600480486	0.6475583071816389	season	SomMot	qc_covered	pearson	between-subject
5	2072	0.6078072327057128	0.5709032257943212	0.6436516700501747	season	SomMot	qc_covered	pearson	between-subject
0	6316	0.6099244030510043	0.5629625450866869	0.6473932177419788	session_gap_decile	SomMot	qc_covered	pearson	between-subject
1	5279	0.608002490264322	0.5632365230472678	0.6475771255588834	session_gap_decile	SomMot	qc_covered	pearson	between-subject
2	5365	0.6070384678155967	0.565129587124748	0.6479762038897242	session_gap_decile	SomMot	qc_covered	pearson	between-subject
3	5232	0.6099412841020323	0.5679586774376175	0.649827341039926	session_gap_decile	SomMot	qc_covered	pearson	between-subject
4	5253	0.6126454505471716	0.5714780274617057	0.6521043531756285	session_gap_decile	SomMot	qc_covered	pearson	between-subject
5	5341	0.632745372076897	0.5951525513253219	0.6673358199617314	session_gap_decile	SomMot	qc_covered	pearson	between-subject
0	337	0.9184257591215239	0.8929140815097121	0.932527229917929	season	SomMot	low_motion	pearson	within-subject
1	490	0.9172916903958206	0.8970179589457971	0.9312815465000059	season	SomMot	low_motion	pearson	within-subject
2	260	0.9127226789711979	0.8947105477675683	0.9278501417702958	season	SomMot	low_motion	pearson	within-subject
3	229	0.9065321259753094	0.887609830840659	0.9229665563613204	season	SomMot	low_motion	pearson	within-subject
4	255	0.8983092791058207	0.8707646110821532	0.9156646868350595	season	SomMot	low_motion	pearson	within-subject
5	147	0.8927595903462267	0.868489478802229	0.9115534671989101	season	SomMot	low_motion	pearson	within-subject
0	306	0.9212828723004818	0.9003413969132346	0.9373549362715685	session_gap_decile	SomMot	low_motion	pearson	within-subject
1	311	0.9129506423935151	0.8901900553522708	0.9296803347549822	session_gap_decile	SomMot	low_motion	pearson	within-subject
2	249	0.9171913752091507	0.8984771290966842	0.9302846284597628	session_gap_decile	SomMot	low_motion	pearson	within-subject
3	290	0.9077225464977294	0.8867282634774831	0.9278798309901313	session_gap_decile	SomMot	low_motion	pearson	within-subject
4	285	0.9004692715737067	0.878069714616592	0.9189702785314687	session_gap_decile	SomMot	low_motion	pearson	within-subject
5	277	0.9026292853481058	0.8741445903714846	0.9162996112880131	session_gap_decile	SomMot	low_motion	pearson	within-subject
0	1481	0.6117429149723111	0.5658906631261751	0.6554255961374555	season	SomMot	low_motion	pearson	between-subject
1	2105	0.6226544084141293	0.5758788626821774	0.6605657326464421	season	SomMot	low_motion	pearson	between-subject
2	1446	0.6258725388623236	0.582131010368921	0.6630038436137896	season	SomMot	low_motion	pearson	between-subject
3	1426	0.6135214799654646	0.5733324698308337	0.6499760126839771	season	SomMot	low_motion	pearson	between-subject
4	1274	0.6074470337921226	0.5593539951725535	0.6428681484514114	season	SomMot	low_motion	pearson	between-subject
5	703	0.6059974949963642	0.5599141754032029	0.6363340179947947	season	SomMot	low_motion	pearson	between-subject
0	1615	0.6153329205612765	0.5676690692503024	0.6576310303585884	session_gap_decile	SomMot	low_motion	pearson	between-subject
1	1338	0.6131552045568845	0.566907507469619	0.6544793697278343	session_gap_decile	SomMot	low_motion	pearson	between-subject
2	1365	0.618024621940874	0.5741601266824112	0.6539989926236591	session_gap_decile	SomMot	low_motion	pearson	between-subject
3	1403	0.6151720602914323	0.5719830849590776	0.6502567205568167	session_gap_decile	SomMot	low_motion	pearson	between-subject
4	1384	0.6055095706526915	0.5600787282554693	0.6445580882857033	session_gap_decile	SomMot	low_motion	pearson	between-subject
5	1330	0.6257099289979583	0.5888241979891659	0.6610206117201218	session_gap_decile	SomMot	low_motion	pearson	between-subject
0	322	0.924515049854155	0.903574637834536	0.9380778234918092	season	SomMot	high_tsnr	pearson	within-subject
1	491	0.9193864105165317	0.8980916757970958	0.9336258070139136	season	SomMot	high_tsnr	pearson	within-subject
2	250	0.9117506188363365	0.8899585990962003	0.9290309670687436	season	SomMot	high_tsnr	pearson	within-subject
3	236	0.9123754833077001	0.8881720654799264	0.9273069285286097	season	SomMot	high_tsnr	pearson	within-subject
4	226	0.9056091740460552	0.8836415193548348	0.9182696020370887	season	SomMot	high_tsnr	pearson	within-subject
5	105	0.8907868500284468	0.857406259788343	0.9124092168423887	season	SomMot	high_tsnr	pearson	within-subject
0	309	0.926049782393156	0.905620080898234	0.9393652803176324	session_gap_decile	SomMot	high_tsnr	pearson	within-subject
1	248	0.9160441189823076	0.8982565732095991	0.9312637207335402	session_gap_decile	SomMot	high_tsnr	pearson	within-subject
2	261	0.9147759946477999	0.8948572524207592	0.9302846284597628	session_gap_decile	SomMot	high_tsnr	pearson	within-subject
3	284	0.912630903116441	0.8903495489435855	0.9314571105775451	session_gap_decile	SomMot	high_tsnr	pearson	within-subject
4	265	0.9076748016231162	0.8830831682389678	0.9235299703580205	session_gap_decile	SomMot	high_tsnr	pearson	within-subject
5	263	0.9053093677334936	0.8745542091360082	0.9185562305856126	session_gap_decile	SomMot	high_tsnr	pearson	within-subject
0	1356	0.6067150419913641	0.5602239635483361	0.6448299289448954	season	SomMot	high_tsnr	pearson	between-subject
1	2027	0.6129819033671284	0.568039149991396	0.652029314508785	season	SomMot	high_tsnr	pearson	between-subject
2	1375	0.6175495454030137	0.5775841547497259	0.6570080127299059	season	SomMot	high_tsnr	pearson	between-subject
3	1371	0.609262016713612	0.5656146833618065	0.6458542241379541	season	SomMot	high_tsnr	pearson	between-subject
4	1244	0.6046226736491942	0.5545074377316316	0.6381963269178632	season	SomMot	high_tsnr	pearson	between-subject
5	588	0.6051782249100638	0.5577193764775	0.631368355846312	season	SomMot	high_tsnr	pearson	between-subject
0	1329	0.6060199596861561	0.5620298511496283	0.644149601799023	session_gap_decile	SomMot	high_tsnr	pearson	between-subject
1	1470	0.6053268354251058	0.5591061529140889	0.6444672281187811	session_gap_decile	SomMot	high_tsnr	pearson	between-subject
2	1241	0.6070384678155967	0.563258311966668	0.646635574945876	session_gap_decile	SomMot	high_tsnr	pearson	between-subject
3	1309	0.6098955424755238	0.5660675840292937	0.6443001064794699	session_gap_decile	SomMot	high_tsnr	pearson	between-subject
4	1387	0.6041253664317896	0.5563243590304333	0.6407643814913608	session_gap_decile	SomMot	high_tsnr	pearson	between-subject
5	1225	0.6248528053809702	0.5898297311548505	0.6588402699103705	session_gap_decile	SomMot	high_tsnr	pearson	between-subject
0	1522	0.9465144986025036	0.9290347130343917	0.9583997126895218	season	DorsAttn	all	pearson	within-subject
1	2612	0.9442610551081878	0.9272196917851507	0.9565105481948101	season	DorsAttn	all	pearson	within-subject
2	1937	0.9421702124111467	0.9261547905642997	0.953704803124536	season	DorsAttn	all	pearson	within-subject
3	1503	0.9362162288457452	0.9195160054858741	0.9495833329541221	season	DorsAttn	all	pearson	within-subject
4	1026	0.9283224724874993	0.9126772043483603	0.9423915454635843	season	DorsAttn	all	pearson	within-subject
5	529	0.9223559673607795	0.9041585785524685	0.9347048748432016	season	DorsAttn	all	pearson	within-subject
0	1699	0.947518136928134	0.9304700493288199	0.9595741534379316	session_gap_decile	DorsAttn	all	pearson	within-subject
1	1494	0.9452730325964868	0.9287397367508614	0.9572027822988304	session_gap_decile	DorsAttn	all	pearson	within-subject
2	1528	0.9402898267459512	0.9239251741104046	0.9535654037497806	session_gap_decile	DorsAttn	all	pearson	within-subject
3	1435	0.9377879058168076	0.921024103462644	0.9509696310300801	session_gap_decile	DorsAttn	all	pearson	within-subject
4	1539	0.9339220674201126	0.9159872947902377	0.9485741433454953	session_gap_decile	DorsAttn	all	pearson	within-subject
5	1434	0.9306803681665817	0.9161797299702269	0.9451145680935527	session_gap_decile	DorsAttn	all	pearson	within-subject
0	7248	0.5454358016035487	0.5071290719662286	0.585830379365407	season	DorsAttn	all	pearson	between-subject
1	11803	0.5472512940257455	0.5086882024392498	0.5858993271221031	season	DorsAttn	all	pearson	between-subject
2	9423	0.5481015513088235	0.5098177312846148	0.5868446059036778	season	DorsAttn	all	pearson	between-subject
3	7319	0.5466886194539837	0.5075605132750576	0.5857170478396734	season	DorsAttn	all	pearson	between-subject
4	5254	0.5432271421586441	0.5053847402608088	0.5829401750942291	season	DorsAttn	all	pearson	between-subject
5	2799	0.540659800472085	0.5038955449132911	0.5802705153155263	season	DorsAttn	all	pearson	between-subject
0	8157	0.5458325444961163	0.5096025033743264	0.5838573833526123	session_gap_decile	DorsAttn	all	pearson	between-subject
1	6994	0.5441651050608212	0.5088357999379537	0.5825333906486991	session_gap_decile	DorsAttn	all	pearson	between-subject
2	7233	0.5434478895123083	0.5079702935546195	0.5819708421123508	session_gap_decile	DorsAttn	all	pearson	between-subject
3	6963	0.5449246766973685	0.5073670668111947	0.5831986285798989	session_gap_decile	DorsAttn	all	pearson	between-subject
4	7590	0.5441099930695161	0.504911164428803	0.5852952855390672	session_gap_decile	DorsAttn	all	pearson	between-subject
5	6909	0.5582432726313944	0.5080529536713685	0.5944187184741948	session_gap_decile	DorsAttn	all	pearson	between-subject
0	1098	0.9520812316186639	0.9367596334195354	0.9612836486953769	season	DorsAttn	gated	pearson	within-subject
1	1920	0.9495761044838584	0.9361353443010516	0.9592742044028317	season	DorsAttn	gated	pearson	within-subject
2	1487	0.9467142352840349	0.9331987027943014	0.9559100481452227	season	DorsAttn	gated	pearson	within-subject
3	1137	0.9416511667602961	0.9273504056948879	0.9523241210529085	season	DorsAttn	gated	pearson	within-subject
4	766	0.933845394314355	0.9184637693458035	0.9459416658280143	season	DorsAttn	gated	pearson	within-subject
5	427	0.925340136259534	0.9098317311775943	0.9376447960401186	season	DorsAttn	gated	pearson	within-subject
0	1287	0.9526321014011604	0.939270178868252	0.961717055354949	session_gap_decile	DorsAttn	gated	pearson	within-subject
1	1132	0.949584109065619	0.9354309519977876	0.9593818000233494	session_gap_decile	DorsAttn	gated	pearson	within-subject
2	1117	0.9458905418298984	0.9316357209229976	0.9567058604053135	session_gap_decile	DorsAttn	gated	pearson	within-subject
3	1082	0.9429010234786805	0.9282862135490692	0.9545968664386508	session_gap_decile	DorsAttn	gated	pearson	within-subject
4	1093	0.9394989975312685	0.9228732154862767	0.951681583505437	session_gap_decile	DorsAttn	gated	pearson	within-subject
5	1124	0.9375645583939988	0.9224540000480917	0.948697050255918	session_gap_decile	DorsAttn	gated	pearson	within-subject
0	5411	0.5498910621030414	0.5114224354278014	0.589430439780151	season	DorsAttn	gated	pearson	between-subject
1	8830	0.5516146242760576	0.5122700350612102	0.590732749382819	season	DorsAttn	gated	pearson	between-subject
2	7206	0.5519441269897821	0.5128065755608695	0.5905456462755726	season	DorsAttn	gated	pearson	between-subject
3	5486	0.5505409337432878	0.510580654386693	0.5893804757563346	season	DorsAttn	gated	pearson	between-subject
4	3781	0.5471119525228888	0.5087060717113274	0.5869929380503246	season	DorsAttn	gated	pearson	between-subject
5	2072	0.5457675195702751	0.5077370744917857	0.5855609319179044	season	DorsAttn	gated	pearson	between-subject
0	6316	0.5495429314390472	0.5136596539126455	0.5878918220138756	session_gap_decile	DorsAttn	gated	pearson	between-subject
1	5279	0.5476082712006354	0.5116612791616457	0.5872211800260598	session_gap_decile	DorsAttn	gated	pearson	between-subject
2	5365	0.5468997259238747	0.5108054873999114	0.5859498566144035	session_gap_decile	DorsAttn	gated	pearson	between-subject
3	5232	0.5484996858128255	0.5104379460871512	0.5860818031487891	session_gap_decile	DorsAttn	gated	pearson	between-subject
4	5253	0.5497402760910863	0.5094545212182187	0.5896719069969374	session_gap_decile	DorsAttn	gated	pearson	between-subject
5	5341	0.5639856777947911	0.5121259275876731	0.5983253349637501	session_gap_decile	DorsAttn	gated	pearson	between-subject
0	1098	0.9520812316186639	0.9367596334195354	0.9612836486953769	season	DorsAttn	qc_covered	pearson	within-subject
1	1920	0.9495761044838584	0.9361353443010516	0.9592742044028317	season	DorsAttn	qc_covered	pearson	within-subject
2	1487	0.9467142352840349	0.9331987027943014	0.9559100481452227	season	DorsAttn	qc_covered	pearson	within-subject
3	1137	0.9416511667602961	0.9273504056948879	0.9523241210529085	season	DorsAttn	qc_covered	pearson	within-subject
4	766	0.933845394314355	0.9184637693458035	0.9459416658280143	season	DorsAttn	qc_covered	pearson	within-subject
5	427	0.925340136259534	0.9098317311775943	0.9376447960401186	season	DorsAttn	qc_covered	pearson	within-subject
0	1287	0.9526321014011604	0.939270178868252	0.961717055354949	session_gap_decile	DorsAttn	qc_covered	pearson	within-subject
1	1132	0.949584109065619	0.9354309519977876	0.9593818000233494	session_gap_decile	DorsAttn	qc_covered	pearson	within-subject
2	1117	0.9458905418298984	0.9316357209229976	0.9567058604053135	session_gap_decile	DorsAttn	qc_covered	pearson	within-subject
3	1082	0.9429010234786805	0.9282862135490692	0.9545968664386508	session_gap_decile	DorsAttn	qc_covered	pearson	within-subject
4	1093	0.9394989975312685	0.9228732154862767	0.951681583505437	session_gap_decile	DorsAttn	qc_covered	pearson	within-subject
5	1124	0.9375645583939988	0.9224540000480917	0.948697050255918	session_gap_decile	DorsAttn	qc_covered	pearson	within-subject
0	5411	0.5498910621030414	0.5114224354278014	0.589430439780151	season	DorsAttn	qc_covered	pearson	between-subject
1	8830	0.5516146242760576	0.5122700350612102	0.590732749382819	season	DorsAttn	qc_covered	pearson	between-subject
2	7206	0.5519441269897821	0.5128065755608695	0.5905456462755726	season	DorsAttn	qc_covered	pearson	between-subject
3	5486	0.5505409337432878	0.510580654386693	0.5893804757563346	season	DorsAttn	qc_covered	pearson	between-subject
4	3781	0.5471119525228888	0.5087060717113274	0.5869929380503246	season	DorsAttn	qc_covered	pearson	between-subject
5	2072	0.5457675195702751	0.5077370744917857	0.5855609319179044	season	DorsAttn	qc_covered	pearson	between-subject
0	6316	0.5495429314390472	0.5136596539126455	0.5878918220138756	session_gap_decile	DorsAttn	qc_covered	pearson	between-subject
1	5279	0.5476082712006354	0.5116612791616457	0.5872211800260598	session_gap_decile	DorsAttn	qc_covered	pearson	between-subject
2	5365	0.5468997259238747	0.5108054873999114	0.5859498566144035	session_gap_decile	DorsAttn	qc_covered	pearson	between-subject
3	5232	0.5484996858128255	0.5104379460871512	0.5860818031487891	session_gap_decile	DorsAttn	qc_covered	pearson	between-subject
4	5253	0.5497402760910863	0.5094545212182187	0.5896719069969374	session_gap_decile	DorsAttn	qc_covered	pearson	between-subject
5	5341	0.5639856777947911	0.5121259275876731	0.5983253349637501	session_gap_decile	DorsAttn	qc_covered	pearson	between-subject
0	337	0.9503011096304343	0.9320128068033613	0.9607328491918817	season	DorsAttn	low_motion	pearson	within-subject
1	490	0.9506720144794425	0.9390363585320167	0.9597374577097031	season	DorsAttn	low_motion	pearson	within-subject
2	260	0.9507701881936277	0.9394829461375824	0.9590562017874846	season	DorsAttn	low_motion	pearson	within-subject
3	229	0.9450787730846171	0.9339220674201126	0.9545631384366486	season	DorsAttn	low_motion	pearson	within-subject
4	255	0.932251541462205	0.9175677972182784	0.944756345308311	season	DorsAttn	low_motion	pearson	within-subject
5	147	0.9227705989190301	0.9038546067727451	0.9353312341621707	season	DorsAttn	low_motion	pearson	within-subject
0	306	0.9509949838917249	0.9359054817998519	0.9615900749415106	session_gap_decile	DorsAttn	low_motion	pearson	within-subject
1	311	0.9493633859196079	0.9341174208025883	0.959774118154727	session_gap_decile	DorsAttn	low_motion	pearson	within-subject
2	249	0.9513920205068672	0.9377780017523778	0.9597699819590919	session_gap_decile	DorsAttn	low_motion	pearson	within-subject
3	290	0.9466634856504754	0.9333940911896048	0.9570889140438894	session_gap_decile	DorsAttn	low_motion	pearson	within-subject
4	285	0.9363221043766431	0.9185999480173808	0.9479863849087385	session_gap_decile	DorsAttn	low_motion	pearson	within-subject
5	277	0.9353964283738456	0.9199593581550076	0.9469139709969776	session_gap_decile	DorsAttn	low_motion	pearson	within-subject
0	1481	0.550493904871012	0.509118880984688	0.5895801613501234	season	DorsAttn	low_motion	pearson	between-subject
1	2105	0.5520729824130443	0.5121518074492446	0.5905708215750639	season	DorsAttn	low_motion	pearson	between-subject
2	1446	0.5480256762408475	0.5084927455366252	0.5893260573704726	season	DorsAttn	low_motion	pearson	between-subject
3	1426	0.5543636202541998	0.5066074066383001	0.5869630465337108	season	DorsAttn	low_motion	pearson	between-subject
4	1274	0.5469990493460741	0.5080925970918919	0.5819660435176829	season	DorsAttn	low_motion	pearson	between-subject
5	703	0.5326913979619152	0.4965921747182761	0.573995844499077	season	DorsAttn	low_motion	pearson	between-subject
0	1615	0.5493009189774686	0.5127160718848778	0.5856790101001739	session_gap_decile	DorsAttn	low_motion	pearson	between-subject
1	1338	0.5500415642229295	0.5121694916279043	0.5856407202768472	session_gap_decile	DorsAttn	low_motion	pearson	between-subject
2	1365	0.5537065884309977	0.5128114923099485	0.5891704954886556	session_gap_decile	DorsAttn	low_motion	pearson	between-subject
3	1403	0.5525729415719526	0.5102763773333598	0.5889715886164302	session_gap_decile	DorsAttn	low_motion	pearson	between-subject
4	1384	0.5416116524790262	0.504887569715818	0.5826869529269605	session_gap_decile	DorsAttn	low_motion	pearson	between-subject
5	1330	0.5431687055533523	0.49817341688668537	0.5917476976045779	session_gap_decile	DorsAttn	low_motion	pearson	between-subject
0	322	0.9504496748641491	0.9351099997143167	0.9597025600829209	season	DorsAttn	high_tsnr	pearson	within-subject
1	491	0.9485068398037907	0.936251453386099	0.9599352980963824	season	DorsAttn	high_tsnr	pearson	within-subject
2	250	0.9527297279139422	0.9410565008708157	0.9593582360411728	season	DorsAttn	high_tsnr	pearson	within-subject
3	236	0.9461374975032348	0.9297102600467178	0.9547805069600386	season	DorsAttn	high_tsnr	pearson	within-subject
4	226	0.9328836222164518	0.9167673015024747	0.9439957910932513	season	DorsAttn	high_tsnr	pearson	within-subject
5	105	0.9224597154364019	0.8976756161778618	0.9347606549542851	season	DorsAttn	high_tsnr	pearson	within-subject
0	309	0.9503753649459925	0.9356884906377656	0.9610577901987534	session_gap_decile	DorsAttn	high_tsnr	pearson	within-subject
1	248	0.9480363863387894	0.934585645514654	0.9592226183386536	session_gap_decile	DorsAttn	high_tsnr	pearson	within-subject
2	261	0.9477785550629245	0.9357134927754385	0.9578248288618192	session_gap_decile	DorsAttn	high_tsnr	pearson	within-subject
3	284	0.9481728111707329	0.9330725391009249	0.959258376346409	session_gap_decile	DorsAttn	high_tsnr	pearson	within-subject
4	265	0.9382395227897402	0.9205034139008897	0.9532064821763402	session_gap_decile	DorsAttn	high_tsnr	pearson	within-subject
5	263	0.939049921089661	0.9233419978005416	0.9498834835690142	session_gap_decile	DorsAttn	high_tsnr	pearson	within-subject
0	1356	0.5487525426768438	0.5074772127386187	0.5874964316043604	season	DorsAttn	high_tsnr	pearson	between-subject
1	2027	0.5519791423011161	0.5091754453991557	0.5902139791420488	season	DorsAttn	high_tsnr	pearson	between-subject
2	1375	0.5635183325379308	0.513617510434067	0.592625592742418	season	DorsAttn	high_tsnr	pearson	between-subject
3	1371	0.5553639632093536	0.5107155859534571	0.5875139564607603	season	DorsAttn	high_tsnr	pearson	between-subject
4	1244	0.5445663312628373	0.5042469685747868	0.5804966779327349	season	DorsAttn	high_tsnr	pearson	between-subject
5	588	0.5268980421857661	0.49285630849301876	0.5725331797832067	season	DorsAttn	high_tsnr	pearson	between-subject
0	1329	0.5526575472352794	0.510266579682521	0.5876382278098986	session_gap_decile	DorsAttn	high_tsnr	pearson	between-subject
1	1470	0.5500855329562958	0.5090209794137068	0.5867681610130462	session_gap_decile	DorsAttn	high_tsnr	pearson	between-subject
2	1241	0.5549721401598563	0.5141971320119253	0.5870216934528592	session_gap_decile	DorsAttn	high_tsnr	pearson	between-subject
3	1309	0.555052571528165	0.5109220168691322	0.5872084072007271	session_gap_decile	DorsAttn	high_tsnr	pearson	between-subject
4	1387	0.5437801501718147	0.5049623401333322	0.5850853545918034	session_gap_decile	DorsAttn	high_tsnr	pearson	between-subject
5	1225	0.5432920447440063	0.49821855949144955	0.5913521388002871	session_gap_decile	DorsAttn	high_tsnr	pearson	between-subject
0	1522	0.9282639086761861	0.9057021691407247	0.9446819248632429	season	SalVentAttn	all	pearson	within-subject
1	2612	0.9235573379048505	0.9024669972244475	0.9399934978820452	season	SalVentAttn	all	pearson	within-subject
2	1937	0.9192281214748917	0.8985802519162124	0.9360967037405404	season	SalVentAttn	all	pearson	within-subject
3	1503	0.9160635810072447	0.893921835539359	0.9308600420587477	season	SalVentAttn	all	pearson	within-subject
4	1026	0.9072929979978367	0.8883917270456465	0.9251005596280149	season	SalVentAttn	all	pearson	within-subject
5	529	0.8999341789746641	0.8779808975773636	0.9169200401075329	season	SalVentAttn	all	pearson	within-subject
0	1699	0.9284791094711501	0.9089971417948586	0.9451847337164184	session_gap_decile	SalVentAttn	all	pearson	within-subject
1	1494	0.9234655816232958	0.9039591420618327	0.9400916571349862	session_gap_decile	SalVentAttn	all	pearson	within-subject
2	1528	0.9191341754318669	0.8964154527307273	0.9366439943937233	session_gap_decile	SalVentAttn	all	pearson	within-subject
3	1435	0.9155764574338473	0.8927535969871135	0.9326924496385856	session_gap_decile	SalVentAttn	all	pearson	within-subject
4	1539	0.913139854354747	0.8912783617920125	0.9307051314706185	session_gap_decile	SalVentAttn	all	pearson	within-subject
5	1434	0.9112920261123054	0.889375928434171	0.927781764333923	session_gap_decile	SalVentAttn	all	pearson	within-subject
0	7248	0.5378729807570172	0.49442746367447193	0.5967480794377031	season	SalVentAttn	all	pearson	between-subject
1	11803	0.5401301043925884	0.4970521152203002	0.5981289277760873	season	SalVentAttn	all	pearson	between-subject
2	9423	0.5407368676241995	0.4999690963344598	0.5964134067037528	season	SalVentAttn	all	pearson	between-subject
3	7319	0.5377335992878394	0.4970169884464855	0.5942429339416833	season	SalVentAttn	all	pearson	between-subject
4	5254	0.5338342864426073	0.49231724934930393	0.59015080058675	season	SalVentAttn	all	pearson	between-subject
5	2799	0.5264184024017705	0.491443235356165	0.5833925307159071	season	SalVentAttn	all	pearson	between-subject
0	8157	0.5369723118032025	0.49631901427361336	0.5924786569566234	session_gap_decile	SalVentAttn	all	pearson	between-subject
1	6994	0.5363797258175662	0.49594632152893614	0.5890985640285239	session_gap_decile	SalVentAttn	all	pearson	between-subject
2	7233	0.5358474704948107	0.49584277519091874	0.5889032003234113	session_gap_decile	SalVentAttn	all	pearson	between-subject
3	6963	0.5356917163947497	0.49536501554421336	0.5903109107040979	session_gap_decile	SalVentAttn	all	pearson	between-subject
4	7590	0.5350909218265993	0.49430060360559214	0.592637348496816	session_gap_decile	SalVentAttn	all	pearson	between-subject
5	6909	0.554017401499377	0.4996849120168857	0.6166070100918714	session_gap_decile	SalVentAttn	all	pearson	between-subject
0	1098	0.9354791175993529	0.9184165605307653	0.9492154051814552	season	SalVentAttn	gated	pearson	within-subject
1	1920	0.9296042386766713	0.9126568234539307	0.9444752188570357	season	SalVentAttn	gated	pearson	within-subject
2	1487	0.9246836968456074	0.9069147491482441	0.9387192380970086	season	SalVentAttn	gated	pearson	within-subject
3	1137	0.9209648039900947	0.9018420992851204	0.934603108307228	season	SalVentAttn	gated	pearson	within-subject
4	766	0.9129812508499575	0.8951748237438173	0.9285560852005197	season	SalVentAttn	gated	pearson	within-subject
5	427	0.9049818159697822	0.8856411728735127	0.9202093422286806	season	SalVentAttn	gated	pearson	within-subject
0	1287	0.934235293353064	0.9185706667235906	0.949095591006038	session_gap_decile	SalVentAttn	gated	pearson	within-subject
1	1132	0.9291213681320399	0.9122055285899563	0.943877247419801	session_gap_decile	SalVentAttn	gated	pearson	within-subject
2	1117	0.9248228446049752	0.90608839533997	0.9400537150583244	session_gap_decile	SalVentAttn	gated	pearson	within-subject
3	1082	0.9215768604859338	0.900657993413851	0.9365944453980003	session_gap_decile	SalVentAttn	gated	pearson	within-subject
4	1093	0.917979504696275	0.8999545240784917	0.9339630681669885	session_gap_decile	SalVentAttn	gated	pearson	within-subject
5	1124	0.9171134862137582	0.897323743769265	0.9312715689861282	session_gap_decile	SalVentAttn	gated	pearson	within-subject
0	5411	0.5430992484820621	0.49984177471757146	0.602011427995511	season	SalVentAttn	gated	pearson	between-subject
1	8830	0.5447532134045023	0.5021813042550702	0.602793808101573	season	SalVentAttn	gated	pearson	between-subject
2	7206	0.5452177923060467	0.5049443399876915	0.6014299947087371	season	SalVentAttn	gated	pearson	between-subject
3	5486	0.5418014772155682	0.5011513936374666	0.5996721278880934	season	SalVentAttn	gated	pearson	between-subject
4	3781	0.5355899207011443	0.4965984346352788	0.59353923709316	season	SalVentAttn	gated	pearson	between-subject
5	2072	0.5285739386957793	0.49619347854518847	0.5898518592560281	season	SalVentAttn	gated	pearson	between-subject
0	6316	0.5404750818634958	0.5000954045054753	0.5967089864515025	session_gap_decile	SalVentAttn	gated	pearson	between-subject
1	5279	0.538948672747031	0.500420249283601	0.5919093515099769	session_gap_decile	SalVentAttn	gated	pearson	between-subject
2	5365	0.5384047158842421	0.49922217795436563	0.591779860702212	session_gap_decile	SalVentAttn	gated	pearson	between-subject
3	5232	0.5394114029135735	0.5006726975082788	0.5943592405112218	session_gap_decile	SalVentAttn	gated	pearson	between-subject
4	5253	0.5403818462347282	0.5000074952817015	0.6006239006208602	session_gap_decile	SalVentAttn	gated	pearson	between-subject
5	5341	0.5604980852050323	0.5060641195284716	0.621601117494754	session_gap_decile	SalVentAttn	gated	pearson	between-subject
0	1098	0.9354791175993529	0.9184165605307653	0.9492154051814552	season	SalVentAttn	qc_covered	pearson	within-subject
1	1920	0.9296042386766713	0.9126568234539307	0.9444752188570357	season	SalVentAttn	qc_covered	pearson	within-subject
2	1487	0.9246836968456074	0.9069147491482441	0.9387192380970086	season	SalVentAttn	qc_covered	pearson	within-subject
3	1137	0.9209648039900947	0.9018420992851204	0.934603108307228	season	SalVentAttn	qc_covered	pearson	within-subject
4	766	0.9129812508499575	0.8951748237438173	0.9285560852005197	season	SalVentAttn	qc_covered	pearson	within-subject
5	427	0.9049818159697822	0.8856411728735127	0.9202093422286806	season	SalVentAttn	qc_covered	pearson	within-subject
0	1287	0.934235293353064	0.9185706667235906	0.949095591006038	session_gap_decile	SalVentAttn	qc_covered	pearson	within-subject
1	1132	0.9291213681320399	0.9122055285899563	0.943877247419801	session_gap_decile	SalVentAttn	qc_covered	pearson	within-subject
2	1117	0.9248228446049752	0.90608839533997	0.9400537150583244	session_gap_decile	SalVentAttn	qc_covered	pearson	within-subject
3	1082	0.9215768604859338	0.900657993413851	0.9365944453980003	session_gap_decile	SalVentAttn	qc_covered	pearson	within-subject
4	1093	0.917979504696275	0.8999545240784917	0.9339630681669885	session_gap_decile	SalVentAttn	qc_covered	pearson	within-subject
5	1124	0.9171134862137582	0.897323743769265	0.9312715689861282	session_gap_decile	SalVentAttn	qc_covered	pearson	within-subject
0	5411	0.5430992484820621	0.49984177471757146	0.602011427995511	season	SalVentAttn	qc_covered	pearson	between-subject
1	8830	0.5447532134045023	0.5021813042550702	0.602793808101573	season	SalVentAttn	qc_covered	pearson	between-subject
2	7206	0.5452177923060467	0.5049443399876915	0.6014299947087371	season	SalVentAttn	qc_covered	pearson	between-subject
3	5486	0.5418014772155682	0.5011513936374666	0.5996721278880934	season	SalVentAttn	qc_covered	pearson	between-subject
4	3781	0.5355899207011443	0.4965984346352788	0.59353923709316	season	SalVentAttn	qc_covered	pearson	between-subject
5	2072	0.5285739386957793	0.49619347854518847	0.5898518592560281	season	SalVentAttn	qc_covered	pearson	between-subject
0	6316	0.5404750818634958	0.5000954045054753	0.5967089864515025	session_gap_decile	SalVentAttn	qc_covered	pearson	between-subject
1	5279	0.538948672747031	0.500420249283601	0.5919093515099769	session_gap_decile	SalVentAttn	qc_covered	pearson	between-subject
2	5365	0.5384047158842421	0.49922217795436563	0.591779860702212	session_gap_decile	SalVentAttn	qc_covered	pearson	between-subject
3	5232	0.5394114029135735	0.5006726975082788	0.5943592405112218	session_gap_decile	SalVentAttn	qc_covered	pearson	between-subject
4	5253	0.5403818462347282	0.5000074952817015	0.6006239006208602	session_gap_decile	SalVentAttn	qc_covered	pearson	between-subject
5	5341	0.5604980852050323	0.5060641195284716	0.621601117494754	session_gap_decile	SalVentAttn	qc_covered	pearson	between-subject
0	337	0.9318220384804332	0.9130131029070537	0.9461810184541143	season	SalVentAttn	low_motion	pearson	within-subject
1	490	0.9313638943380455	0.9157894872176859	0.9467268763181783	season	SalVentAttn	low_motion	pearson	within-subject
2	260	0.9289830203436595	0.9110988060852685	0.9422758627486324	season	SalVentAttn	low_motion	pearson	within-subject
3	229	0.9208844806320096	0.9034717764385628	0.9323646026968504	season	SalVentAttn	low_motion	pearson	within-subject
4	255	0.9070209567864495	0.8914501604252707	0.9250237968036702	season	SalVentAttn	low_motion	pearson	within-subject
5	147	0.897167523500126	0.8829309107933434	0.9153391109876692	season	SalVentAttn	low_motion	pearson	within-subject
0	306	0.9335225124088524	0.9175777455681497	0.9477988412270912	session_gap_decile	SalVentAttn	low_motion	pearson	within-subject
1	311	0.9309626929101779	0.9139075297268655	0.9448478994062434	session_gap_decile	SalVentAttn	low_motion	pearson	within-subject
2	249	0.928296078774323	0.9141852577651305	0.944574531005482	session_gap_decile	SalVentAttn	low_motion	pearson	within-subject
3	290	0.9220121295879213	0.9015873252767871	0.9382417748738957	session_gap_decile	SalVentAttn	low_motion	pearson	within-subject
4	285	0.9132653292244197	0.8953330363641976	0.929372786914049	session_gap_decile	SalVentAttn	low_motion	pearson	within-subject
5	277	0.9099602799241433	0.8905305806076269	0.9264646326038596	session_gap_decile	SalVentAttn	low_motion	pearson	within-subject
0	1481	0.5362101283368859	0.4958711336453807	0.6109846473900573	season	SalVentAttn	low_motion	pearson	between-subject
1	2105	0.5443610771847996	0.5008679936414738	0.6173571441380451	season	SalVentAttn	low_motion	pearson	between-subject
2	1446	0.5420648694156973	0.5015674073703327	0.6103257341485804	season	SalVentAttn	low_motion	pearson	between-subject
3	1426	0.5312882761335529	0.49810592025510814	0.5899166920289546	season	SalVentAttn	low_motion	pearson	between-subject
4	1274	0.5252344011784089	0.49144486578915497	0.5848259228638911	season	SalVentAttn	low_motion	pearson	between-subject
5	703	0.5159281180719425	0.482876474824942	0.5791444016918098	season	SalVentAttn	low_motion	pearson	between-subject
0	1615	0.5354319527760011	0.49814595497479564	0.6101067807307896	session_gap_decile	SalVentAttn	low_motion	pearson	between-subject
1	1338	0.5384812130002989	0.5002378254011738	0.6052894161675393	session_gap_decile	SalVentAttn	low_motion	pearson	between-subject
2	1365	0.5363521260925787	0.49993098498591054	0.6076517530109411	session_gap_decile	SalVentAttn	low_motion	pearson	between-subject
3	1403	0.5351950372452926	0.49693101427968656	0.598716945805567	session_gap_decile	SalVentAttn	low_motion	pearson	between-subject
4	1384	0.525145475389416	0.49313855044362676	0.5875432337863301	session_gap_decile	SalVentAttn	low_motion	pearson	between-subject
5	1330	0.5363674975949264	0.48824394657930237	0.6095518373697254	session_gap_decile	SalVentAttn	low_motion	pearson	between-subject
0	322	0.9306313618845936	0.9123069573526905	0.9460873364627271	season	SalVentAttn	high_tsnr	pearson	within-subject
1	491	0.9293714434250498	0.9121685243385507	0.9467218892427385	season	SalVentAttn	high_tsnr	pearson	within-subject
2	250	0.9304277614721719	0.9090298567305553	0.9455528913796682	season	SalVentAttn	high_tsnr	pearson	within-subject
3	236	0.9207346141713137	0.9007392227533395	0.934627871730134	season	SalVentAttn	high_tsnr	pearson	within-subject
4	226	0.9059232672401354	0.8903793311998862	0.9254970945032788	season	SalVentAttn	high_tsnr	pearson	within-subject
5	105	0.8936027446007687	0.8779683519320364	0.9086405714951283	season	SalVentAttn	high_tsnr	pearson	within-subject
0	309	0.9298587219828691	0.9143915986756067	0.9479358714454916	session_gap_decile	SalVentAttn	high_tsnr	pearson	within-subject
1	248	0.9309386800104142	0.9110898448074989	0.9449744651409456	session_gap_decile	SalVentAttn	high_tsnr	pearson	within-subject
2	261	0.9236399291392837	0.9049162858059698	0.9444919877284798	session_gap_decile	SalVentAttn	high_tsnr	pearson	within-subject
3	284	0.9250280256060126	0.9023070090542963	0.9441983606383165	session_gap_decile	SalVentAttn	high_tsnr	pearson	within-subject
4	265	0.9169464436287329	0.8967246356499418	0.9329606033624664	session_gap_decile	SalVentAttn	high_tsnr	pearson	within-subject
5	263	0.9097434859769478	0.8869084569412178	0.9277789307363074	session_gap_decile	SalVentAttn	high_tsnr	pearson	within-subject
0	1356	0.5254564159825468	0.49011898713296986	0.5877734777824428	season	SalVentAttn	high_tsnr	pearson	between-subject
1	2027	0.5343405849934183	0.4952803670335373	0.5950037310852913	season	SalVentAttn	high_tsnr	pearson	between-subject
2	1375	0.5442708450104206	0.5028634277157269	0.6004153626629591	season	SalVentAttn	high_tsnr	pearson	between-subject
3	1371	0.5315746246291918	0.4995066963904015	0.5871904591247524	season	SalVentAttn	high_tsnr	pearson	between-subject
4	1244	0.5222806589526959	0.4896343528967627	0.5736451312376016	season	SalVentAttn	high_tsnr	pearson	between-subject
5	588	0.513882314659865	0.47993392394026174	0.5608713450511547	season	SalVentAttn	high_tsnr	pearson	between-subject
0	1329	0.5293391668521676	0.49490017060233354	0.5878734237345561	session_gap_decile	SalVentAttn	high_tsnr	pearson	between-subject
1	1470	0.5295411598978322	0.4936986263473267	0.5826398188264433	session_gap_decile	SalVentAttn	high_tsnr	pearson	between-subject
2	1241	0.5320805243373907	0.4955744511798747	0.5904403977823163	session_gap_decile	SalVentAttn	high_tsnr	pearson	between-subject
3	1309	0.530329597343412	0.49708763991817134	0.5867963851424199	session_gap_decile	SalVentAttn	high_tsnr	pearson	between-subject
4	1387	0.526623468776153	0.49658013099352427	0.5808608749150592	session_gap_decile	SalVentAttn	high_tsnr	pearson	between-subject
5	1225	0.5309786671305998	0.48619114579104705	0.6071913963120074	session_gap_decile	SalVentAttn	high_tsnr	pearson	between-subject
0	1522	0.8690031471691463	0.8253367690042269	0.8985097975248177	season	Limbic	all	pearson	within-subject
1	2612	0.8577978073364323	0.8093322212431463	0.8891603909054621	season	Limbic	all	pearson	within-subject
2	1937	0.849463563945526	0.7977830878236639	0.8787409976503676	season	Limbic	all	pearson	within-subject
3	1503	0.8418511104621775	0.7920632196770205	0.872345793904863	season	Limbic	all	pearson	within-subject
4	1026	0.8400314544089091	0.7729710795918523	0.8672963891926401	season	Limbic	all	pearson	within-subject
5	529	0.8325353224874948	0.7754523684337092	0.8562178554693984	season	Limbic	all	pearson	within-subject
0	1699	0.8719024858665807	0.8256660812380416	0.9012824570991258	session_gap_decile	Limbic	all	pearson	within-subject
1	1494	0.8639588223080774	0.8144665894022084	0.8933808092056077	session_gap_decile	Limbic	all	pearson	within-subject
2	1528	0.8540907808278924	0.800429878908715	0.8850906554741002	session_gap_decile	Limbic	all	pearson	within-subject
3	1435	0.8496600398569798	0.7951103080869122	0.8791441092739977	session_gap_decile	Limbic	all	pearson	within-subject
4	1539	0.8423264396191807	0.7910566637426638	0.8694552922717262	session_gap_decile	Limbic	all	pearson	within-subject
5	1434	0.8330964940893608	0.7787375956009024	0.8573933395866904	session_gap_decile	Limbic	all	pearson	within-subject
0	7248	0.4730668524185825	0.4225275025253714	0.5237997352256019	season	Limbic	all	pearson	between-subject
1	11803	0.4739570959675833	0.4241171342129345	0.5229361331259541	season	Limbic	all	pearson	between-subject
2	9423	0.47355761208781094	0.425473944624714	0.5211042813019172	season	Limbic	all	pearson	between-subject
3	7319	0.47155137457499696	0.42357113470471863	0.5211361647968683	season	Limbic	all	pearson	between-subject
4	5254	0.46778816000193757	0.4156734642715829	0.5196396808766814	season	Limbic	all	pearson	between-subject
5	2799	0.4619610660461051	0.40847542336991816	0.5149192588055171	season	Limbic	all	pearson	between-subject
0	8157	0.4723445388723683	0.42256416705714545	0.5211815335059526	session_gap_decile	Limbic	all	pearson	between-subject
1	6994	0.4717440697016049	0.420730854598788	0.5201335446078509	session_gap_decile	Limbic	all	pearson	between-subject
2	7233	0.4699464322696727	0.42267791687023015	0.518832648573305	session_gap_decile	Limbic	all	pearson	between-subject
3	6963	0.46951419737689415	0.4209491177771051	0.5193280733472816	session_gap_decile	Limbic	all	pearson	between-subject
4	7590	0.46971523588617403	0.4204191482919498	0.5206205818468406	session_gap_decile	Limbic	all	pearson	between-subject
5	6909	0.4784229007369921	0.42639421205482597	0.5302485221808027	session_gap_decile	Limbic	all	pearson	between-subject
0	1098	0.8780679311784838	0.8375727165794286	0.9046676256273734	season	Limbic	gated	pearson	within-subject
1	1920	0.8674502786298984	0.826751972801886	0.8952627944784356	season	Limbic	gated	pearson	within-subject
2	1487	0.8563754279392256	0.8122113774177109	0.884799496349266	season	Limbic	gated	pearson	within-subject
3	1137	0.8502971542909774	0.8064284634110227	0.8780509790689794	season	Limbic	gated	pearson	within-subject
4	766	0.8461822540563776	0.7958861050636055	0.8700115958867005	season	Limbic	gated	pearson	within-subject
5	427	0.8344884612081385	0.7911221397235129	0.8590505293568809	season	Limbic	gated	pearson	within-subject
0	1287	0.8792477123343527	0.8384328154896973	0.9067663339016544	session_gap_decile	Limbic	gated	pearson	within-subject
1	1132	0.8724258917029015	0.8259973755310563	0.8991801927280118	session_gap_decile	Limbic	gated	pearson	within-subject
2	1117	0.8644096031019679	0.8145679562650171	0.8910727235299568	session_gap_decile	Limbic	gated	pearson	within-subject
3	1082	0.8566092929253044	0.8123858791127591	0.8830150314483048	session_gap_decile	Limbic	gated	pearson	within-subject
4	1093	0.8492307667045418	0.8051701379214661	0.8730657947154029	session_gap_decile	Limbic	gated	pearson	within-subject
5	1124	0.8395304754713431	0.7975822883982162	0.8616944747919177	session_gap_decile	Limbic	gated	pearson	within-subject
0	5411	0.4761833786101148	0.42466082752764844	0.5262711021740758	season	Limbic	gated	pearson	between-subject
1	8830	0.47595944111588123	0.42578680354269327	0.5243064130498215	season	Limbic	gated	pearson	between-subject
2	7206	0.4756450646718628	0.4277231275763849	0.5219780513291008	season	Limbic	gated	pearson	between-subject
3	5486	0.4734618913216106	0.4253039592270754	0.5214886455393151	season	Limbic	gated	pearson	between-subject
4	3781	0.47082268727541815	0.4199796190815976	0.5202528461564602	season	Limbic	gated	pearson	between-subject
5	2072	0.46671743690260287	0.4142289109548006	0.5169896031886894	season	Limbic	gated	pearson	between-subject
0	6316	0.47453304199608004	0.42581339662484186	0.5224652517501082	session_gap_decile	Limbic	gated	pearson	between-subject
1	5279	0.47469095527737926	0.422323082787043	0.5211451681164256	session_gap_decile	Limbic	gated	pearson	between-subject
2	5365	0.47295328132407444	0.42552064104705895	0.5202610045056977	session_gap_decile	Limbic	gated	pearson	between-subject
3	5232	0.4710115179524112	0.4226220752829932	0.5192841617109618	session_gap_decile	Limbic	gated	pearson	between-subject
4	5253	0.4720990194694902	0.42356874040978304	0.5222283334435418	session_gap_decile	Limbic	gated	pearson	between-subject
5	5341	0.4816959207255157	0.42919299362535407	0.5315349168622334	session_gap_decile	Limbic	gated	pearson	between-subject
0	1098	0.8780679311784838	0.8375727165794286	0.9046676256273734	season	Limbic	qc_covered	pearson	within-subject
1	1920	0.8674502786298984	0.826751972801886	0.8952627944784356	season	Limbic	qc_covered	pearson	within-subject
2	1487	0.8563754279392256	0.8122113774177109	0.884799496349266	season	Limbic	qc_covered	pearson	within-subject
3	1137	0.8502971542909774	0.8064284634110227	0.8780509790689794	season	Limbic	qc_covered	pearson	within-subject
4	766	0.8461822540563776	0.7958861050636055	0.8700115958867005	season	Limbic	qc_covered	pearson	within-subject
5	427	0.8344884612081385	0.7911221397235129	0.8590505293568809	season	Limbic	qc_covered	pearson	within-subject
0	1287	0.8792477123343527	0.8384328154896973	0.9067663339016544	session_gap_decile	Limbic	qc_covered	pearson	within-subject
1	1132	0.8724258917029015	0.8259973755310563	0.8991801927280118	session_gap_decile	Limbic	qc_covered	pearson	within-subject
2	1117	0.8644096031019679	0.8145679562650171	0.8910727235299568	session_gap_decile	Limbic	qc_covered	pearson	within-subject
3	1082	0.8566092929253044	0.8123858791127591	0.8830150314483048	session_gap_decile	Limbic	qc_covered	pearson	within-subject
4	1093	0.8492307667045418	0.8051701379214661	0.8730657947154029	session_gap_decile	Limbic	qc_covered	pearson	within-subject
5	1124	0.8395304754713431	0.7975822883982162	0.8616944747919177	session_gap_decile	Limbic	qc_covered	pearson	within-subject
0	5411	0.4761833786101148	0.42466082752764844	0.5262711021740758	season	Limbic	qc_covered	pearson	between-subject
1	8830	0.47595944111588123	0.42578680354269327	0.5243064130498215	season	Limbic	qc_covered	pearson	between-subject
2	7206	0.4756450646718628	0.4277231275763849	0.5219780513291008	season	Limbic	qc_covered	pearson	between-subject
3	5486	0.4734618913216106	0.4253039592270754	0.5214886455393151	season	Limbic	qc_covered	pearson	between-subject
4	3781	0.47082268727541815	0.4199796190815976	0.5202528461564602	season	Limbic	qc_covered	pearson	between-subject
5	2072	0.46671743690260287	0.4142289109548006	0.5169896031886894	season	Limbic	qc_covered	pearson	between-subject
0	6316	0.47453304199608004	0.42581339662484186	0.5224652517501082	session_gap_decile	Limbic	qc_covered	pearson	between-subject
1	5279	0.47469095527737926	0.422323082787043	0.5211451681164256	session_gap_decile	Limbic	qc_covered	pearson	between-subject
2	5365	0.47295328132407444	0.42552064104705895	0.5202610045056977	session_gap_decile	Limbic	qc_covered	pearson	between-subject
3	5232	0.4710115179524112	0.4226220752829932	0.5192841617109618	session_gap_decile	Limbic	qc_covered	pearson	between-subject
4	5253	0.4720990194694902	0.42356874040978304	0.5222283334435418	session_gap_decile	Limbic	qc_covered	pearson	between-subject
5	5341	0.4816959207255157	0.42919299362535407	0.5315349168622334	session_gap_decile	Limbic	qc_covered	pearson	between-subject
0	337	0.8820723748890927	0.8387279003815722	0.9053938488734491	season	Limbic	low_motion	pearson	within-subject
1	490	0.8702005917722073	0.8255688379182671	0.8972443490260379	season	Limbic	low_motion	pearson	within-subject
2	260	0.856791013950308	0.8021744481314889	0.8812617343624204	season	Limbic	low_motion	pearson	within-subject
3	229	0.8504933576156978	0.7786852780596607	0.8744125098433059	season	Limbic	low_motion	pearson	within-subject
4	255	0.8457818952513254	0.7899045572916494	0.8660180071904882	season	Limbic	low_motion	pearson	within-subject
5	147	0.8385363186127105	0.7647544847578809	0.8671483339534982	season	Limbic	low_motion	pearson	within-subject
0	306	0.8842909149643883	0.8462628081785777	0.9068699925332118	session_gap_decile	Limbic	low_motion	pearson	within-subject
1	311	0.8769266345783608	0.836009863772785	0.9009761350530358	session_gap_decile	Limbic	low_motion	pearson	within-subject
2	249	0.863283659844458	0.809389016466818	0.8919686466741568	session_gap_decile	Limbic	low_motion	pearson	within-subject
3	290	0.8511363132864567	0.7717909750656585	0.8767995193616474	session_gap_decile	Limbic	low_motion	pearson	within-subject
4	285	0.8485098671726652	0.803314577204132	0.87178890621215	session_gap_decile	Limbic	low_motion	pearson	within-subject
5	277	0.8442956819236115	0.7944630739804898	0.8667252125039707	session_gap_decile	Limbic	low_motion	pearson	within-subject
0	1481	0.46511741269294715	0.41606958333325134	0.5183637401433885	season	Limbic	low_motion	pearson	between-subject
1	2105	0.47516172141202345	0.42793642307240176	0.5241881183352203	season	Limbic	low_motion	pearson	between-subject
2	1446	0.4771567448967737	0.4326029771515865	0.5252847217725041	season	Limbic	low_motion	pearson	between-subject
3	1426	0.47060501476885264	0.4235888691043965	0.5201197686615685	season	Limbic	low_motion	pearson	between-subject
4	1274	0.4637432633971805	0.4146233826985925	0.5112736549368541	season	Limbic	low_motion	pearson	between-subject
5	703	0.4487446118412417	0.4054913930040413	0.4988916742768802	season	Limbic	low_motion	pearson	between-subject
0	1615	0.4755913967916382	0.42779561958039825	0.5250910548645744	session_gap_decile	Limbic	low_motion	pearson	between-subject
1	1338	0.47573495468590754	0.4225388906585389	0.5225994891955934	session_gap_decile	Limbic	low_motion	pearson	between-subject
2	1365	0.4724363677562035	0.4242164525016052	0.5179406163808224	session_gap_decile	Limbic	low_motion	pearson	between-subject
3	1403	0.46720414009242134	0.4209491177771051	0.5169683312121984	session_gap_decile	Limbic	low_motion	pearson	between-subject
4	1384	0.46601663466105847	0.4192103443904567	0.5138634645597051	session_gap_decile	Limbic	low_motion	pearson	between-subject
5	1330	0.4592555010211164	0.4134789978974364	0.5137408961191108	session_gap_decile	Limbic	low_motion	pearson	between-subject
0	322	0.878472651127152	0.826388670903268	0.9019592478303206	season	Limbic	high_tsnr	pearson	within-subject
1	491	0.8683930240178623	0.8307142927451425	0.8953573560512246	season	Limbic	high_tsnr	pearson	within-subject
2	250	0.8576590584875621	0.831602341297095	0.8818483252189926	season	Limbic	high_tsnr	pearson	within-subject
3	236	0.8497236221901168	0.8150321924576832	0.8740055607025319	season	Limbic	high_tsnr	pearson	within-subject
4	226	0.8240250965288433	0.7452710799019397	0.8584713217077702	season	Limbic	high_tsnr	pearson	within-subject
5	105	0.8234853957138587	0.7385513634141705	0.8597967134388061	season	Limbic	high_tsnr	pearson	within-subject
0	309	0.8795764524736054	0.8314708674590968	0.903572367613265	session_gap_decile	Limbic	high_tsnr	pearson	within-subject
1	248	0.8778460511691413	0.8277107352646066	0.8996196668581606	session_gap_decile	Limbic	high_tsnr	pearson	within-subject
2	261	0.8675894920130663	0.8302556354914766	0.8912721682677015	session_gap_decile	Limbic	high_tsnr	pearson	within-subject
3	284	0.8561041343658915	0.8269212058163886	0.8798812846699086	session_gap_decile	Limbic	high_tsnr	pearson	within-subject
4	265	0.8435775195138102	0.7772291467822742	0.8657634590959655	session_gap_decile	Limbic	high_tsnr	pearson	within-subject
5	263	0.8346473212898644	0.7514184439730832	0.8613659421750587	session_gap_decile	Limbic	high_tsnr	pearson	within-subject
0	1356	0.46139627968435715	0.4134929842019022	0.5216926823692598	season	Limbic	high_tsnr	pearson	between-subject
1	2027	0.46826727613091806	0.41771700723322547	0.5193666999464475	season	Limbic	high_tsnr	pearson	between-subject
2	1375	0.47551401575662	0.4271809204939965	0.5226606714746405	season	Limbic	high_tsnr	pearson	between-subject
3	1371	0.46841623944486077	0.41872531303419347	0.5194716035759639	season	Limbic	high_tsnr	pearson	between-subject
4	1244	0.462941335377613	0.4150626379577682	0.5070768121667474	season	Limbic	high_tsnr	pearson	between-subject
5	588	0.4557984980551018	0.4129043967496871	0.49789179590199906	season	Limbic	high_tsnr	pearson	between-subject
0	1329	0.46584328721890833	0.4185561696761877	0.5188903340438976	session_gap_decile	Limbic	high_tsnr	pearson	between-subject
1	1470	0.46814643380133014	0.4178559422042563	0.5184299619668079	session_gap_decile	Limbic	high_tsnr	pearson	between-subject
2	1241	0.47219359324920085	0.42057464765832075	0.5199299607611129	session_gap_decile	Limbic	high_tsnr	pearson	between-subject
3	1309	0.46910855463465034	0.422194656369071	0.5188993150969703	session_gap_decile	Limbic	high_tsnr	pearson	between-subject
4	1387	0.46103020193438493	0.4154940551198354	0.5135615543989567	session_gap_decile	Limbic	high_tsnr	pearson	between-subject
5	1225	0.4634903819723471	0.41309902870196685	0.5121363385836576	session_gap_decile	Limbic	high_tsnr	pearson	between-subject
0	1522	0.9451189906357716	0.9280098870886109	0.9588755766756044	season	Cont	all	pearson	within-subject
1	2612	0.9431835100234496	0.9268213199667296	0.9553636640098757	season	Cont	all	pearson	within-subject
2	1937	0.9402346669121662	0.9248396673999069	0.9520195128649603	season	Cont	all	pearson	within-subject
3	1503	0.935810968787475	0.9195708685290231	0.947851556735692	season	Cont	all	pearson	within-subject
4	1026	0.9296550214247832	0.9126029407131779	0.9431353403457574	season	Cont	all	pearson	within-subject
5	529	0.9217873375291511	0.9034903841118878	0.935101310268986	season	Cont	all	pearson	within-subject
0	1699	0.9463559876012345	0.9297046704043475	0.9590119952713585	session_gap_decile	Cont	all	pearson	within-subject
1	1494	0.9433094922308709	0.9279486357334175	0.9549247589551169	session_gap_decile	Cont	all	pearson	within-subject
2	1528	0.9392217577992894	0.9211172051454197	0.9520073561069957	session_gap_decile	Cont	all	pearson	within-subject
3	1435	0.936341570207985	0.9194394653984548	0.9495334504318103	session_gap_decile	Cont	all	pearson	within-subject
4	1539	0.9336809037883081	0.9164978824085972	0.9465464491904779	session_gap_decile	Cont	all	pearson	within-subject
5	1434	0.9324120456247036	0.9157539259734259	0.9463248335507796	session_gap_decile	Cont	all	pearson	within-subject
0	7248	0.5089292887710755	0.47957366754558606	0.5489791514607316	season	Cont	all	pearson	between-subject
1	11803	0.5091541435995136	0.4786171571441616	0.5487266752442012	season	Cont	all	pearson	between-subject
2	9423	0.5102061027758669	0.4793980528574474	0.550176626806169	season	Cont	all	pearson	between-subject
3	7319	0.5065396490559345	0.4760412173340398	0.5470434913296206	season	Cont	all	pearson	between-subject
4	5254	0.4992112871976605	0.46896960512882063	0.5391222076982416	season	Cont	all	pearson	between-subject
5	2799	0.4973569319279431	0.4676413626893696	0.5369328558850615	season	Cont	all	pearson	between-subject
0	8157	0.513345796437119	0.48081408853258106	0.5555622280452653	session_gap_decile	Cont	all	pearson	between-subject
1	6994	0.512501744511122	0.48017401673638027	0.5553831756100147	session_gap_decile	Cont	all	pearson	between-subject
2	7233	0.5123369549783655	0.4797149611901314	0.5532174326005657	session_gap_decile	Cont	all	pearson	between-subject
3	6963	0.5095999649958769	0.47799880992308375	0.5488591273262569	session_gap_decile	Cont	all	pearson	between-subject
4	7590	0.5043642948931644	0.47387026493944606	0.5418240237232047	session_gap_decile	Cont	all	pearson	between-subject
5	6909	0.4926124321173347	0.4689517068014497	0.5239070871142846	session_gap_decile	Cont	all	pearson	between-subject
0	1098	0.951309376392926	0.9376960675970255	0.9616021881930822	season	Cont	gated	pearson	within-subject
1	1920	0.9477322880378902	0.9346293238949956	0.9584501238901081	season	Cont	gated	pearson	within-subject
2	1487	0.9437134771938677	0.93153014847788	0.9539305635822569	season	Cont	gated	pearson	within-subject
3	1137	0.9390933306935088	0.9266954711123879	0.9502699607913987	season	Cont	gated	pearson	within-subject
4	766	0.9344067816823862	0.9207275404152475	0.9464099757551834	season	Cont	gated	pearson	within-subject
5	427	0.9248123974527529	0.910441369780727	0.9378285969189321	season	Cont	gated	pearson	within-subject
0	1287	0.9514194530978112	0.9383062520198179	0.9615036610441219	session_gap_decile	Cont	gated	pearson	within-subject
1	1132	0.9474468668548507	0.9341310125552674	0.9579191619013039	session_gap_decile	Cont	gated	pearson	within-subject
2	1117	0.9437277604764672	0.9312081108652988	0.9547799098106822	session_gap_decile	Cont	gated	pearson	within-subject
3	1082	0.9401763285646896	0.9263410504021231	0.9523728696795213	session_gap_decile	Cont	gated	pearson	within-subject
4	1093	0.9375950634278949	0.9235848486245058	0.9489335750960682	session_gap_decile	Cont	gated	pearson	within-subject
5	1124	0.9370493702061089	0.9230579104501668	0.9498505884711375	session_gap_decile	Cont	gated	pearson	within-subject
0	5411	0.5124929173829325	0.4835854978409839	0.5536026841659547	season	Cont	gated	pearson	between-subject
1	8830	0.5143209609213454	0.48485277940634686	0.5553572491652419	season	Cont	gated	pearson	between-subject
2	7206	0.5138853168194686	0.4838043565610557	0.5553157471683655	season	Cont	gated	pearson	between-subject
3	5486	0.5110484255365277	0.48190763665486747	0.5510187986712243	season	Cont	gated	pearson	between-subject
4	3781	0.5058788969161719	0.4754356403539791	0.5454457048696867	season	Cont	gated	pearson	between-subject
5	2072	0.49989811546531776	0.47061211328672137	0.5388038626691816	season	Cont	gated	pearson	between-subject
0	6316	0.5181530122176177	0.48552565471619535	0.5617894865572474	session_gap_decile	Cont	gated	pearson	between-subject
1	5279	0.5186833466717723	0.48657584458105907	0.5626036220101627	session_gap_decile	Cont	gated	pearson	between-subject
2	5365	0.5171323666250822	0.4862272893192049	0.5598207866676528	session_gap_decile	Cont	gated	pearson	between-subject
3	5232	0.5141126040441224	0.483918240964469	0.5533451128775004	session_gap_decile	Cont	gated	pearson	between-subject
4	5253	0.5080687949371302	0.4786910633562365	0.5458501529207008	session_gap_decile	Cont	gated	pearson	between-subject
5	5341	0.49596054911161475	0.4731477166076001	0.5257534528501042	session_gap_decile	Cont	gated	pearson	between-subject
0	1098	0.951309376392926	0.9376960675970255	0.9616021881930822	season	Cont	qc_covered	pearson	within-subject
1	1920	0.9477322880378902	0.9346293238949956	0.9584501238901081	season	Cont	qc_covered	pearson	within-subject
2	1487	0.9437134771938677	0.93153014847788	0.9539305635822569	season	Cont	qc_covered	pearson	within-subject
3	1137	0.9390933306935088	0.9266954711123879	0.9502699607913987	season	Cont	qc_covered	pearson	within-subject
4	766	0.9344067816823862	0.9207275404152475	0.9464099757551834	season	Cont	qc_covered	pearson	within-subject
5	427	0.9248123974527529	0.910441369780727	0.9378285969189321	season	Cont	qc_covered	pearson	within-subject
0	1287	0.9514194530978112	0.9383062520198179	0.9615036610441219	session_gap_decile	Cont	qc_covered	pearson	within-subject
1	1132	0.9474468668548507	0.9341310125552674	0.9579191619013039	session_gap_decile	Cont	qc_covered	pearson	within-subject
2	1117	0.9437277604764672	0.9312081108652988	0.9547799098106822	session_gap_decile	Cont	qc_covered	pearson	within-subject
3	1082	0.9401763285646896	0.9263410504021231	0.9523728696795213	session_gap_decile	Cont	qc_covered	pearson	within-subject
4	1093	0.9375950634278949	0.9235848486245058	0.9489335750960682	session_gap_decile	Cont	qc_covered	pearson	within-subject
5	1124	0.9370493702061089	0.9230579104501668	0.9498505884711375	session_gap_decile	Cont	qc_covered	pearson	within-subject
0	5411	0.5124929173829325	0.4835854978409839	0.5536026841659547	season	Cont	qc_covered	pearson	between-subject
1	8830	0.5143209609213454	0.48485277940634686	0.5553572491652419	season	Cont	qc_covered	pearson	between-subject
2	7206	0.5138853168194686	0.4838043565610557	0.5553157471683655	season	Cont	qc_covered	pearson	between-subject
3	5486	0.5110484255365277	0.48190763665486747	0.5510187986712243	season	Cont	qc_covered	pearson	between-subject
4	3781	0.5058788969161719	0.4754356403539791	0.5454457048696867	season	Cont	qc_covered	pearson	between-subject
5	2072	0.49989811546531776	0.47061211328672137	0.5388038626691816	season	Cont	qc_covered	pearson	between-subject
0	6316	0.5181530122176177	0.48552565471619535	0.5617894865572474	session_gap_decile	Cont	qc_covered	pearson	between-subject
1	5279	0.5186833466717723	0.48657584458105907	0.5626036220101627	session_gap_decile	Cont	qc_covered	pearson	between-subject
2	5365	0.5171323666250822	0.4862272893192049	0.5598207866676528	session_gap_decile	Cont	qc_covered	pearson	between-subject
3	5232	0.5141126040441224	0.483918240964469	0.5533451128775004	session_gap_decile	Cont	qc_covered	pearson	between-subject
4	5253	0.5080687949371302	0.4786910633562365	0.5458501529207008	session_gap_decile	Cont	qc_covered	pearson	between-subject
5	5341	0.49596054911161475	0.4731477166076001	0.5257534528501042	session_gap_decile	Cont	qc_covered	pearson	between-subject
0	337	0.9483788439050341	0.9332272637725681	0.9615096656503401	season	Cont	low_motion	pearson	within-subject
1	490	0.948336339270114	0.9352786401370708	0.9598850386996659	season	Cont	low_motion	pearson	within-subject
2	260	0.9479979406984653	0.9369843295849004	0.9565654810948858	season	Cont	low_motion	pearson	within-subject
3	229	0.943988529831084	0.9346625410441136	0.9540136604084503	season	Cont	low_motion	pearson	within-subject
4	255	0.9349959688407927	0.9210531976506194	0.9463601269882338	season	Cont	low_motion	pearson	within-subject
5	147	0.9262367759839463	0.9085309615971595	0.9394656075025205	season	Cont	low_motion	pearson	within-subject
0	306	0.951057782258458	0.9357272247292673	0.9617487698982815	session_gap_decile	Cont	low_motion	pearson	within-subject
1	311	0.9475850033395472	0.9341111317579662	0.9597559216658035	session_gap_decile	Cont	low_motion	pearson	within-subject
2	249	0.9461508585468132	0.9355252700512462	0.9569995102606723	session_gap_decile	Cont	low_motion	pearson	within-subject
3	290	0.9438915454885518	0.9290124869045226	0.9541042697192416	session_gap_decile	Cont	low_motion	pearson	within-subject
4	285	0.9379628173308284	0.9256961650762399	0.9487361771022983	session_gap_decile	Cont	low_motion	pearson	within-subject
5	277	0.937764199664122	0.923310693869497	0.9494875826668787	session_gap_decile	Cont	low_motion	pearson	within-subject
0	1481	0.5074273165413349	0.4797782670944846	0.552180204081555	season	Cont	low_motion	pearson	between-subject
1	2105	0.5097046250608164	0.4801629117885885	0.5507410901909312	season	Cont	low_motion	pearson	between-subject
2	1446	0.5055764623937711	0.479972379223705	0.5444302144506857	season	Cont	low_motion	pearson	between-subject
3	1426	0.5089283792467024	0.4824379529117479	0.5454751492130732	season	Cont	low_motion	pearson	between-subject
4	1274	0.5071820929974378	0.4769609491906843	0.5471885441261943	season	Cont	low_motion	pearson	between-subject
5	703	0.5041225180642395	0.47075013597739945	0.5427000201962267	season	Cont	low_motion	pearson	between-subject
0	1615	0.5139552501441529	0.48171529934393437	0.556208537079337	session_gap_decile	Cont	low_motion	pearson	between-subject
1	1338	0.5118264831504976	0.4814125941074945	0.5525225499197638	session_gap_decile	Cont	low_motion	pearson	between-subject
2	1365	0.5069996287446821	0.47908092783228384	0.5440569451955828	session_gap_decile	Cont	low_motion	pearson	between-subject
3	1403	0.5070022822565174	0.48132645119631423	0.5469235833332315	session_gap_decile	Cont	low_motion	pearson	between-subject
4	1384	0.5110410863008474	0.4804009798413631	0.5515102775872177	session_gap_decile	Cont	low_motion	pearson	between-subject
5	1330	0.4976053501449166	0.4714151712935938	0.5286564209748349	session_gap_decile	Cont	low_motion	pearson	between-subject
0	322	0.9463733539007637	0.9337967069474337	0.9602933328747559	season	Cont	high_tsnr	pearson	within-subject
1	491	0.9475850033395472	0.9325141589923586	0.9594633804168268	season	Cont	high_tsnr	pearson	within-subject
2	250	0.948746830935757	0.9349340508596644	0.9576555313733272	season	Cont	high_tsnr	pearson	within-subject
3	236	0.9421531107268664	0.9293813732421454	0.9538452097102215	season	Cont	high_tsnr	pearson	within-subject
4	226	0.930942656648831	0.9171838074003311	0.9440327536581351	season	Cont	high_tsnr	pearson	within-subject
5	105	0.9241127412093293	0.9089865369282677	0.9346383315178524	season	Cont	high_tsnr	pearson	within-subject
0	309	0.948988348134678	0.9354257565862232	0.9612187537806299	session_gap_decile	Cont	high_tsnr	pearson	within-subject
1	248	0.9465245682487426	0.9328823756899015	0.9591334461795897	session_gap_decile	Cont	high_tsnr	pearson	within-subject
2	261	0.9437373717584621	0.9307231529853823	0.9561357891480606	session_gap_decile	Cont	high_tsnr	pearson	within-subject
3	284	0.9426506929616802	0.9268223773388193	0.9558684792526753	session_gap_decile	Cont	high_tsnr	pearson	within-subject
4	265	0.9381055338267645	0.9253468349327368	0.9491985832180679	session_gap_decile	Cont	high_tsnr	pearson	within-subject
5	263	0.9352932695147921	0.9223022684171649	0.9490990870681679	session_gap_decile	Cont	high_tsnr	pearson	within-subject
0	1356	0.5109745754579371	0.4813137532128814	0.5505491246285371	season	Cont	high_tsnr	pearson	between-subject
1	2027	0.5094416304641628	0.4814786919332139	0.5476103041491251	season	Cont	high_tsnr	pearson	between-subject
2	1375	0.5078638971722836	0.48199453709922	0.5403368516790339	season	Cont	high_tsnr	pearson	between-subject
3	1371	0.5053649609487254	0.4791880046563737	0.5410928074592092	season	Cont	high_tsnr	pearson	between-subject
4	1244	0.504608046768688	0.4774718908634282	0.5428117712354099	season	Cont	high_tsnr	pearson	between-subject
5	588	0.503068610591517	0.47589169561828276	0.5389321559638047	season	Cont	high_tsnr	pearson	between-subject
0	1329	0.516066643203769	0.483855153948587	0.5521003768278088	session_gap_decile	Cont	high_tsnr	pearson	between-subject
1	1470	0.5124888301522954	0.4826727795762185	0.5504788387357622	session_gap_decile	Cont	high_tsnr	pearson	between-subject
2	1241	0.5078610923565968	0.48251921903112277	0.5447234640474192	session_gap_decile	Cont	high_tsnr	pearson	between-subject
3	1309	0.5061939672478672	0.4795462088656391	0.5438852958219342	session_gap_decile	Cont	high_tsnr	pearson	between-subject
4	1387	0.5081523833803928	0.4789276308190543	0.5445514495165631	session_gap_decile	Cont	high_tsnr	pearson	between-subject
5	1225	0.4969279345167515	0.4744767126847683	0.5231166905741254	session_gap_decile	Cont	high_tsnr	pearson	between-subject
0	1522	0.9471101632277437	0.9325017300384617	0.9587341259137525	season	Default	all	pearson	within-subject
1	2612	0.9446444617629923	0.9298334792613904	0.9552354547921552	season	Default	all	pearson	within-subject
2	1937	0.9415613432306675	0.9265692930110121	0.951806581058215	season	Default	all	pearson	within-subject
3	1503	0.937037405610816	0.922778159536296	0.948162454421482	season	Default	all	pearson	within-subject
4	1026	0.931463553795303	0.9181334919841776	0.9445806453191338	season	Default	all	pearson	within-subject
5	529	0.9270219237210203	0.9118936266331232	0.937603554648683	season	Default	all	pearson	within-subject
0	1699	0.9485105552950008	0.9347776512520201	0.9594083319515694	session_gap_decile	Default	all	pearson	within-subject
1	1494	0.9457945198626636	0.9309258599288395	0.9557397134678118	session_gap_decile	Default	all	pearson	within-subject
2	1528	0.9410698338891006	0.9259036876200972	0.9519464679542011	session_gap_decile	Default	all	pearson	within-subject
3	1435	0.9385021496116515	0.9240930868976894	0.9490942533201085	session_gap_decile	Default	all	pearson	within-subject
4	1539	0.934811377310632	0.9210242703246607	0.946999520443471	session_gap_decile	Default	all	pearson	within-subject
5	1434	0.9321919282438182	0.9188370127506804	0.9458279042697877	session_gap_decile	Default	all	pearson	within-subject
0	7248	0.5695962587122845	0.5406572961735543	0.6009371748564404	season	Default	all	pearson	between-subject
1	11803	0.5663074668401207	0.5378525523434039	0.6008086686649117	season	Default	all	pearson	between-subject
2	9423	0.5633253202701404	0.5354538585098787	0.5985367948760512	season	Default	all	pearson	between-subject
3	7319	0.5634564046615286	0.5350025991715823	0.5988927953670478	season	Default	all	pearson	between-subject
4	5254	0.5632054690925068	0.5309315659572009	0.5971996386066789	season	Default	all	pearson	between-subject
5	2799	0.5608631136791538	0.5313779243194752	0.5920595578716688	season	Default	all	pearson	between-subject
0	8157	0.5655593868775551	0.5358258525095136	0.6011742510295248	session_gap_decile	Default	all	pearson	between-subject
1	6994	0.5653648780174036	0.5358110663377605	0.6003302135307872	session_gap_decile	Default	all	pearson	between-subject
2	7233	0.5642696026911355	0.5354252979080681	0.5998901834819226	session_gap_decile	Default	all	pearson	between-subject
3	6963	0.5640003247175884	0.5353556473319568	0.5990126467222152	session_gap_decile	Default	all	pearson	between-subject
4	7590	0.564710977828552	0.5354505689082382	0.5993675254266788	session_gap_decile	Default	all	pearson	between-subject
5	6909	0.5658534902830048	0.5392744159661546	0.595050387152453	session_gap_decile	Default	all	pearson	between-subject
0	1098	0.9514029372535348	0.9406006506161237	0.9612383784725065	season	Default	gated	pearson	within-subject
1	1920	0.9489007465623597	0.938153976122652	0.95800336543078	season	Default	gated	pearson	within-subject
2	1487	0.9443795831653851	0.9334680886621368	0.9538320364991697	season	Default	gated	pearson	within-subject
3	1137	0.9401297142334398	0.9290012420288299	0.9504332968548492	season	Default	gated	pearson	within-subject
4	766	0.9349859287777551	0.9239196538869908	0.9464110338968954	season	Default	gated	pearson	within-subject
5	427	0.9290706851362678	0.919201857145209	0.9393000006817736	season	Default	gated	pearson	within-subject
0	1287	0.9519691818173406	0.9420338448914232	0.9614260786919935	session_gap_decile	Default	gated	pearson	within-subject
1	1132	0.949263781946506	0.93833421717342	0.9582029110384311	session_gap_decile	Default	gated	pearson	within-subject
2	1117	0.9451782374739974	0.9339989584676258	0.9549688192961212	session_gap_decile	Default	gated	pearson	within-subject
3	1082	0.9417882761336391	0.9308613040667753	0.9512065888395246	session_gap_decile	Default	gated	pearson	within-subject
4	1093	0.9382095867079275	0.9273533475529611	0.9493779178264773	session_gap_decile	Default	gated	pearson	within-subject
5	1124	0.936570141258684	0.924197275931407	0.9480649727034178	session_gap_decile	Default	gated	pearson	within-subject
0	5411	0.5717330243071119	0.544394575489592	0.6041209760343327	season	Default	gated	pearson	between-subject
1	8830	0.569839794745868	0.5432983096515247	0.6048306156082852	season	Default	gated	pearson	between-subject
2	7206	0.5659384916195811	0.5402956696686396	0.6024838269006789	season	Default	gated	pearson	between-subject
3	5486	0.5674403950983171	0.5407542688491112	0.603332547983593	season	Default	gated	pearson	between-subject
4	3781	0.5685131807179793	0.5400294595700769	0.603190231333224	season	Default	gated	pearson	between-subject
5	2072	0.5646284149882737	0.5381370287846718	0.5955713223198877	season	Default	gated	pearson	between-subject
0	6316	0.5697576430259491	0.5416105945282161	0.6048331446049384	session_gap_decile	Default	gated	pearson	between-subject
1	5279	0.5687524939286804	0.540804345525528	0.6049663055825211	session_gap_decile	Default	gated	pearson	between-subject
2	5365	0.5678352678245717	0.5405322190947394	0.604223603356775	session_gap_decile	Default	gated	pearson	between-subject
3	5232	0.5677661332080914	0.5406291156057825	0.6034294902566034	session_gap_decile	Default	gated	pearson	between-subject
4	5253	0.5677883708131372	0.5414176713934233	0.6034423409903278	session_gap_decile	Default	gated	pearson	between-subject
5	5341	0.5686872226173121	0.5445997940828795	0.5983600172374048	session_gap_decile	Default	gated	pearson	between-subject
0	1098	0.9514029372535348	0.9406006506161237	0.9612383784725065	season	Default	qc_covered	pearson	within-subject
1	1920	0.9489007465623597	0.938153976122652	0.95800336543078	season	Default	qc_covered	pearson	within-subject
2	1487	0.9443795831653851	0.9334680886621368	0.9538320364991697	season	Default	qc_covered	pearson	within-subject
3	1137	0.9401297142334398	0.9290012420288299	0.9504332968548492	season	Default	qc_covered	pearson	within-subject
4	766	0.9349859287777551	0.9239196538869908	0.9464110338968954	season	Default	qc_covered	pearson	within-subject
5	427	0.9290706851362678	0.919201857145209	0.9393000006817736	season	Default	qc_covered	pearson	within-subject
0	1287	0.9519691818173406	0.9420338448914232	0.9614260786919935	session_gap_decile	Default	qc_covered	pearson	within-subject
1	1132	0.949263781946506	0.93833421717342	0.9582029110384311	session_gap_decile	Default	qc_covered	pearson	within-subject
2	1117	0.9451782374739974	0.9339989584676258	0.9549688192961212	session_gap_decile	Default	qc_covered	pearson	within-subject
3	1082	0.9417882761336391	0.9308613040667753	0.9512065888395246	session_gap_decile	Default	qc_covered	pearson	within-subject
4	1093	0.9382095867079275	0.9273533475529611	0.9493779178264773	session_gap_decile	Default	qc_covered	pearson	within-subject
5	1124	0.936570141258684	0.924197275931407	0.9480649727034178	session_gap_decile	Default	qc_covered	pearson	within-subject
0	5411	0.5717330243071119	0.544394575489592	0.6041209760343327	season	Default	qc_covered	pearson	between-subject
1	8830	0.569839794745868	0.5432983096515247	0.6048306156082852	season	Default	qc_covered	pearson	between-subject
2	7206	0.5659384916195811	0.5402956696686396	0.6024838269006789	season	Default	qc_covered	pearson	between-subject
3	5486	0.5674403950983171	0.5407542688491112	0.603332547983593	season	Default	qc_covered	pearson	between-subject
4	3781	0.5685131807179793	0.5400294595700769	0.603190231333224	season	Default	qc_covered	pearson	between-subject
5	2072	0.5646284149882737	0.5381370287846718	0.5955713223198877	season	Default	qc_covered	pearson	between-subject
0	6316	0.5697576430259491	0.5416105945282161	0.6048331446049384	session_gap_decile	Default	qc_covered	pearson	between-subject
1	5279	0.5687524939286804	0.540804345525528	0.6049663055825211	session_gap_decile	Default	qc_covered	pearson	between-subject
2	5365	0.5678352678245717	0.5405322190947394	0.604223603356775	session_gap_decile	Default	qc_covered	pearson	between-subject
3	5232	0.5677661332080914	0.5406291156057825	0.6034294902566034	session_gap_decile	Default	qc_covered	pearson	between-subject
4	5253	0.5677883708131372	0.5414176713934233	0.6034423409903278	session_gap_decile	Default	qc_covered	pearson	between-subject
5	5341	0.5686872226173121	0.5445997940828795	0.5983600172374048	session_gap_decile	Default	qc_covered	pearson	between-subject
0	337	0.9499919346086835	0.9392637152388826	0.9612229428446246	season	Default	low_motion	pearson	within-subject
1	490	0.950772749723217	0.9370321470232621	0.9591021875347344	season	Default	low_motion	pearson	within-subject
2	260	0.9475584379907291	0.9368208438629544	0.9562227051394352	season	Default	low_motion	pearson	within-subject
3	229	0.9434510199236394	0.932471621746997	0.951020763575824	season	Default	low_motion	pearson	within-subject
4	255	0.9335151160111843	0.9247493272193339	0.9434025003450548	season	Default	low_motion	pearson	within-subject
5	147	0.9267131865367532	0.9170312549341971	0.9391542534921113	season	Default	low_motion	pearson	within-subject
0	306	0.9510309440595102	0.941282697873629	0.9622032287868196	session_gap_decile	Default	low_motion	pearson	within-subject
1	311	0.9513206075616921	0.9382035599535309	0.9595472342546947	session_gap_decile	Default	low_motion	pearson	within-subject
2	249	0.9469458951896248	0.9360852239608618	0.956798100222429	session_gap_decile	Default	low_motion	pearson	within-subject
3	290	0.9438979570379511	0.931524870795848	0.9527309174103785	session_gap_decile	Default	low_motion	pearson	within-subject
4	285	0.9368544589191067	0.928101463804976	0.9472915024704692	session_gap_decile	Default	low_motion	pearson	within-subject
5	277	0.9350053421272785	0.922753767042462	0.9462338528495444	session_gap_decile	Default	low_motion	pearson	within-subject
0	1481	0.5752460984994769	0.545071805861175	0.6056216713187066	season	Default	low_motion	pearson	between-subject
1	2105	0.5701949273610681	0.5427809029868333	0.6038483626105725	season	Default	low_motion	pearson	between-subject
2	1446	0.5631060430111765	0.5357540213783725	0.5996039835126001	season	Default	low_motion	pearson	between-subject
3	1426	0.5643532195128264	0.537636600239866	0.5999112331904156	season	Default	low_motion	pearson	between-subject
4	1274	0.5684675578955698	0.5397656285410155	0.6071955547001777	season	Default	low_motion	pearson	between-subject
5	703	0.5677453355183224	0.5408890575016341	0.6040748450837684	season	Default	low_motion	pearson	between-subject
0	1615	0.5721110256478601	0.5435172201636767	0.6045318522449457	session_gap_decile	Default	low_motion	pearson	between-subject
1	1338	0.5693082255556561	0.5401202246267964	0.60292403432648	session_gap_decile	Default	low_motion	pearson	between-subject
2	1365	0.5662504978428158	0.5397411195373643	0.6014266230129013	session_gap_decile	Default	low_motion	pearson	between-subject
3	1403	0.5660142604525706	0.5377704165885719	0.6016811433731568	session_gap_decile	Default	low_motion	pearson	between-subject
4	1384	0.5677257608660249	0.5387194351111986	0.6037417971157513	session_gap_decile	Default	low_motion	pearson	between-subject
5	1330	0.5678832426863536	0.5419535176454915	0.6049054359840931	session_gap_decile	Default	low_motion	pearson	between-subject
0	322	0.9498167464961498	0.9391874005711077	0.9611380809010098	season	Default	high_tsnr	pearson	within-subject
1	491	0.9491466330637333	0.9367902267758457	0.9576534363668876	season	Default	high_tsnr	pearson	within-subject
2	250	0.9489883919950262	0.938542563225818	0.9582264851365181	season	Default	high_tsnr	pearson	within-subject
3	236	0.942188148168166	0.9316718830546445	0.9511432009573305	season	Default	high_tsnr	pearson	within-subject
4	226	0.9308615916581278	0.9208269483068103	0.9418305956141086	season	Default	high_tsnr	pearson	within-subject
5	105	0.9250146561064518	0.9150030795999231	0.9359687024956659	season	Default	high_tsnr	pearson	within-subject
0	309	0.9509030189653094	0.9414375442819372	0.9614402515760457	session_gap_decile	Default	high_tsnr	pearson	within-subject
1	248	0.9504577123802466	0.9380423306651795	0.9579558326903324	session_gap_decile	Default	high_tsnr	pearson	within-subject
2	261	0.9466995032678276	0.9338412932212812	0.9559304825621013	session_gap_decile	Default	high_tsnr	pearson	within-subject
3	284	0.9441157073725308	0.9326553627012889	0.9539080406709993	session_gap_decile	Default	high_tsnr	pearson	within-subject
4	265	0.9368544589191067	0.9258479397564053	0.9499168375773126	session_gap_decile	Default	high_tsnr	pearson	within-subject
5	263	0.9334112252239092	0.9225593697525745	0.944633586498677	session_gap_decile	Default	high_tsnr	pearson	within-subject
0	1356	0.5772519540635368	0.5453742435350524	0.605926094927954	season	Default	high_tsnr	pearson	between-subject
1	2027	0.5690682473732276	0.5409963964027653	0.6045403943246771	season	Default	high_tsnr	pearson	between-subject
2	1375	0.5587177800848708	0.5357468907139371	0.5877785187172513	season	Default	high_tsnr	pearson	between-subject
3	1371	0.5616720048717452	0.5367328461634255	0.5986465994007855	season	Default	high_tsnr	pearson	between-subject
4	1244	0.5682846927172013	0.5407245088174317	0.6087973298449642	season	Default	high_tsnr	pearson	between-subject
5	588	0.5759907632847544	0.5473013356029814	0.6118197538949717	season	Default	high_tsnr	pearson	between-subject
0	1329	0.573453493254855	0.5421215796339595	0.6045385118726313	session_gap_decile	Default	high_tsnr	pearson	between-subject
1	1470	0.5679100472620816	0.5394208979241131	0.6025304903264215	session_gap_decile	Default	high_tsnr	pearson	between-subject
2	1241	0.5660229254566546	0.5396363281842643	0.6023264906515907	session_gap_decile	Default	high_tsnr	pearson	between-subject
3	1309	0.5626835383563367	0.5378772936068535	0.6000569149961309	session_gap_decile	Default	high_tsnr	pearson	between-subject
4	1387	0.5679800558428352	0.5393065867619811	0.6062137256194176	session_gap_decile	Default	high_tsnr	pearson	between-subject
5	1225	0.5683940843436409	0.5458107280954911	0.6046288516931592	session_gap_decile	Default	high_tsnr	pearson	between-subject
0	1522	0.9381412398575985	0.9187626357801338	0.9510875911270251	season	cerebellum	all	pearson	within-subject
1	2612	0.9333733313187652	0.9143254657264561	0.948517986320806	season	cerebellum	all	pearson	within-subject
2	1937	0.9307786102640694	0.9106535850794819	0.9459728606668988	season	cerebellum	all	pearson	within-subject
3	1503	0.9269758720953402	0.899627613811453	0.9427635552652578	season	cerebellum	all	pearson	within-subject
4	1026	0.9194937970834735	0.8948303540180144	0.9359414684279814	season	cerebellum	all	pearson	within-subject
5	529	0.9191736710415196	0.8998465237639646	0.9348133783373312	season	cerebellum	all	pearson	within-subject
0	1699	0.9393343308677091	0.9211555495262462	0.9530958679506123	session_gap_decile	cerebellum	all	pearson	within-subject
1	1494	0.9351349533897158	0.9172238127847416	0.9498359860280765	session_gap_decile	cerebellum	all	pearson	within-subject
2	1528	0.9311806928805054	0.9104219486972005	0.9469563864493424	session_gap_decile	cerebellum	all	pearson	within-subject
3	1435	0.9296345073817339	0.9072169501501505	0.9451493951147518	session_gap_decile	cerebellum	all	pearson	within-subject
4	1539	0.9246647325027432	0.8980370216269048	0.9409176956996211	session_gap_decile	cerebellum	all	pearson	within-subject
5	1434	0.9195232208540578	0.89698386002148	0.9343490861859659	session_gap_decile	cerebellum	all	pearson	within-subject
0	7248	0.7082819555412005	0.6567109437278278	0.7444664116650083	season	cerebellum	all	pearson	between-subject
1	11803	0.7053837331046623	0.6527085339082122	0.7432198782417232	season	cerebellum	all	pearson	between-subject
2	9423	0.70137240697076	0.6482546012489194	0.7405895311830935	season	cerebellum	all	pearson	between-subject
3	7319	0.7011465530206673	0.650323637066999	0.7380326439947484	season	cerebellum	all	pearson	between-subject
4	5254	0.7029573722981164	0.6523530756963366	0.7385765596786389	season	cerebellum	all	pearson	between-subject
5	2799	0.7036790505556495	0.6551218365477318	0.7384290750574356	season	cerebellum	all	pearson	between-subject
0	8157	0.701950471618787	0.64903319062809	0.7387419215614721	session_gap_decile	cerebellum	all	pearson	between-subject
1	6994	0.7018270030138348	0.6489187994514047	0.7385143372379331	session_gap_decile	cerebellum	all	pearson	between-subject
2	7233	0.7019514021210699	0.6496273416822074	0.7395988324696902	session_gap_decile	cerebellum	all	pearson	between-subject
3	6963	0.7028999340868478	0.652327944670144	0.7401252486843752	session_gap_decile	cerebellum	all	pearson	between-subject
4	7590	0.7049189948724734	0.6567285979535957	0.7430973116806427	session_gap_decile	cerebellum	all	pearson	between-subject
5	6909	0.7097826179453119	0.6569885150496898	0.7477202741965115	session_gap_decile	cerebellum	all	pearson	between-subject
0	1098	0.9424767540272521	0.9271722337747862	0.9543562914125143	season	cerebellum	gated	pearson	within-subject
1	1920	0.9382024418665433	0.9223896365069164	0.9514421591455771	season	cerebellum	gated	pearson	within-subject
2	1487	0.9344180007703304	0.917182417527481	0.948631203891774	season	cerebellum	gated	pearson	within-subject
3	1137	0.930743516135937	0.9083288426876386	0.944453692340072	season	cerebellum	gated	pearson	within-subject
4	766	0.9235772622172078	0.9027324653427389	0.9390245810121758	season	cerebellum	gated	pearson	within-subject
5	427	0.9231431876478757	0.9065685669526138	0.9367581590739047	season	cerebellum	gated	pearson	within-subject
0	1287	0.9432152156668131	0.9280817232141285	0.9558399509985159	session_gap_decile	cerebellum	gated	pearson	within-subject
1	1132	0.9393470842898666	0.9233591167925269	0.95180869925043	session_gap_decile	cerebellum	gated	pearson	within-subject
2	1117	0.936622730436601	0.9177595770236897	0.9499465347527984	session_gap_decile	cerebellum	gated	pearson	within-subject
3	1082	0.9341068319795139	0.9150036750774628	0.948144792986745	session_gap_decile	cerebellum	gated	pearson	within-subject
4	1093	0.9278654694726478	0.9042456919077236	0.9429123915296562	session_gap_decile	cerebellum	gated	pearson	within-subject
5	1124	0.924569818962941	0.9065820773088601	0.9372767850303501	session_gap_decile	cerebellum	gated	pearson	within-subject
0	5411	0.7104984914243211	0.6563925914272475	0.7469605845844542	season	cerebellum	gated	pearson	between-subject
1	8830	0.7083516781527335	0.6536030580714485	0.7462921981321717	season	cerebellum	gated	pearson	between-subject
2	7206	0.704383723811888	0.6493681826991549	0.743279746216529	season	cerebellum	gated	pearson	between-subject
3	5486	0.7040586691412261	0.6517678871983151	0.7418876388188057	season	cerebellum	gated	pearson	between-subject
4	3781	0.707075173421921	0.6579909266991409	0.7424711676904057	season	cerebellum	gated	pearson	between-subject
5	2072	0.7083145971862802	0.659358976463329	0.7407456982582077	season	cerebellum	gated	pearson	between-subject
0	6316	0.7038324591209836	0.6489709611449892	0.7414399092511144	session_gap_decile	cerebellum	gated	pearson	between-subject
1	5279	0.7049333825140278	0.6504911657587302	0.7414056232041643	session_gap_decile	cerebellum	gated	pearson	between-subject
2	5365	0.7043520844980041	0.650095423855613	0.7430699600135807	session_gap_decile	cerebellum	gated	pearson	between-subject
3	5232	0.7057228114185063	0.6535315256703399	0.7434590276227745	session_gap_decile	cerebellum	gated	pearson	between-subject
4	5253	0.708648879717194	0.661056102471069	0.745709658843738	session_gap_decile	cerebellum	gated	pearson	between-subject
5	5341	0.7134356454200937	0.6594129404230491	0.751875368803453	session_gap_decile	cerebellum	gated	pearson	between-subject
0	1098	0.9424767540272521	0.9271722337747862	0.9543562914125143	season	cerebellum	qc_covered	pearson	within-subject
1	1920	0.9382024418665433	0.9223896365069164	0.9514421591455771	season	cerebellum	qc_covered	pearson	within-subject
2	1487	0.9344180007703304	0.917182417527481	0.948631203891774	season	cerebellum	qc_covered	pearson	within-subject
3	1137	0.930743516135937	0.9083288426876386	0.944453692340072	season	cerebellum	qc_covered	pearson	within-subject
4	766	0.9235772622172078	0.9027324653427389	0.9390245810121758	season	cerebellum	qc_covered	pearson	within-subject
5	427	0.9231431876478757	0.9065685669526138	0.9367581590739047	season	cerebellum	qc_covered	pearson	within-subject
0	1287	0.9432152156668131	0.9280817232141285	0.9558399509985159	session_gap_decile	cerebellum	qc_covered	pearson	within-subject
1	1132	0.9393470842898666	0.9233591167925269	0.95180869925043	session_gap_decile	cerebellum	qc_covered	pearson	within-subject
2	1117	0.936622730436601	0.9177595770236897	0.9499465347527984	session_gap_decile	cerebellum	qc_covered	pearson	within-subject
3	1082	0.9341068319795139	0.9150036750774628	0.948144792986745	session_gap_decile	cerebellum	qc_covered	pearson	within-subject
4	1093	0.9278654694726478	0.9042456919077236	0.9429123915296562	session_gap_decile	cerebellum	qc_covered	pearson	within-subject
5	1124	0.924569818962941	0.9065820773088601	0.9372767850303501	session_gap_decile	cerebellum	qc_covered	pearson	within-subject
0	5411	0.7104984914243211	0.6563925914272475	0.7469605845844542	season	cerebellum	qc_covered	pearson	between-subject
1	8830	0.7083516781527335	0.6536030580714485	0.7462921981321717	season	cerebellum	qc_covered	pearson	between-subject
2	7206	0.704383723811888	0.6493681826991549	0.743279746216529	season	cerebellum	qc_covered	pearson	between-subject
3	5486	0.7040586691412261	0.6517678871983151	0.7418876388188057	season	cerebellum	qc_covered	pearson	between-subject
4	3781	0.707075173421921	0.6579909266991409	0.7424711676904057	season	cerebellum	qc_covered	pearson	between-subject
5	2072	0.7083145971862802	0.659358976463329	0.7407456982582077	season	cerebellum	qc_covered	pearson	between-subject
0	6316	0.7038324591209836	0.6489709611449892	0.7414399092511144	session_gap_decile	cerebellum	qc_covered	pearson	between-subject
1	5279	0.7049333825140278	0.6504911657587302	0.7414056232041643	session_gap_decile	cerebellum	qc_covered	pearson	between-subject
2	5365	0.7043520844980041	0.650095423855613	0.7430699600135807	session_gap_decile	cerebellum	qc_covered	pearson	between-subject
3	5232	0.7057228114185063	0.6535315256703399	0.7434590276227745	session_gap_decile	cerebellum	qc_covered	pearson	between-subject
4	5253	0.708648879717194	0.661056102471069	0.745709658843738	session_gap_decile	cerebellum	qc_covered	pearson	between-subject
5	5341	0.7134356454200937	0.6594129404230491	0.751875368803453	session_gap_decile	cerebellum	qc_covered	pearson	between-subject
0	337	0.9432498693619652	0.927745483026075	0.9562609162796417	season	cerebellum	low_motion	pearson	within-subject
1	490	0.9408305273583549	0.9243739645971889	0.9525845998543907	season	cerebellum	low_motion	pearson	within-subject
2	260	0.9349881002284353	0.9202832058209158	0.946227363743194	season	cerebellum	low_motion	pearson	within-subject
3	229	0.9334836850496492	0.916485707721119	0.9455595311622366	season	cerebellum	low_motion	pearson	within-subject
4	255	0.9230301651920976	0.9040470136461969	0.93718784527385	season	cerebellum	low_motion	pearson	within-subject
5	147	0.9213167098727403	0.9069917098711383	0.9333818762931192	season	cerebellum	low_motion	pearson	within-subject
0	306	0.9441207482313032	0.9314702735967691	0.9562423276444583	session_gap_decile	cerebellum	low_motion	pearson	within-subject
1	311	0.9408165345518432	0.9239529417092394	0.953326440653449	session_gap_decile	cerebellum	low_motion	pearson	within-subject
2	249	0.9381867432082965	0.9212014101269858	0.9511257895234135	session_gap_decile	cerebellum	low_motion	pearson	within-subject
3	290	0.9352128731122642	0.9167768084536849	0.9478086350518895	session_gap_decile	cerebellum	low_motion	pearson	within-subject
4	285	0.9291847262226989	0.9085004529195558	0.9424081282211961	session_gap_decile	cerebellum	low_motion	pearson	within-subject
5	277	0.9240784101265839	0.9088128957843536	0.9350610107889527	session_gap_decile	cerebellum	low_motion	pearson	within-subject
0	1481	0.7117406242452577	0.6534696365633457	0.7515899437376994	season	cerebellum	low_motion	pearson	between-subject
1	2105	0.709942045636617	0.6462929039400359	0.7498373395125799	season	cerebellum	low_motion	pearson	between-subject
2	1446	0.7050363073664021	0.6539290830783129	0.7438054863286613	season	cerebellum	low_motion	pearson	between-subject
3	1426	0.704756368144493	0.6524037970085299	0.7393915587652673	season	cerebellum	low_motion	pearson	between-subject
4	1274	0.7049013435177516	0.6442265846541163	0.7415037107160818	season	cerebellum	low_motion	pearson	between-subject
5	703	0.7039038351336251	0.6529621374523531	0.7387782535414359	season	cerebellum	low_motion	pearson	between-subject
0	1615	0.709942045636617	0.6498680879175149	0.7496380990218592	session_gap_decile	cerebellum	low_motion	pearson	between-subject
1	1338	0.706669897730102	0.6511779488702872	0.743727047597933	session_gap_decile	cerebellum	low_motion	pearson	between-subject
2	1365	0.7016644864765308	0.6499852965790739	0.7414024439120879	session_gap_decile	cerebellum	low_motion	pearson	between-subject
3	1403	0.7042777048540426	0.6498345622973027	0.7414015060700085	session_gap_decile	cerebellum	low_motion	pearson	between-subject
4	1384	0.7082825339930152	0.6551796130156227	0.7422159587146391	session_gap_decile	cerebellum	low_motion	pearson	between-subject
5	1330	0.7093629659898056	0.6492196966664868	0.7525811880166764	session_gap_decile	cerebellum	low_motion	pearson	between-subject
0	322	0.9432326614890545	0.929712192605024	0.954848543519782	season	cerebellum	high_tsnr	pearson	within-subject
1	491	0.9397763781823434	0.9212380980249272	0.9528481809219174	season	cerebellum	high_tsnr	pearson	within-subject
2	250	0.9387249748503532	0.9250738111732953	0.9503510174327149	season	cerebellum	high_tsnr	pearson	within-subject
3	236	0.9334354843573125	0.9170070658434144	0.9457740883489212	season	cerebellum	high_tsnr	pearson	within-subject
4	226	0.9212635742051338	0.899654759967603	0.933944108930252	season	cerebellum	high_tsnr	pearson	within-subject
5	105	0.9192184468736377	0.9067911390038337	0.9330516323933926	season	cerebellum	high_tsnr	pearson	within-subject
0	309	0.9431116562799805	0.9301004431674003	0.9549798744183562	session_gap_decile	cerebellum	high_tsnr	pearson	within-subject
1	248	0.9403574423633884	0.9203852511896123	0.9530279309619547	session_gap_decile	cerebellum	high_tsnr	pearson	within-subject
2	261	0.9388727405141257	0.9196597271220203	0.9533773850250722	session_gap_decile	cerebellum	high_tsnr	pearson	within-subject
3	284	0.9395248143940137	0.9240616556331744	0.9501146866175334	session_gap_decile	cerebellum	high_tsnr	pearson	within-subject
4	265	0.927456464311387	0.9055977941711276	0.9418808444532971	session_gap_decile	cerebellum	high_tsnr	pearson	within-subject
5	263	0.9243907916716064	0.9089375433828468	0.9353379158223981	session_gap_decile	cerebellum	high_tsnr	pearson	within-subject
0	1356	0.7135322282160668	0.6614276661032931	0.749354811175595	season	cerebellum	high_tsnr	pearson	between-subject
1	2027	0.7116636249097034	0.6580563750252788	0.7483878373644179	season	cerebellum	high_tsnr	pearson	between-subject
2	1375	0.70137240697076	0.6475414340734305	0.7388151982347231	season	cerebellum	high_tsnr	pearson	between-subject
3	1371	0.7013882435954593	0.6525436705887206	0.7359403004277327	season	cerebellum	high_tsnr	pearson	between-subject
4	1244	0.7040612322816795	0.6490234296813802	0.7387739671209526	season	cerebellum	high_tsnr	pearson	between-subject
5	588	0.7043411706854912	0.6550434576184836	0.7368663517259845	season	cerebellum	high_tsnr	pearson	between-subject
0	1329	0.7024623375178692	0.6487257145143238	0.7421519284915692	session_gap_decile	cerebellum	high_tsnr	pearson	between-subject
1	1470	0.7055361570730371	0.6507337348786482	0.7399827209830976	session_gap_decile	cerebellum	high_tsnr	pearson	between-subject
2	1241	0.7041526136984088	0.6561028125013535	0.7441783036851518	session_gap_decile	cerebellum	high_tsnr	pearson	between-subject
3	1309	0.707503608772388	0.6578898659828782	0.7410893857599112	session_gap_decile	cerebellum	high_tsnr	pearson	between-subject
4	1387	0.7062900695586504	0.6569748230835448	0.7406136713583031	session_gap_decile	cerebellum	high_tsnr	pearson	between-subject
5	1225	0.7117472106109457	0.6497341920002291	0.7495524187502329	session_gap_decile	cerebellum	high_tsnr	pearson	between-subject
0	1522	0.897091212663999	0.8707968084248168	0.9195329730282981	season	subcortex	all	pearson	within-subject
1	2612	0.8933185815689795	0.8631842153821889	0.914739007198804	season	subcortex	all	pearson	within-subject
2	1937	0.8882120656866274	0.8583123877999744	0.9115632093172045	season	subcortex	all	pearson	within-subject
3	1503	0.884308977827988	0.8545447379214848	0.9071900522007225	season	subcortex	all	pearson	within-subject
4	1026	0.8774904268226538	0.8440103125444773	0.8987202528130211	season	subcortex	all	pearson	within-subject
5	529	0.876632083291401	0.8412217577941066	0.8993939746251381	season	subcortex	all	pearson	within-subject
0	1699	0.896949138825501	0.8702262016059019	0.9205073575560283	session_gap_decile	subcortex	all	pearson	within-subject
1	1494	0.8948892655422109	0.8628495889392169	0.9154762455953522	session_gap_decile	subcortex	all	pearson	within-subject
2	1528	0.8904347674663403	0.8597090866970467	0.9130371240224151	session_gap_decile	subcortex	all	pearson	within-subject
3	1435	0.8832924702468308	0.8508890758630445	0.9080116088051812	session_gap_decile	subcortex	all	pearson	within-subject
4	1539	0.8846836858263872	0.8554979412934367	0.906383816621149	session_gap_decile	subcortex	all	pearson	within-subject
5	1434	0.8815425968020492	0.8491228375148174	0.9017380331984479	session_gap_decile	subcortex	all	pearson	within-subject
0	7248	0.7454011900463993	0.7001735037924203	0.7791839587432394	season	subcortex	all	pearson	between-subject
1	11803	0.7439078967065135	0.6992472080657701	0.7773329363323019	season	subcortex	all	pearson	between-subject
2	9423	0.741726934953021	0.6969400267855757	0.7772273332222078	season	subcortex	all	pearson	between-subject
3	7319	0.741525695648007	0.6939611908976251	0.7767211727648278	season	subcortex	all	pearson	between-subject
4	5254	0.7378756626152181	0.6918365026876199	0.7735794106139491	season	subcortex	all	pearson	between-subject
5	2799	0.7381379878922294	0.6945533684883537	0.7740299234192671	season	subcortex	all	pearson	between-subject
0	8157	0.7408711727581502	0.6973703160771361	0.7744701163355692	session_gap_decile	subcortex	all	pearson	between-subject
1	6994	0.7402545401616465	0.696442951721561	0.775217564602606	session_gap_decile	subcortex	all	pearson	between-subject
2	7233	0.7397550768761707	0.6976847356661571	0.7751087519763719	session_gap_decile	subcortex	all	pearson	between-subject
3	6963	0.7422529485055696	0.6976107880890214	0.7763804145212758	session_gap_decile	subcortex	all	pearson	between-subject
4	7590	0.7433692125982406	0.6967115926584764	0.7779403978215247	session_gap_decile	subcortex	all	pearson	between-subject
5	6909	0.746501856013731	0.6952946093425291	0.7822573940170923	session_gap_decile	subcortex	all	pearson	between-subject
0	1098	0.9053955270890766	0.8785131368221275	0.9242874278094739	season	subcortex	gated	pearson	within-subject
1	1920	0.9006652108942235	0.8733185335833193	0.9198719483713681	season	subcortex	gated	pearson	within-subject
2	1487	0.8940063203340499	0.8662863596311292	0.9149818171615053	season	subcortex	gated	pearson	within-subject
3	1137	0.8897506316400563	0.8628947195924876	0.9112045966771761	season	subcortex	gated	pearson	within-subject
4	766	0.883869853492788	0.8513694939436025	0.9035533320597035	season	subcortex	gated	pearson	within-subject
5	427	0.8802064685321244	0.8461912769603448	0.9023153746894579	season	subcortex	gated	pearson	within-subject
0	1287	0.9051505535596516	0.8778589012519782	0.9252930090901805	session_gap_decile	subcortex	gated	pearson	within-subject
1	1132	0.9019935663224496	0.8694443657238877	0.9197845205230255	session_gap_decile	subcortex	gated	pearson	within-subject
2	1117	0.8968234426445786	0.8690828664449279	0.9179507880539068	session_gap_decile	subcortex	gated	pearson	within-subject
3	1082	0.8887749880955811	0.8584373272368576	0.9125356500381846	session_gap_decile	subcortex	gated	pearson	within-subject
4	1093	0.8883409056113561	0.8620008935756825	0.9092662206734538	session_gap_decile	subcortex	gated	pearson	within-subject
5	1124	0.8886030850111768	0.8612194649052203	0.9068401534593677	session_gap_decile	subcortex	gated	pearson	within-subject
0	5411	0.7504856994132477	0.7049136826240054	0.7843080499980952	season	subcortex	gated	pearson	between-subject
1	8830	0.7496629970238143	0.7053337843582641	0.7828489879218515	season	subcortex	gated	pearson	between-subject
2	7206	0.7478078185019145	0.702417043358199	0.782085487281819	season	subcortex	gated	pearson	between-subject
3	5486	0.7484727440753145	0.7011067054026365	0.781470144660189	season	subcortex	gated	pearson	between-subject
4	3781	0.7458104079860148	0.701281328184025	0.7806628393672855	season	subcortex	gated	pearson	between-subject
5	2072	0.7443074493259583	0.6977658100286712	0.780807656051021	season	subcortex	gated	pearson	between-subject
0	6316	0.7466393150204367	0.7030519579688699	0.7800752427697697	session_gap_decile	subcortex	gated	pearson	between-subject
1	5279	0.7458329546992682	0.7018327754963675	0.7798274767560247	session_gap_decile	subcortex	gated	pearson	between-subject
2	5365	0.7457033194813019	0.7036675021539136	0.7803423262990875	session_gap_decile	subcortex	gated	pearson	between-subject
3	5232	0.7483458696887624	0.7030441909267341	0.781599757468793	session_gap_decile	subcortex	gated	pearson	between-subject
4	5253	0.7506001412540367	0.7041851104187591	0.7834523920332104	session_gap_decile	subcortex	gated	pearson	between-subject
5	5341	0.7539352991083811	0.7003106138487558	0.7879245596988513	session_gap_decile	subcortex	gated	pearson	between-subject
0	1098	0.9053955270890766	0.8785131368221275	0.9242874278094739	season	subcortex	qc_covered	pearson	within-subject
1	1920	0.9006652108942235	0.8733185335833193	0.9198719483713681	season	subcortex	qc_covered	pearson	within-subject
2	1487	0.8940063203340499	0.8662863596311292	0.9149818171615053	season	subcortex	qc_covered	pearson	within-subject
3	1137	0.8897506316400563	0.8628947195924876	0.9112045966771761	season	subcortex	qc_covered	pearson	within-subject
4	766	0.883869853492788	0.8513694939436025	0.9035533320597035	season	subcortex	qc_covered	pearson	within-subject
5	427	0.8802064685321244	0.8461912769603448	0.9023153746894579	season	subcortex	qc_covered	pearson	within-subject
0	1287	0.9051505535596516	0.8778589012519782	0.9252930090901805	session_gap_decile	subcortex	qc_covered	pearson	within-subject
1	1132	0.9019935663224496	0.8694443657238877	0.9197845205230255	session_gap_decile	subcortex	qc_covered	pearson	within-subject
2	1117	0.8968234426445786	0.8690828664449279	0.9179507880539068	session_gap_decile	subcortex	qc_covered	pearson	within-subject
3	1082	0.8887749880955811	0.8584373272368576	0.9125356500381846	session_gap_decile	subcortex	qc_covered	pearson	within-subject
4	1093	0.8883409056113561	0.8620008935756825	0.9092662206734538	session_gap_decile	subcortex	qc_covered	pearson	within-subject
5	1124	0.8886030850111768	0.8612194649052203	0.9068401534593677	session_gap_decile	subcortex	qc_covered	pearson	within-subject
0	5411	0.7504856994132477	0.7049136826240054	0.7843080499980952	season	subcortex	qc_covered	pearson	between-subject
1	8830	0.7496629970238143	0.7053337843582641	0.7828489879218515	season	subcortex	qc_covered	pearson	between-subject
2	7206	0.7478078185019145	0.702417043358199	0.782085487281819	season	subcortex	qc_covered	pearson	between-subject
3	5486	0.7484727440753145	0.7011067054026365	0.781470144660189	season	subcortex	qc_covered	pearson	between-subject
4	3781	0.7458104079860148	0.701281328184025	0.7806628393672855	season	subcortex	qc_covered	pearson	between-subject
5	2072	0.7443074493259583	0.6977658100286712	0.780807656051021	season	subcortex	qc_covered	pearson	between-subject
0	6316	0.7466393150204367	0.7030519579688699	0.7800752427697697	session_gap_decile	subcortex	qc_covered	pearson	between-subject
1	5279	0.7458329546992682	0.7018327754963675	0.7798274767560247	session_gap_decile	subcortex	qc_covered	pearson	between-subject
2	5365	0.7457033194813019	0.7036675021539136	0.7803423262990875	session_gap_decile	subcortex	qc_covered	pearson	between-subject
3	5232	0.7483458696887624	0.7030441909267341	0.781599757468793	session_gap_decile	subcortex	qc_covered	pearson	between-subject
4	5253	0.7506001412540367	0.7041851104187591	0.7834523920332104	session_gap_decile	subcortex	qc_covered	pearson	between-subject
5	5341	0.7539352991083811	0.7003106138487558	0.7879245596988513	session_gap_decile	subcortex	qc_covered	pearson	between-subject
0	337	0.898810134788452	0.8675360902619671	0.9186889106524273	season	subcortex	low_motion	pearson	within-subject
1	490	0.8970297066661701	0.8724227324000019	0.9163092012623696	season	subcortex	low_motion	pearson	within-subject
2	260	0.8982157945170113	0.8755233893600692	0.9134822211673659	season	subcortex	low_motion	pearson	within-subject
3	229	0.8949249680332441	0.8739834416679066	0.9109951608347198	season	subcortex	low_motion	pearson	within-subject
4	255	0.8773015282393747	0.8370027219050258	0.8979430464165905	season	subcortex	low_motion	pearson	within-subject
5	147	0.8709204761068031	0.8334897771109603	0.8944943457622461	season	subcortex	low_motion	pearson	within-subject
0	306	0.8998487933699263	0.8701220593562174	0.9214767530174326	session_gap_decile	subcortex	low_motion	pearson	within-subject
1	311	0.894484479906679	0.8669389960429366	0.9149651030086713	session_gap_decile	subcortex	low_motion	pearson	within-subject
2	249	0.8985846805758889	0.8765229381956209	0.9163341527873274	session_gap_decile	subcortex	low_motion	pearson	within-subject
3	290	0.8958157795121173	0.8709730348061906	0.9132664817479874	session_gap_decile	subcortex	low_motion	pearson	within-subject
4	285	0.888415361005992	0.8472476362594968	0.9053723925764938	session_gap_decile	subcortex	low_motion	pearson	within-subject
5	277	0.876641392095911	0.8428424097095393	0.8975144610292636	session_gap_decile	subcortex	low_motion	pearson	within-subject
0	1481	0.7499550796794984	0.7015288469250183	0.7849302134493364	season	subcortex	low_motion	pearson	between-subject
1	2105	0.7570075957256565	0.7085463023387258	0.7899792679509726	season	subcortex	low_motion	pearson	between-subject
2	1446	0.7526215151229174	0.7118751115479507	0.7867582779613221	season	subcortex	low_motion	pearson	between-subject
3	1426	0.7488742419170031	0.7051152355065861	0.7807099086169945	season	subcortex	low_motion	pearson	between-subject
4	1274	0.7431334126302886	0.6961586584490305	0.7762632294744338	season	subcortex	low_motion	pearson	between-subject
5	703	0.7366790387527595	0.6920603249878678	0.7683434756664779	season	subcortex	low_motion	pearson	between-subject
0	1615	0.7537175166502044	0.7073799276225152	0.7849213280717866	session_gap_decile	subcortex	low_motion	pearson	between-subject
1	1338	0.7534540912456005	0.7080918305102012	0.7865583817799497	session_gap_decile	subcortex	low_motion	pearson	between-subject
2	1365	0.7496545541417609	0.7084690528054598	0.7838539895836079	session_gap_decile	subcortex	low_motion	pearson	between-subject
3	1403	0.7501755098131552	0.7066147219372041	0.7839994272389031	session_gap_decile	subcortex	low_motion	pearson	between-subject
4	1384	0.7490019433617388	0.7070599335541665	0.7801855592580966	session_gap_decile	subcortex	low_motion	pearson	between-subject
5	1330	0.7395905461414144	0.6881823354637948	0.7799810532594912	session_gap_decile	subcortex	low_motion	pearson	between-subject
0	322	0.9052781223612125	0.8782480649525836	0.9224125487573474	season	subcortex	high_tsnr	pearson	within-subject
1	491	0.8994546568751669	0.8744639170601414	0.9181653656376109	season	subcortex	high_tsnr	pearson	within-subject
2	250	0.8946803451192682	0.8651262022582531	0.9131969605499697	season	subcortex	high_tsnr	pearson	within-subject
3	236	0.8927096560617711	0.8670990666981604	0.9118699074048879	season	subcortex	high_tsnr	pearson	within-subject
4	226	0.8832173832145249	0.8472890227625052	0.9042932686089724	season	subcortex	high_tsnr	pearson	within-subject
5	105	0.8697083944868561	0.8319015253963098	0.8888125099877775	season	subcortex	high_tsnr	pearson	within-subject
0	309	0.9049258547831921	0.8811936403863951	0.9242979304619764	session_gap_decile	subcortex	high_tsnr	pearson	within-subject
1	248	0.899767501165218	0.8724140669102667	0.9176371727517967	session_gap_decile	subcortex	high_tsnr	pearson	within-subject
2	261	0.8963746370984796	0.8706376843922446	0.9143429178150293	session_gap_decile	subcortex	high_tsnr	pearson	within-subject
3	284	0.8899181990055983	0.8641640548425509	0.913985752846105	session_gap_decile	subcortex	high_tsnr	pearson	within-subject
4	265	0.8879218067811706	0.8556781698665857	0.911197686732215	session_gap_decile	subcortex	high_tsnr	pearson	within-subject
5	263	0.8855672856867837	0.8517998277748394	0.9055867097439403	session_gap_decile	subcortex	high_tsnr	pearson	within-subject
0	1356	0.7537620682902748	0.7083712098170194	0.7857658042429614	season	subcortex	high_tsnr	pearson	between-subject
1	2027	0.7525221588961566	0.7096219144166684	0.7856994510751023	season	subcortex	high_tsnr	pearson	between-subject
2	1375	0.7467619321896937	0.7071092328396995	0.7810836959226959	season	subcortex	high_tsnr	pearson	between-subject
3	1371	0.7484580439858911	0.7058212207331498	0.7796839831736442	season	subcortex	high_tsnr	pearson	between-subject
4	1244	0.7434651240154369	0.6984399583311901	0.77461699911085	season	subcortex	high_tsnr	pearson	between-subject
5	588	0.7391014039959425	0.6974559435716665	0.7681418250648273	season	subcortex	high_tsnr	pearson	between-subject
0	1329	0.7506490739608436	0.7074245259005074	0.7822600437446736	session_gap_decile	subcortex	high_tsnr	pearson	between-subject
1	1470	0.7489615527695515	0.70651436227368	0.7832566316788125	session_gap_decile	subcortex	high_tsnr	pearson	between-subject
2	1241	0.7500300167543569	0.7134349590204467	0.7842145055489185	session_gap_decile	subcortex	high_tsnr	pearson	between-subject
3	1309	0.7526900334136207	0.7122659316454159	0.7823829442031007	session_gap_decile	subcortex	high_tsnr	pearson	between-subject
4	1387	0.7479411606775874	0.7050542669501911	0.778232559163722	session_gap_decile	subcortex	high_tsnr	pearson	between-subject
5	1225	0.7373300831702809	0.6874353210719774	0.7755348817389653	session_gap_decile	subcortex	high_tsnr	pearson	between-subject
